ID,SrcIP,DstIP,SrcPort,DstPort,IPVersion,Protocol,PS,IPI,FlowSizeBytes,FlowSizePackets,FS,FS(PKT),NumFrames,IFI
1,13.104.107.214,200.18.102.23,1033,59753,IP,UDP,1028.9985305757716,0.001734058761219065960519980741,534308516,519251,3695.9486739620656,3.591791984283995,144566,0.006228409447397364507315048594
2,199.46.35.122,200.18.102.23,443,44487,IP,TCP,93.84615384615384,9.952614383933333333333333333,8540,91,1708.0,18.2,5,203.92889709825
3,200.18.102.23,13.104.107.214,59753,1033,IP,UDP,135.2582158489106,0.01088665885005743304516051025,11186666,82706,180.93203726466973,1.3376787216148023,61828,0.01456291135254823944231484626
4,200.18.102.23,199.46.35.122,44487,443,IP,TCP,54.0,9.952601316611111111111111111,4914,91,4914.0,91.0,1,0
5,200.18.102.25,224.0.1.129,319,319,IP,UDP,86.0,1.000137047483870967741935484,77400,900,77400.0,900.0,1,0
6,200.18.102.25,224.0.1.129,320,320,IP,UDP,93.98296727924698,0.4034271040098654708520179372,209676,2231,109.54858934169279,1.165621734587252,1914,0.4702783282498693152117093570
7,200.18.102.22,200.18.102.23,22,44492,IP,TCP,98.00473933649289,0.5328435719875518672199170124,165432,1688,55144.0,562.6666666666666,3,394.319282848
8,200.18.102.27,224.0.1.129,319,319,IP,UDP,86.0,1.021082287922727272727272727,75766,881,75766.0,881.0,1,0
9,200.18.102.23,51.116.246.104,44625,443,IP,TCP,1250.1287128712872,0.1201470874,126263,101,5739.227272727273,4.590909090909091,22,0.1109515532857142857142857143
10,51.116.246.104,200.18.102.23,443,44625,IP,TCP,174.0,0.1935305361967213114754098361,10788,62,634.5882352941177,3.6470588235294117,17,0.73783516925
11,20.83.119.107,200.18.102.23,443,44488,IP,TCP,216.83333333333334,30.55709046882758620689655172,6505,30,216.83333333333334,1.0,30,30.55709046882758620689655172
12,200.18.102.23,20.83.119.107,44488,443,IP,TCP,54.46666666666667,30.54884499441379310344827586,1634,30,58.357142857142854,1.0714285714285714,28,32.81172240140740740740740741
13,200.18.102.67,200.18.102.1,68,67,IP,UDP,342.0,63.98572597215384615384615385,4788,14,4788.0,14.0,1,0
14,200.18.102.1,200.18.102.67,67,68,IP,UDP,342.0,63.98570281684615384615384615,4788,14,4788.0,14.0,1,0
15,2801:b0:b0:116:603c:97ab:cfb1:19,2800:3f0:4003:c01::bc,44521,5228,IPv6,TCP,76.14285714285714,42.73424587925,1599,21,399.75,5.25,4,149.6938270133333333333333333
16,2800:3f0:4003:c01::bc,2801:b0:b0:116:603c:97ab:cfb1:19,5228,44521,IPv6,TCP,86.0952380952381,42.7341080505,1808,21,602.6666666666666,7.0,3,224.539843410
17,2801:b0:b0:116:603c:97ab:cfb1:19,2800:3f0:4001:831::2003,53659,443,IPv6,UDP,299.8888888888889,0.0201819455,2699,9,337.375,1.125,8,0.02306508057142857142857142857
18,2800:3f0:4001:831::2003,2801:b0:b0:116:603c:97ab:cfb1:19,443,53659,IPv6,UDP,478.7,0.01139638777777777777777777778,4787,10,531.8888888888889,1.1111111111111112,9,0.01282093625
19,200.18.102.23,200.18.102.1,59005,53,IP,UDP,89.0,0,89,1,89.0,1.0,1,0
20,200.18.102.23,200.18.102.1,51182,53,IP,UDP,89.0,0,89,1,89.0,1.0,1,0
21,200.18.102.1,200.18.102.23,53,59005,IP,UDP,229.0,0,229,1,229.0,1.0,1,0
22,200.18.102.1,200.18.102.23,53,51182,IP,UDP,293.0,0,293,1,293.0,1.0,1,0
23,200.18.102.23,52.182.143.208,44626,443,IP,TCP,469.60869565217394,0.06281518013636363636363636364,10801,23,720.0666666666667,1.5333333333333334,15,0.08188557835714285714285714286
24,52.182.143.208,200.18.102.23,443,44626,IP,TCP,393.6,0.08748705314285714285714285714,5904,15,536.7272727272727,1.3636363636363635,11,0.1224818744
25,200.18.102.23,200.18.102.1,59162,53,IP,UDP,93.0,0,93,1,93.0,1.0,1,0
26,200.18.102.23,200.18.102.1,61041,53,IP,UDP,93.0,0,93,1,93.0,1.0,1,0
27,200.18.102.23,200.18.102.1,50323,53,IP,UDP,93.0,0,93,1,93.0,1.0,1,0
28,200.18.102.1,200.18.102.23,53,50323,IP,UDP,277.0,0,277,1,277.0,1.0,1,0
29,200.18.102.1,200.18.102.23,53,61041,IP,UDP,214.0,0,214,1,214.0,1.0,1,0
30,200.18.102.1,200.18.102.23,53,59162,IP,UDP,281.0,0,281,1,281.0,1.0,1,0
31,200.18.102.23,20.189.173.8,44627,443,IP,TCP,1306.7157894736843,0.1097878285106382978723404255,124138,95,10344.833333333334,7.916666666666667,12,0.1117756842727272727272727273
32,20.189.173.8,200.18.102.23,443,44627,IP,TCP,181.66666666666666,0.180965504125,10355,57,739.6428571428571,4.071428571428571,14,0.7795437100769230769230769231
33,200.18.102.23,4.151.113.44,44628,443,IP,TCP,232.85714285714286,0.7599811876923076923076923077,3260,14,362.22222222222223,1.5555555555555556,9,0.056956725625
34,4.151.113.44,200.18.102.23,443,44628,IP,TCP,470.8333333333333,0.8850415386363636363636363636,5650,12,627.7777777777778,1.3333333333333333,9,0.06058857675
35,200.18.102.23,239.255.255.250,64458,1900,IP,UDP,216.0,1.002002226,864,4,864.0,4.0,1,0
36,200.18.102.28,239.255.255.250,57384,1900,IP,UDP,217.0,1.014633810666666666666666667,868,4,868.0,4.0,1,0
37,200.18.102.28,239.255.255.250,57385,1900,IP,UDP,216.0,1.014645225333333333333333333,864,4,864.0,4.0,1,0
38,200.18.102.23,20.189.173.8,44629,443,IP,TCP,1292.25,0.09924609775789473684210526316,124056,96,8270.4,6.4,15,0.1279480189285714285714285714
39,20.189.173.8,200.18.102.23,443,44629,IP,TCP,175.36666666666667,0.1566191716949152542372881356,10522,60,751.5714285714286,4.285714285714286,14,0.7108100869230769230769230769
40,200.18.102.17,239.255.255.250,49882,1900,IP,UDP,216.0,1.011190936,864,4,864.0,4.0,1,0
41,200.18.102.17,239.255.255.250,49883,1900,IP,UDP,217.0,1.010609248,868,4,868.0,4.0,1,0
42,200.18.102.23,200.18.102.1,65101,53,IP,UDP,75.0,0,75,1,75.0,1.0,1,0
43,200.18.102.23,200.18.102.1,58576,53,IP,UDP,75.0,0,75,1,75.0,1.0,1,0
44,200.18.102.23,200.18.102.1,53407,53,IP,UDP,75.0,0,75,1,75.0,1.0,1,0
45,200.18.102.1,200.18.102.23,53,65101,IP,UDP,103.0,0,103,1,103.0,1.0,1,0
46,200.18.102.1,200.18.102.23,53,58576,IP,UDP,91.0,0,91,1,91.0,1.0,1,0
47,2801:b0:b0:116:603c:97ab:cfb1:19,2800:3f0:4001:801::200e,53210,443,IPv6,UDP,482.27777777777777,0.01781368411764705882352941176,8681,18,578.7333333333333,1.2,15,0.02163090214285714285714285714
48,200.18.102.1,200.18.102.23,53,53407,IP,UDP,125.0,0,125,1,125.0,1.0,1,0
49,2800:3f0:4001:801::200e,2801:b0:b0:116:603c:97ab:cfb1:19,443,53210,IPv6,UDP,538.5238095238095,0.0149944527,11309,21,665.2352941176471,1.2352941176470589,17,0.018743065875
50,2801:b0:b0:116:603c:97ab:cfb1:19,2800:3f0:4001:801::200e,44630,443,IPv6,TCP,134.3,0.1896041236666666666666666667,1343,10,268.6,2.0,5,0.03302146925
51,2800:3f0:4001:801::200e,2801:b0:b0:116:603c:97ab:cfb1:19,443,44630,IPv6,TCP,867.9,0.1885102871111111111111111111,8679,10,1446.5,1.6666666666666667,6,0.3393185168
52,200.18.102.23,200.18.102.1,63830,53,IP,UDP,96.0,0,96,1,96.0,1.0,1,0
53,200.18.102.23,200.18.102.1,58131,53,IP,UDP,96.0,0,96,1,96.0,1.0,1,0
54,200.18.102.23,200.18.102.1,60801,53,IP,UDP,96.0,0,96,1,96.0,1.0,1,0
55,200.18.102.1,200.18.102.23,53,58131,IP,UDP,205.0,0,205,1,205.0,1.0,1,0
56,200.18.102.1,200.18.102.23,53,63830,IP,UDP,277.0,0,277,1,277.0,1.0,1,0
57,200.18.102.1,200.18.102.23,53,60801,IP,UDP,277.0,0,277,1,277.0,1.0,1,0
58,200.18.102.23,4.151.113.44,44631,443,IP,TCP,257.3333333333333,0.8966467788181818181818181818,3088,12,343.1111111111111,1.3333333333333333,9,0.059245136875
59,4.151.113.44,200.18.102.23,443,44631,IP,TCP,439.2307692307692,0.809658420,5710,13,571.0,1.3,10,0.05613586855555555555555555556
60,200.18.102.23,200.18.102.1,57300,53,IP,UDP,93.0,0,93,1,93.0,1.0,1,0
61,200.18.102.23,200.18.102.1,63025,53,IP,UDP,93.0,0,93,1,93.0,1.0,1,0
62,200.18.102.23,200.18.102.1,61677,53,IP,UDP,93.0,0,93,1,93.0,1.0,1,0
63,200.18.102.1,200.18.102.23,53,63025,IP,UDP,214.0,0,214,1,214.0,1.0,1,0
64,200.18.102.1,200.18.102.23,53,61677,IP,UDP,278.0,0,278,1,278.0,1.0,1,0
65,200.18.102.1,200.18.102.23,53,57300,IP,UDP,284.0,0,284,1,284.0,1.0,1,0
66,200.18.102.23,52.168.117.169,44632,443,IP,TCP,1278.0103092783504,0.08572311661458333333333333333,123967,97,8854.785714285714,6.928571428571429,14,0.07319192107692307692307692308
67,52.168.117.169,200.18.102.23,443,44632,IP,TCP,193.5,0.1587748804117647058823529412,10062,52,774.0,4.0,13,0.67479324175
68,200.18.102.23,200.18.102.1,54501,53,IP,UDP,89.0,0,89,1,89.0,1.0,1,0
69,200.18.102.23,200.18.102.1,60449,53,IP,UDP,89.0,0,89,1,89.0,1.0,1,0
70,200.18.102.23,200.18.102.1,65359,53,IP,UDP,89.0,0,89,1,89.0,1.0,1,0
71,200.18.102.1,200.18.102.23,53,54501,IP,UDP,117.0,0,117,1,117.0,1.0,1,0
72,200.18.102.1,200.18.102.23,53,60449,IP,UDP,105.0,0,105,1,105.0,1.0,1,0
73,2801:b0:b0:116:603c:97ab:cfb1:19,2800:3f0:4001:810::2003,51189,443,IPv6,UDP,361.3076923076923,0.01993640466666666666666666667,4697,13,469.7,1.3,10,0.02658187288888888888888888889
74,2800:3f0:4001:810::2003,2801:b0:b0:116:603c:97ab:cfb1:19,443,51189,IPv6,UDP,604.6,0.01683188257142857142857142857,9069,15,755.75,1.25,12,0.021422396
75,200.18.102.1,200.18.102.23,53,65359,IP,UDP,149.0,0,149,1,149.0,1.0,1,0
76,2801:b0:b0:116:603c:97ab:cfb1:19,2800:3f0:4001:810::2003,44633,443,IPv6,TCP,141.0,1.591481313625,1269,9,253.8,1.8,5,0.03507589775
77,2800:3f0:4001:810::2003,2801:b0:b0:116:603c:97ab:cfb1:19,443,44633,IPv6,TCP,724.8888888888889,1.589344112125,6524,9,1087.3333333333333,1.5,6,2.5429505794
78,200.18.102.23,200.18.102.1,55081,53,IP,UDP,75.0,0,75,1,75.0,1.0,1,0
79,200.18.102.1,200.18.102.23,53,55081,IP,UDP,103.0,0,103,1,103.0,1.0,1,0
80,200.18.102.23,200.18.102.1,58022,53,IP,UDP,75.0,0,75,1,75.0,1.0,1,0
81,200.18.102.23,200.18.102.1,58241,53,IP,UDP,75.0,0,75,1,75.0,1.0,1,0
82,200.18.102.1,200.18.102.23,53,58022,IP,UDP,91.0,0,91,1,91.0,1.0,1,0
83,2801:b0:b0:116:603c:97ab:cfb1:19,2800:3f0:4001:819::200e,55767,443,IPv6,UDP,555.75,0.03064284863636363636363636364,6669,12,606.2727272727273,1.0909090909090908,11,0.0337071335
84,200.18.102.1,200.18.102.23,53,58241,IP,UDP,125.0,0,125,1,125.0,1.0,1,0
85,2800:3f0:4001:819::200e,2801:b0:b0:116:603c:97ab:cfb1:19,443,55767,IPv6,UDP,421.0,0.025777987,5052,12,459.27272727272725,1.0909090909090908,11,0.0283557857
86,157.240.12.32,200.18.102.40,443,52898,IP,TCP,112.18181818181819,16.4695246309,1234,11,411.3333333333333,3.6666666666666665,3,82.3476231545
87,200.18.102.23,52.168.117.169,44634,443,IP,TCP,312.1875,0.2780446738,4995,16,416.25,1.3333333333333333,12,0.06647509963636363636363636364
88,52.168.117.169,200.18.102.23,443,44634,IP,TCP,590.3076923076923,0.3364428306666666666666666667,7674,13,639.5,1.0833333333333333,12,0.05551259772727272727272727273
89,200.18.102.23,52.168.117.169,44635,443,IP,TCP,1299.4,0.1430337111170212765957446809,123443,95,9495.615384615385,7.3076923076923075,13,0.07563977408333333333333333333
90,52.168.117.169,200.18.102.23,443,44635,IP,TCP,183.96428571428572,0.2420460658181818181818181818,10302,56,792.4615384615385,4.3076923076923075,13,1.109377801666666666666666667
91,200.18.102.22,201.49.148.135,45055,123,IP,UDP,90.0,0,90,1,90.0,1.0,1,0
92,201.49.148.135,200.18.102.22,123,45055,IP,UDP,90.0,0,90,1,90.0,1.0,1,0
93,200.18.102.23,200.18.102.1,50073,53,IP,UDP,89.0,0,89,1,89.0,1.0,1,0
94,200.18.102.23,200.18.102.1,58798,53,IP,UDP,89.0,0,89,1,89.0,1.0,1,0
95,200.18.102.1,200.18.102.23,53,50073,IP,UDP,117.0,0,117,1,117.0,1.0,1,0
96,200.18.102.23,200.18.102.1,61538,53,IP,UDP,89.0,0,89,1,89.0,1.0,1,0
97,200.18.102.1,200.18.102.23,53,58798,IP,UDP,105.0,0,105,1,105.0,1.0,1,0
98,2801:b0:b0:116:603c:97ab:cfb1:19,2800:3f0:4001:819::200a,58984,443,IPv6,UDP,390.9375,0.0330607742,6255,16,481.15384615384613,1.2307692307692308,13,0.04132596775
99,2800:3f0:4001:819::200a,2801:b0:b0:116:603c:97ab:cfb1:19,443,58984,IPv6,UDP,710.5,0.03246029266666666666666666667,11368,16,874.4615384615385,1.2307692307692308,13,0.04057536583333333333333333333
100,200.18.102.1,200.18.102.23,53,61538,IP,UDP,149.0,0,149,1,149.0,1.0,1,0
101,2801:b0:b0:116:603c:97ab:cfb1:19,2800:3f0:4001:819::200a,44636,443,IPv6,TCP,151.66666666666666,0.35301009275,1365,9,273.0,1.8,5,0.03752496725
102,2800:3f0:4001:819::200a,2801:b0:b0:116:603c:97ab:cfb1:19,443,44636,IPv6,TCP,919.6923076923077,0.2345137794166666666666666667,11956,13,1708.0,1.8571428571428572,7,0.4690275588333333333333333333
103,200.18.102.23,52.168.117.169,44638,443,IP,TCP,308.29411764705884,0.3040018545,5241,17,436.75,1.4166666666666667,12,0.07673371554545454545454545455
104,52.168.117.169,200.18.102.23,443,44638,IP,TCP,551.5714285714286,0.3641243743076923076923076923,7722,14,772.2,1.4,10,0.5259574295555555555555555556
105,200.18.102.23,200.18.102.1,54498,53,IP,UDP,97.0,0,97,1,97.0,1.0,1,0
106,200.18.102.23,200.18.102.1,52794,53,IP,UDP,97.0,0,97,1,97.0,1.0,1,0
107,200.18.102.1,200.18.102.23,53,52794,IP,UDP,182.0,0,182,1,182.0,1.0,1,0
108,200.18.102.1,200.18.102.23,53,54498,IP,UDP,113.0,0,113,1,113.0,1.0,1,0
109,200.18.102.23,200.133.233.83,54498,53,IP,UDP,97.0,0,97,1,97.0,1.0,1,0
110,200.18.102.23,34.196.233.7,44639,443,IP,TCP,269.23221757322176,0.3783475104046121593291404612,128693,478,271.5042194092827,1.0084388185654007,474,0.3809340287632135306553911205
111,200.133.233.83,200.18.102.23,53,54498,IP,UDP,113.0,0,113,1,113.0,1.0,1,0
112,34.196.233.7,200.18.102.23,443,44639,IP,TCP,215.1492957746479,0.5093798031129943502824858757,76378,355,218.84813753581662,1.0171919770773639,349,0.5181622135114942528735632184
113,2801:b0:b0:116:603c:97ab:cfb1:19,2800:3f0:4001:819::200e,63641,443,IPv6,UDP,531.6666666666666,0.03233655736363636363636363636,6380,12,580.0,1.0909090909090908,11,0.0355702131
114,2800:3f0:4001:819::200e,2801:b0:b0:116:603c:97ab:cfb1:19,443,63641,IPv6,UDP,444.54545454545456,0.0313854585,4890,11,489.0,1.1,10,0.03487273166666666666666666667
115,200.18.102.23,4.151.113.44,44640,443,IP,TCP,249.33333333333334,0.455247392,2992,12,332.44444444444446,1.3333333333333333,9,0.05872957575
116,4.151.113.44,200.18.102.23,443,44640,IP,TCP,439.2307692307692,0.4049363703333333333333333333,5710,13,571.0,1.3,10,0.05577229311111111111111111111
117,200.18.102.23,200.18.102.1,54850,53,IP,UDP,93.0,0,93,1,93.0,1.0,1,0
118,200.18.102.23,200.18.102.1,50338,53,IP,UDP,93.0,0,93,1,93.0,1.0,1,0
119,200.18.102.23,200.18.102.1,51457,53,IP,UDP,93.0,0,93,1,93.0,1.0,1,0
120,200.18.102.1,200.18.102.23,53,54850,IP,UDP,277.0,0,277,1,277.0,1.0,1,0
121,200.18.102.1,200.18.102.23,53,51457,IP,UDP,277.0,0,277,1,277.0,1.0,1,0
122,200.18.102.1,200.18.102.23,53,50338,IP,UDP,214.0,0,214,1,214.0,1.0,1,0
123,200.18.102.23,20.42.65.88,44641,443,IP,TCP,1293.4479166666667,0.02421884498947368421052631579,124171,96,8869.357142857143,6.857142857142857,14,0.06969000046153846153846153846
124,20.42.65.88,200.18.102.23,443,44641,IP,TCP,183.96428571428572,0.03945208152727272727272727273,10302,56,792.4615384615385,4.3076923076923075,13,0.1808220403333333333333333333
125,200.18.102.23,200.18.102.1,63359,53,IP,UDP,79.0,0,79,1,79.0,1.0,1,0
126,200.18.102.23,200.18.102.1,50599,53,IP,UDP,79.0,0,79,1,79.0,1.0,1,0
127,200.18.102.23,200.18.102.1,54213,53,IP,UDP,79.0,0,79,1,79.0,1.0,1,0
128,200.18.102.1,200.18.102.23,53,63359,IP,UDP,107.0,0,107,1,107.0,1.0,1,0
129,200.18.102.1,200.18.102.23,53,50599,IP,UDP,95.0,0,95,1,95.0,1.0,1,0
130,2801:b0:b0:116:603c:97ab:cfb1:19,2800:3f0:4003:c00::54,63687,443,IPv6,UDP,520.2857142857143,0.02972236038461538461538461538,7284,14,607.0,1.1666666666666667,12,0.03512642590909090909090909091
131,200.18.102.1,200.18.102.23,53,54213,IP,UDP,129.0,0,129,1,129.0,1.0,1,0
132,2800:3f0:4003:c00::54,2801:b0:b0:116:603c:97ab:cfb1:19,443,63687,IPv6,UDP,641.9333333333333,0.02861835592857142857142857143,9629,15,875.3636363636364,1.3636363636363635,11,0.0400656983
133,2801:b0:b0:116:603c:97ab:cfb1:19,2800:3f0:4003:c00::54,44642,443,IPv6,TCP,149.375,0.834527224,1195,8,239.0,1.6,5,0.06593239775
134,2800:3f0:4003:c00::54,2801:b0:b0:116:603c:97ab:cfb1:19,443,44642,IPv6,TCP,757.25,0.8247366801428571428571428571,6058,8,1211.6,1.6,5,1.44328919025
135,200.18.102.23,239.255.255.250,63688,1900,IP,UDP,216.0,1.001858462,864,4,864.0,4.0,1,0
136,200.18.102.28,239.255.255.250,61161,1900,IP,UDP,217.0,1.014605644666666666666666667,868,4,868.0,4.0,1,0
137,200.18.102.28,239.255.255.250,61162,1900,IP,UDP,216.0,1.014702750666666666666666667,864,4,864.0,4.0,1,0
138,200.18.102.23,20.42.65.88,44643,443,IP,TCP,1292.21875,0.02607272666315789473684210526,124053,96,8270.2,6.4,15,0.06684576635714285714285714286
139,20.42.65.88,200.18.102.23,443,44643,IP,TCP,186.0,0.04336739083333333333333333333,10230,55,786.9230769230769,4.230769230769231,13,0.19515325875
140,200.18.102.17,239.255.255.250,62118,1900,IP,UDP,216.0,1.011642115,864,4,864.0,4.0,1,0
141,200.18.102.17,239.255.255.250,62119,1900,IP,UDP,217.0,1.011709245,868,4,868.0,4.0,1,0
142,200.18.102.23,200.18.102.1,54088,53,IP,UDP,75.0,0,75,1,75.0,1.0,1,0
143,200.18.102.1,200.18.102.23,53,54088,IP,UDP,103.0,0,103,1,103.0,1.0,1,0
144,200.18.102.23,200.18.102.1,61255,53,IP,UDP,75.0,0,75,1,75.0,1.0,1,0
145,200.18.102.23,200.18.102.1,54185,53,IP,UDP,75.0,0,75,1,75.0,1.0,1,0
146,200.18.102.1,200.18.102.23,53,61255,IP,UDP,91.0,0,91,1,91.0,1.0,1,0
147,2801:b0:b0:116:603c:97ab:cfb1:19,2800:3f0:4001:831::2003,62430,443,IPv6,UDP,299.8888888888889,0.01898380325,2699,9,337.375,1.125,8,0.02169577514285714285714285714
148,200.18.102.1,200.18.102.23,53,54185,IP,UDP,135.0,0,135,1,135.0,1.0,1,0
149,2800:3f0:4001:831::2003,2801:b0:b0:116:603c:97ab:cfb1:19,443,62430,IPv6,UDP,478.7,0.01012997122222222222222222222,4787,10,531.8888888888889,1.1111111111111112,9,0.011396217625
150,200.18.102.23,200.18.102.1,58297,53,IP,UDP,96.0,0,96,1,96.0,1.0,1,0
151,200.18.102.23,200.18.102.1,64236,53,IP,UDP,96.0,0,96,1,96.0,1.0,1,0
152,200.18.102.23,200.18.102.1,63194,53,IP,UDP,96.0,0,96,1,96.0,1.0,1,0
153,200.18.102.1,200.18.102.23,53,64236,IP,UDP,205.0,0,205,1,205.0,1.0,1,0
154,200.18.102.1,200.18.102.23,53,63194,IP,UDP,277.0,0,277,1,277.0,1.0,1,0
155,200.18.102.1,200.18.102.23,53,58297,IP,UDP,277.0,0,277,1,277.0,1.0,1,0
156,200.18.102.23,4.151.113.44,44644,443,IP,TCP,236.76923076923077,0.4053460180833333333333333333,3078,13,342.0,1.4444444444444444,9,0.05777950325
157,4.151.113.44,200.18.102.23,443,44644,IP,TCP,470.8333333333333,0.4282547642727272727272727273,5650,12,627.7777777777778,1.3333333333333333,9,0.062240568375
158,200.18.102.23,200.18.102.1,53510,53,IP,UDP,93.0,0,93,1,93.0,1.0,1,0
159,200.18.102.23,200.18.102.1,60625,53,IP,UDP,93.0,0,93,1,93.0,1.0,1,0
160,200.18.102.23,200.18.102.1,54048,53,IP,UDP,93.0,0,93,1,93.0,1.0,1,0
161,200.18.102.1,200.18.102.23,53,53510,IP,UDP,277.0,0,277,1,277.0,1.0,1,0
162,200.18.102.1,200.18.102.23,53,60625,IP,UDP,214.0,0,214,1,214.0,1.0,1,0
163,200.18.102.1,200.18.102.23,53,54048,IP,UDP,281.0,0,281,1,281.0,1.0,1,0
164,200.18.102.23,52.168.112.66,44645,443,IP,TCP,1281.9072164948454,0.01466225932291666666666666667,124345,97,6908.055555555556,5.388888888888889,18,0.05408040694117647058823529412
165,52.168.112.66,200.18.102.23,443,44645,IP,TCP,175.6,0.02161563957627118644067796610,10536,60,752.5714285714286,4.285714285714286,14,0.09810174884615384615384615385
166,200.18.102.23,52.226.139.180,44479,443,IP,TCP,55.0,245.148405870,165,3,165.0,3.0,1,0
167,52.226.139.180,200.18.102.23,443,44479,IP,TCP,66.0,245.144448032,198,3,198.0,3.0,1,0
168,2801:b0:b0:116:603c:97ab:cfb1:19,2800:3f0:4001:819::200e,59211,443,IPv6,UDP,800.7368421052631,0.02019102677777777777777777778,15214,19,1521.4,1.9,10,0.04038205355555555555555555556
169,200.18.102.23,200.18.102.1,53355,53,IP,UDP,75.0,0,75,1,75.0,1.0,1,0
170,200.18.102.23,200.18.102.1,59771,53,IP,UDP,75.0,0,75,1,75.0,1.0,1,0
171,200.18.102.23,200.18.102.1,52359,53,IP,UDP,75.0,0,75,1,75.0,1.0,1,0
172,200.18.102.1,200.18.102.23,53,59771,IP,UDP,91.0,0,91,1,91.0,1.0,1,0
173,200.18.102.1,200.18.102.23,53,53355,IP,UDP,103.0,0,103,1,103.0,1.0,1,0
174,2801:b0:b0:116:603c:97ab:cfb1:19,2800:3f0:4001:801::200e,54727,443,IPv6,UDP,821.4137931034483,0.01172169028571428571428571429,23821,29,1082.7727272727273,1.3181818181818181,22,0.01562892038095238095238095238
175,2800:3f0:4001:819::200e,2801:b0:b0:116:603c:97ab:cfb1:19,443,59211,IPv6,UDP,347.0,0.02235597606666666666666666667,5552,16,504.72727272727275,1.4545454545454546,11,0.0335339641
176,2800:3f0:4001:801::200e,2801:b0:b0:116:603c:97ab:cfb1:19,443,54727,IPv6,UDP,345.3478260869565,0.01251646022727272727272727273,7943,23,567.3571428571429,1.6428571428571428,14,0.02118170192307692307692307692
177,200.18.102.1,200.18.102.23,53,52359,IP,UDP,125.0,0,125,1,125.0,1.0,1,0
178,200.18.102.23,52.168.112.66,44646,443,IP,TCP,1318.9893617021276,0.1244003604193548387096774194,123985,94,10332.083333333334,7.833333333333333,12,0.1667295001818181818181818182
179,52.168.112.66,200.18.102.23,443,44646,IP,TCP,177.23728813559322,0.1972112854310344827586206897,10457,59,871.4166666666666,4.916666666666667,12,1.039841323181818181818181818
180,200.18.102.23,4.151.113.44,44647,443,IP,TCP,241.69230769230768,0.4257671191666666666666666667,3142,13,349.1111111111111,1.4444444444444444,9,0.05891981675
181,4.151.113.44,200.18.102.23,443,44647,IP,TCP,471.3333333333333,0.4511542955454545454545454545,5656,12,565.6,1.2,10,0.05480066388888888888888888889
182,200.18.102.23,52.168.112.66,44648,443,IP,TCP,1333.6451612903227,0.01711025067391304347826086957,124029,93,12402.9,9.3,10,0.1115238742222222222222222222
183,52.168.112.66,200.18.102.23,443,44648,IP,TCP,175.6,0.02445689591525423728813559322,10536,60,810.4615384615385,4.615384615384615,13,0.1202464049166666666666666667
184,200.18.102.23,200.18.102.1,64170,53,IP,UDP,93.0,0,93,1,93.0,1.0,1,0
185,200.18.102.23,200.18.102.1,63098,53,IP,UDP,93.0,0,93,1,93.0,1.0,1,0
186,200.18.102.23,200.18.102.1,52544,53,IP,UDP,93.0,0,93,1,93.0,1.0,1,0
187,200.18.102.1,200.18.102.23,53,52544,IP,UDP,281.0,0,281,1,281.0,1.0,1,0
188,200.18.102.1,200.18.102.23,53,63098,IP,UDP,214.0,0,214,1,214.0,1.0,1,0
189,200.18.102.1,200.18.102.23,53,64170,IP,UDP,281.0,0,281,1,281.0,1.0,1,0
190,200.18.102.23,20.189.173.3,44649,443,IP,TCP,186.46666666666667,0.7203104410714285714285714286,2797,15,233.08333333333334,1.25,12,0.2108942829090909090909090909
191,20.189.173.3,200.18.102.23,443,44649,IP,TCP,596.5384615384615,0.8251222960833333333333333333,7755,13,646.25,1.0833333333333333,12,0.9001334139090909090909090909
192,200.18.102.23,20.189.173.3,44650,443,IP,TCP,308.29411764705884,0.487305968875,5241,17,436.75,1.4166666666666667,12,0.07581791545454545454545454545
193,20.189.173.3,200.18.102.23,443,44650,IP,TCP,590.2307692307693,0.6343538665,7673,13,697.5454545454545,1.1818181818181819,11,0.0856075289
194,200.18.102.23,239.255.255.250,51381,1900,IP,UDP,216.0,1.002512357666666666666666667,864,4,864.0,4.0,1,0
195,200.18.102.28,239.255.255.250,65114,1900,IP,UDP,217.0,1.014618328333333333333333333,868,4,868.0,4.0,1,0
196,200.18.102.28,239.255.255.250,65115,1900,IP,UDP,216.0,1.014715464333333333333333333,864,4,864.0,4.0,1,0
197,200.18.102.23,20.189.173.3,44651,443,IP,TCP,1278.5154639175257,0.11131348175,124016,97,6889.777777777777,5.388888888888889,18,0.07219049276470588235294117647
198,20.189.173.3,200.18.102.23,443,44651,IP,TCP,168.1060606060606,0.1615449333538461538461538462,11095,66,853.4615384615385,5.076923076923077,13,0.8750350556666666666666666667
199,200.18.102.17,239.255.255.250,53181,1900,IP,UDP,216.0,1.005160456333333333333333333,864,4,864.0,4.0,1,0
200,200.18.102.17,239.255.255.250,53182,1900,IP,UDP,217.0,1.010217518,868,4,868.0,4.0,1,0
201,200.18.102.23,200.18.102.1,57485,53,IP,UDP,90.0,0,90,1,90.0,1.0,1,0
202,200.18.102.23,200.18.102.1,52118,53,IP,UDP,90.0,0,90,1,90.0,1.0,1,0
203,200.18.102.1,200.18.102.23,53,52118,IP,UDP,271.0,0,271,1,271.0,1.0,1,0
204,200.18.102.1,200.18.102.23,53,57485,IP,UDP,208.0,0,208,1,208.0,1.0,1,0
205,200.18.102.23,20.189.173.1,44652,443,IP,TCP,269.3125,0.4575460928,4309,16,359.0833333333333,1.3333333333333333,12,0.284272153
206,20.189.173.1,200.18.102.23,443,44652,IP,TCP,788.3,0.3263863548888888888888888889,7883,10,985.375,1.25,8,0.4196395991428571428571428571
207,200.18.102.23,200.18.102.1,55133,53,IP,UDP,87.0,0,87,1,87.0,1.0,1,0
208,200.18.102.23,200.18.102.1,60408,53,IP,UDP,87.0,0,87,1,87.0,1.0,1,0
209,200.18.102.23,200.18.102.1,52580,53,IP,UDP,87.0,0,87,1,87.0,1.0,1,0
210,200.18.102.1,200.18.102.23,53,55133,IP,UDP,115.0,0,115,1,115.0,1.0,1,0
211,200.18.102.1,200.18.102.23,53,60408,IP,UDP,103.0,0,103,1,103.0,1.0,1,0
212,2801:b0:b0:116:603c:97ab:cfb1:19,2800:3f0:4001:808::200a,49243,443,IPv6,UDP,323.0,0.008271626571428571428571428571,4845,15,440.45454545454544,1.3636363636363635,11,0.0114856901
213,2800:3f0:4001:808::200a,2801:b0:b0:116:603c:97ab:cfb1:19,443,49243,IPv6,UDP,884.9411764705883,0.0086261083125,15044,17,1504.4,1.7,10,0.01533530366666666666666666667
214,200.18.102.1,200.18.102.23,53,52580,IP,UDP,147.0,0,147,1,147.0,1.0,1,0
215,2801:b0:b0:116:603c:97ab:cfb1:19,2800:3f0:4001:808::200a,44653,443,IPv6,TCP,151.44444444444446,0.270117369625,1363,9,272.6,1.8,5,0.033699910
216,2800:3f0:4001:808::200a,2801:b0:b0:116:603c:97ab:cfb1:19,443,44653,IPv6,TCP,805.375,0.3067594754285714285714285714,6443,8,1073.8333333333333,1.3333333333333333,6,0.4294632656
217,200.18.102.23,200.18.102.1,49671,53,IP,UDP,94.0,0,94,1,94.0,1.0,1,0
218,200.18.102.23,200.18.102.1,52145,53,IP,UDP,94.0,0,94,1,94.0,1.0,1,0
219,200.18.102.1,200.18.102.23,53,52145,IP,UDP,262.0,0,262,1,262.0,1.0,1,0
220,200.18.102.1,200.18.102.23,53,49671,IP,UDP,200.0,0,200,1,200.0,1.0,1,0
221,200.18.102.23,184.85.133.92,44654,80,IP,TCP,86.14285714285714,10.06745976583333333333333333,603,7,201.0,2.3333333333333335,3,0.123497708
222,184.85.133.92,200.18.102.23,80,44654,IP,TCP,819.3333333333334,12.0575217218,4916,6,1229.0,1.5,4,20.09586953633333333333333333
223,200.18.102.23,200.18.102.1,56483,53,IP,UDP,85.0,0,85,1,85.0,1.0,1,0
224,200.18.102.23,200.18.102.1,57624,53,IP,UDP,85.0,0,85,1,85.0,1.0,1,0
225,200.18.102.1,200.18.102.23,53,57624,IP,UDP,273.0,0,273,1,273.0,1.0,1,0
226,200.18.102.1,200.18.102.23,53,56483,IP,UDP,215.0,0,215,1,215.0,1.0,1,0
227,200.18.102.23,200.133.233.83,56483,53,IP,UDP,85.0,0,85,1,85.0,1.0,1,0
228,200.18.102.23,23.96.180.189,44655,443,IP,TCP,162.38888888888889,3.597807384176470588235294118,2923,18,292.3,1.8,10,0.09244405833333333333333333333
229,200.133.233.83,200.18.102.23,53,56483,IP,UDP,208.0,0,208,1,208.0,1.0,1,0
230,23.96.180.189,200.18.102.23,443,44655,IP,TCP,819.6666666666666,0.097235153875,7377,9,819.6666666666666,1.0,9,0.097235153875
231,200.18.102.23,200.18.102.1,53515,53,IP,UDP,96.0,0,96,1,96.0,1.0,1,0
232,200.18.102.23,200.18.102.1,52057,53,IP,UDP,96.0,0,96,1,96.0,1.0,1,0
233,200.18.102.23,200.18.102.1,52006,53,IP,UDP,96.0,0,96,1,96.0,1.0,1,0
234,200.18.102.1,200.18.102.23,53,52057,IP,UDP,205.0,0,205,1,205.0,1.0,1,0
235,200.18.102.1,200.18.102.23,53,53515,IP,UDP,277.0,0,277,1,277.0,1.0,1,0
236,200.18.102.1,200.18.102.23,53,52006,IP,UDP,277.0,0,277,1,277.0,1.0,1,0
237,200.18.102.23,4.151.113.44,44656,443,IP,TCP,254.66666666666666,3.645928858545454545454545455,3056,12,339.55555555555554,1.3333333333333333,9,0.05710293575
238,4.151.113.44,200.18.102.23,443,44656,IP,TCP,470.8333333333333,3.632681251181818181818181818,5650,12,627.7777777777778,1.3333333333333333,9,0.061212704125
239,200.18.102.23,200.18.102.1,57046,53,IP,UDP,89.0,0,89,1,89.0,1.0,1,0
240,200.18.102.23,200.18.102.1,60669,53,IP,UDP,89.0,0,89,1,89.0,1.0,1,0
241,200.18.102.1,200.18.102.23,53,60669,IP,UDP,289.0,0,289,1,289.0,1.0,1,0
242,200.18.102.1,200.18.102.23,53,57046,IP,UDP,226.0,0,226,1,226.0,1.0,1,0
243,200.18.102.23,20.189.173.10,44657,443,IP,TCP,234.28571428571428,0.1015178636923076923076923077,3280,14,364.44444444444446,1.5555555555555556,9,0.111229469625
244,20.189.173.10,200.18.102.23,443,44657,IP,TCP,471.3333333333333,0.1027499184545454545454545455,5656,12,565.6,1.2,10,0.1255832336666666666666666667
245,200.18.102.23,200.18.102.1,56834,53,IP,UDP,93.0,0,93,1,93.0,1.0,1,0
246,200.18.102.23,200.18.102.1,53350,53,IP,UDP,93.0,0,93,1,93.0,1.0,1,0
247,200.18.102.23,200.18.102.1,60233,53,IP,UDP,93.0,0,93,1,93.0,1.0,1,0
248,200.18.102.1,200.18.102.23,53,60233,IP,UDP,277.0,0,277,1,277.0,1.0,1,0
249,200.18.102.1,200.18.102.23,53,56834,IP,UDP,278.0,0,278,1,278.0,1.0,1,0
250,200.18.102.1,200.18.102.23,53,53350,IP,UDP,219.0,0,219,1,219.0,1.0,1,0
251,200.18.102.23,20.50.80.214,44658,443,IP,TCP,1308.813829787234,0.1847426909251336898395721925,246057,188,6834.916666666667,5.222222222222222,36,0.9813392142285714285714285714
252,20.50.80.214,200.18.102.23,443,44658,IP,TCP,120.91525423728814,0.2935576331367521367521367521,14268,118,679.4285714285714,5.619047619047619,21,1.5151931179
253,200.18.102.23,239.255.255.250,59406,1900,IP,UDP,179.0,3.0110016785,537,3,537.0,3.0,1,0
254,200.18.102.23,200.18.102.1,62989,53,IP,UDP,90.0,0,90,1,90.0,1.0,1,0
255,200.18.102.23,200.18.102.1,57567,53,IP,UDP,90.0,0,90,1,90.0,1.0,1,0
256,200.18.102.1,200.18.102.23,53,62989,IP,UDP,208.0,0,208,1,208.0,1.0,1,0
257,200.18.102.1,200.18.102.23,53,57567,IP,UDP,271.0,0,271,1,271.0,1.0,1,0
258,200.18.102.23,20.189.173.1,44659,443,IP,TCP,475.92857142857144,0.8765844869259259259259259259,13326,28,740.3333333333334,1.5555555555555556,18,0.8051504931176470588235294118
259,20.189.173.1,200.18.102.23,443,44659,IP,TCP,577.3125,0.9002875861333333333333333333,9237,16,769.75,1.3333333333333333,12,1.227664890181818181818181818
260,200.18.102.23,200.18.102.1,55676,53,IP,UDP,75.0,0,75,1,75.0,1.0,1,0
261,200.18.102.23,200.18.102.1,61302,53,IP,UDP,75.0,0,75,1,75.0,1.0,1,0
262,200.18.102.23,200.18.102.1,54071,53,IP,UDP,75.0,0,75,1,75.0,1.0,1,0
263,200.18.102.1,200.18.102.23,53,55676,IP,UDP,103.0,0,103,1,103.0,1.0,1,0
264,200.18.102.1,200.18.102.23,53,61302,IP,UDP,91.0,0,91,1,91.0,1.0,1,0
265,2801:b0:b0:116:603c:97ab:cfb1:19,2800:3f0:4001:831::2003,50980,443,IPv6,UDP,427.44444444444446,0.01766060175,3847,9,480.875,1.125,8,0.02018354485714285714285714286
266,200.18.102.1,200.18.102.23,53,54071,IP,UDP,135.0,0,135,1,135.0,1.0,1,0
267,2800:3f0:4001:831::2003,2801:b0:b0:116:603c:97ab:cfb1:19,443,50980,IPv6,UDP,478.7,0.009931298222222222222222222222,4787,10,531.8888888888889,1.1111111111111112,9,0.0111727105
268,200.18.102.23,200.18.102.1,63338,53,IP,UDP,70.0,0,70,1,70.0,1.0,1,0
269,200.18.102.23,200.18.102.1,53787,53,IP,UDP,70.0,0,70,1,70.0,1.0,1,0
270,200.18.102.1,200.18.102.23,53,53787,IP,UDP,202.0,0,202,1,202.0,1.0,1,0
271,200.18.102.1,200.18.102.23,53,63338,IP,UDP,154.0,0,154,1,154.0,1.0,1,0
272,200.18.102.23,20.22.207.36,44663,443,IP,TCP,95.81818181818181,5.240930448523809523809523810,2108,22,110.94736842105263,1.1578947368421053,19,0.9664359368333333333333333333
273,20.22.207.36,200.18.102.23,443,44663,IP,TCP,485.70588235294116,6.870390555625,8257,17,550.4666666666667,1.1333333333333333,15,7.851874920714285714285714286
274,200.18.102.23,200.18.102.1,58632,53,IP,UDP,76.0,0,76,1,76.0,1.0,1,0
275,200.18.102.23,200.18.102.1,56752,53,IP,UDP,76.0,0,76,1,76.0,1.0,1,0
276,200.18.102.1,200.18.102.23,53,56752,IP,UDP,266.0,0,266,1,266.0,1.0,1,0
277,200.18.102.1,200.18.102.23,53,58632,IP,UDP,170.0,0,170,1,170.0,1.0,1,0
278,2801:b0:b0:116:603c:97ab:cfb1:19,2600:1419:ac00:289::25bb,44664,443,IPv6,TCP,101.47222222222223,1.543564758253521126760563380,7306,72,456.625,4.5,16,1.134554563933333333333333333
279,2600:1419:ac00:289::25bb,2801:b0:b0:116:603c:97ab:cfb1:19,443,44664,IPv6,TCP,1481.2820512820513,0.9422676867413793103448275862,173310,117,5251.818181818182,3.5454545454545454,33,3.4157203644375
280,200.18.102.23,200.18.102.1,49503,53,IP,UDP,86.0,0,86,1,86.0,1.0,1,0
281,200.18.102.23,200.18.102.1,61567,53,IP,UDP,86.0,0,86,1,86.0,1.0,1,0
282,200.18.102.1,200.18.102.23,53,49503,IP,UDP,244.0,0,244,1,244.0,1.0,1,0
283,200.18.102.1,200.18.102.23,53,61567,IP,UDP,256.0,0,256,1,256.0,1.0,1,0
284,2801:b0:b0:116:603c:97ab:cfb1:19,2620:1ec:42::132,44665,443,IPv6,TCP,145.33333333333334,1.821571775,1308,9,218.0,1.5,6,0.0601624926
285,2620:1ec:42::132,2801:b0:b0:116:603c:97ab:cfb1:19,443,44665,IPv6,TCP,824.6,0.02771648555555555555555555556,8246,10,1178.0,1.4285714285714286,7,0.04157472833333333333333333333
286,200.18.102.23,200.18.102.1,57634,53,IP,UDP,90.0,0,90,1,90.0,1.0,1,0
287,200.18.102.23,200.18.102.1,55723,53,IP,UDP,90.0,0,90,1,90.0,1.0,1,0
288,200.18.102.1,200.18.102.23,53,57634,IP,UDP,208.0,0,208,1,208.0,1.0,1,0
289,200.18.102.1,200.18.102.23,53,55723,IP,UDP,271.0,0,271,1,271.0,1.0,1,0
290,200.18.102.23,20.42.65.85,44666,443,IP,TCP,182.9,12.23076451055555555555555556,1829,10,261.2857142857143,1.4285714285714286,7,0.1023301331666666666666666667
291,20.42.65.85,200.18.102.23,443,44666,IP,TCP,908.875,15.70359741028571428571428571,7271,8,1038.7142857142858,1.1428571428571428,7,18.32086364533333333333333333
292,200.18.102.23,20.42.65.85,44667,443,IP,TCP,229.26315789473685,6.091481085888888888888888889,4356,19,396.0,1.7272727272727273,11,0.076768769
293,20.42.65.85,200.18.102.23,443,44667,IP,TCP,667.3333333333334,9.954787952727272727272727273,8008,12,800.8,1.2,10,12.16696305333333333333333333
294,200.18.102.23,200.18.102.1,60987,53,IP,UDP,74.0,0,74,1,74.0,1.0,1,0
295,200.18.102.23,200.18.102.1,51553,53,IP,UDP,74.0,0,74,1,74.0,1.0,1,0
296,200.18.102.23,200.133.233.83,51553,53,IP,UDP,74.0,0,74,1,74.0,1.0,1,0
297,200.18.102.23,200.133.233.83,60987,53,IP,UDP,74.0,0,74,1,74.0,1.0,1,0
298,200.18.102.1,200.18.102.23,53,51553,IP,UDP,219.0,0,219,1,219.0,1.0,1,0
299,200.18.102.1,200.18.102.23,53,60987,IP,UDP,179.0,0,179,1,179.0,1.0,1,0
300,200.133.233.83,200.18.102.23,53,60987,IP,UDP,179.0,0,179,1,179.0,1.0,1,0
301,200.133.233.83,200.18.102.23,53,51553,IP,UDP,219.0,0,219,1,219.0,1.0,1,0
302,2801:b0:b0:116:603c:97ab:cfb1:19,2600:1419:ac00:48e::21cc,44668,80,IPv6,TCP,113.83333333333333,14.5280883568,683,6,227.66666666666666,2.0,3,0.299115615
303,2600:1419:ac00:48e::21cc,2801:b0:b0:116:603c:97ab:cfb1:19,80,44668,IPv6,TCP,142.75,24.12172433566666666666666667,571,4,190.33333333333334,1.3333333333333333,3,36.1825865035
304,200.18.102.23,200.18.102.1,53961,53,IP,UDP,83.0,0,83,1,83.0,1.0,1,0
305,200.18.102.23,200.18.102.1,51002,53,IP,UDP,83.0,0,83,1,83.0,1.0,1,0
306,200.18.102.1,200.18.102.23,53,53961,IP,UDP,258.0,0,258,1,258.0,1.0,1,0
307,200.18.102.1,200.18.102.23,53,51002,IP,UDP,350.0,0,350,1,350.0,1.0,1,0
308,2801:b0:b0:116:603c:97ab:cfb1:19,2600:1419:4600:9::211:a79a,44669,80,IPv6,TCP,156.85714285714286,12.00685986083333333333333333,1098,7,274.5,1.75,4,0.3245813623333333333333333333
309,2600:1419:4600:9::211:a79a,2801:b0:b0:116:603c:97ab:cfb1:19,80,44669,IPv6,TCP,165.0,14.3498732906,990,6,198.0,1.2,5,17.93734161325
310,200.18.102.22,201.49.148.135,55699,123,IP,UDP,90.0,0,90,1,90.0,1.0,1,0
311,201.49.148.135,200.18.102.22,123,55699,IP,UDP,90.0,0,90,1,90.0,1.0,1,0
312,2801:b0:b0:116:603c:97ab:cfb1:19,2600:1419:4600:9::211:a79a,44670,80,IPv6,TCP,117.0,12.1805186842,702,6,234.0,2.0,3,0.3183654665
313,2600:1419:4600:9::211:a79a,2801:b0:b0:116:603c:97ab:cfb1:19,80,44670,IPv6,TCP,144.75,20.20355465533333333333333333,579,4,193.0,1.3333333333333333,3,30.305331983
314,200.18.102.23,20.50.80.214,44671,443,IP,TCP,290.6111111111111,0.2374901282941176470588235294,5231,18,435.9166666666667,1.5,12,0.08501731890909090909090909091
315,20.50.80.214,200.18.102.23,443,44671,IP,TCP,634.6666666666666,0.3496648961818181818181818182,7616,12,692.3636363636364,1.0909090909090908,11,0.3846313858
316,200.18.102.23,200.18.102.1,60147,53,IP,UDP,91.0,0,91,1,91.0,1.0,1,0
317,200.18.102.23,200.18.102.1,61952,53,IP,UDP,91.0,0,91,1,91.0,1.0,1,0
318,200.18.102.1,200.18.102.23,53,60147,IP,UDP,119.0,0,119,1,119.0,1.0,1,0
319,200.18.102.23,200.18.102.1,58205,53,IP,UDP,91.0,0,91,1,91.0,1.0,1,0
320,200.18.102.1,200.18.102.23,53,61952,IP,UDP,107.0,0,107,1,107.0,1.0,1,0
321,2801:b0:b0:116:603c:97ab:cfb1:19,2800:3f0:4001:813::200a,58660,443,IPv6,UDP,323.8125,0.01167428913333333333333333333,5181,16,370.07142857142856,1.1428571428571428,14,0.01347033361538461538461538462
322,2800:3f0:4001:813::200a,2801:b0:b0:116:603c:97ab:cfb1:19,443,58660,IPv6,UDP,602.6875,0.01069011446666666666666666667,9643,16,741.7692307692307,1.2307692307692308,13,0.01336264308333333333333333333
323,2801:b0:b0:116:603c:97ab:cfb1:19,2800:3f0:4001:813::200a,44672,443,IPv6,TCP,129.0,0.1069087308,1419,11,283.8,2.2,5,0.0366817105
324,2800:3f0:4001:813::200a,2801:b0:b0:116:603c:97ab:cfb1:19,443,44672,IPv6,TCP,1074.0,0.1052644739,11814,11,1687.7142857142858,1.5714285714285714,7,0.1754407898333333333333333333
325,200.18.102.1,200.18.102.23,53,58205,IP,UDP,151.0,0,151,1,151.0,1.0,1,0
326,2801:b0:b0:116:603c:97ab:cfb1:19,2800:3f0:4001:813::200a,53416,443,IPv6,UDP,454.05555555555554,0.028611329,8173,18,544.8666666666667,1.2,15,0.03474232807142857142857142857
327,2800:3f0:4001:813::200a,2801:b0:b0:116:603c:97ab:cfb1:19,443,53416,IPv6,UDP,556.55,0.02553243163157894736842105263,11131,20,654.7647058823529,1.1764705882352942,17,0.0303197625625
328,2801:b0:b0:116:603c:97ab:cfb1:19,2800:3f0:4001:813::200a,44673,443,IPv6,TCP,131.9090909090909,0.0917506118,1451,11,290.2,2.2,5,0.03449934725
329,2800:3f0:4001:813::200a,2801:b0:b0:116:603c:97ab:cfb1:19,443,44673,IPv6,TCP,1296.2222222222222,0.112819754375,11666,9,1458.25,1.125,8,0.1289368621428571428571428571
330,200.18.102.23,4.151.113.44,44674,443,IP,TCP,236.76923076923077,0.84882506975,3078,13,342.0,1.4444444444444444,9,0.05713066125
331,4.151.113.44,200.18.102.23,443,44674,IP,TCP,439.2307692307692,0.8366247284166666666666666667,5710,13,571.0,1.3,10,0.054026898
332,200.18.102.23,200.18.102.1,55900,53,IP,UDP,93.0,0,93,1,93.0,1.0,1,0
333,200.18.102.23,200.18.102.1,52825,53,IP,UDP,93.0,0,93,1,93.0,1.0,1,0
334,200.18.102.23,200.18.102.1,54445,53,IP,UDP,93.0,0,93,1,93.0,1.0,1,0
335,200.18.102.1,200.18.102.23,53,52825,IP,UDP,214.0,0,214,1,214.0,1.0,1,0
336,200.18.102.1,200.18.102.23,53,54445,IP,UDP,278.0,0,278,1,278.0,1.0,1,0
337,200.18.102.1,200.18.102.23,53,55900,IP,UDP,283.0,0,283,1,283.0,1.0,1,0
338,200.18.102.23,20.189.173.13,44675,443,IP,TCP,1292.8061224489795,0.03692895441237113402061855670,126695,98,7452.64705882353,5.764705882352941,17,0.130502953875
339,20.189.173.13,200.18.102.23,443,44675,IP,TCP,175.45901639344262,0.05650369288333333333333333333,10703,61,713.5333333333333,4.066666666666666,15,0.2421586837857142857142857143
340,fe80::a77:23c6:e5b8:5768,ff02::c,54447,3702,IPv6,UDP,718.0,12.25208665792307692307692308,10052,14,10052.0,14.0,1,0
341,200.18.102.23,239.255.255.250,54446,3702,IP,UDP,698.0,12.32321206915384615384615385,9772,14,9772.0,14.0,1,0
342,200.18.102.23,200.18.102.1,60527,53,IP,UDP,75.0,0,75,1,75.0,1.0,1,0
343,200.18.102.23,200.18.102.1,63451,53,IP,UDP,75.0,0,75,1,75.0,1.0,1,0
344,200.18.102.23,200.18.102.1,59787,53,IP,UDP,75.0,0,75,1,75.0,1.0,1,0
345,200.18.102.1,200.18.102.23,53,63451,IP,UDP,91.0,0,91,1,91.0,1.0,1,0
346,200.18.102.1,200.18.102.23,53,60527,IP,UDP,103.0,0,103,1,103.0,1.0,1,0
347,200.18.102.23,200.18.102.1,53762,53,IP,UDP,75.0,0,75,1,75.0,1.0,1,0
348,200.18.102.23,200.18.102.1,62026,53,IP,UDP,75.0,302.007811973,150,2,150.0,2.0,1,0
349,200.18.102.23,200.18.102.1,62294,53,IP,UDP,75.0,0,75,1,75.0,1.0,1,0
350,200.18.102.1,200.18.102.23,53,62026,IP,UDP,113.0,302.032951818,226,2,113.0,1.0,2,302.032951818
351,200.18.102.1,200.18.102.23,53,53762,IP,UDP,103.0,0,103,1,103.0,1.0,1,0
352,200.18.102.1,200.18.102.23,53,59787,IP,UDP,125.0,0,125,1,125.0,1.0,1,0
353,2801:b0:b0:116:603c:97ab:cfb1:19,2800:3f0:4001:819::200e,61416,443,IPv6,UDP,790.6363636363636,0.02051444385714285714285714286,17394,22,1242.4285714285713,1.5714285714285714,14,0.033138717
354,2801:b0:b0:116:603c:97ab:cfb1:19,2800:3f0:4001:801::200e,61689,443,IPv6,UDP,764.1428571428571,0.01308932040740740740740740741,21396,28,972.5454545454545,1.2727272727272727,22,0.01682912623809523809523809524
355,2800:3f0:4001:819::200e,2801:b0:b0:116:603c:97ab:cfb1:19,443,61416,IPv6,UDP,332.5263157894737,0.02199430072222222222222222222,6318,19,451.2857142857143,1.3571428571428572,14,0.03045364715384615384615384615
356,2800:3f0:4001:801::200e,2801:b0:b0:116:603c:97ab:cfb1:19,443,61689,IPv6,UDP,292.95652173913044,0.01467548968181818181818181818,6738,23,518.3076923076923,1.7692307692307692,13,0.02690506441666666666666666667
357,200.18.102.1,200.18.102.23,53,62294,IP,UDP,125.0,0,125,1,125.0,1.0,1,0
358,2801:b0:b0:116:f8f3:2c0:e848:d059,ff02::fb,5353,5353,IPv6,UDP,179.0,0,179,1,179.0,1.0,1,0
359,200.18.102.28,200.18.102.127,137,137,IP,UDP,92.0,12.7036855148,1932,21,1932.0,21.0,1,0
360,200.18.102.23,239.255.255.250,61690,1900,IP,UDP,216.0,1.001098961333333333333333333,864,4,864.0,4.0,1,0
361,200.18.102.28,239.255.255.250,59598,1900,IP,UDP,217.0,1.014568706666666666666666667,868,4,868.0,4.0,1,0
362,200.18.102.28,239.255.255.250,59599,1900,IP,UDP,216.0,1.014732730333333333333333333,864,4,864.0,4.0,1,0
363,200.18.102.17,239.255.255.250,56904,1900,IP,UDP,216.0,1.004603189,864,4,864.0,4.0,1,0
364,200.18.102.17,239.255.255.250,56905,1900,IP,UDP,217.0,1.005512209333333333333333333,868,4,868.0,4.0,1,0
365,200.18.102.23,20.189.173.13,44676,443,IP,TCP,1327.929139551699,0.3351721644479015918958031838,1836526,1383,6001.718954248366,4.519607843137255,306,1.444214668832786885245901639
366,20.189.173.13,200.18.102.23,443,44676,IP,TCP,71.21615720524018,0.5060361176306010928961748634,65234,916,472.71014492753625,6.63768115942029,138,3.379730274686131386861313869
367,200.18.102.23,200.18.102.1,65495,53,IP,UDP,96.0,0,96,1,96.0,1.0,1,0
368,200.18.102.23,200.18.102.1,55826,53,IP,UDP,96.0,0,96,1,96.0,1.0,1,0
369,200.18.102.23,200.18.102.1,56520,53,IP,UDP,96.0,0,96,1,96.0,1.0,1,0
370,200.18.102.1,200.18.102.23,53,55826,IP,UDP,205.0,0,205,1,205.0,1.0,1,0
371,200.18.102.1,200.18.102.23,53,65495,IP,UDP,277.0,0,277,1,277.0,1.0,1,0
372,200.18.102.1,200.18.102.23,53,56520,IP,UDP,277.0,0,277,1,277.0,1.0,1,0
373,200.18.102.23,4.151.113.44,44677,443,IP,TCP,134.28571428571428,9.179501524833333333333333333,6580,49,143.04347826086956,1.065217391304348,46,9.788217270244444444444444444
374,4.151.113.44,200.18.102.23,443,44677,IP,TCP,167.672131147541,7.34116446425,10228,61,269.1578947368421,1.605263157894737,38,11.35557050262162162162162162
375,200.18.102.23,200.18.102.1,60598,53,IP,UDP,93.0,0,93,1,93.0,1.0,1,0
376,200.18.102.23,200.18.102.1,60459,53,IP,UDP,93.0,0,93,1,93.0,1.0,1,0
377,200.18.102.23,200.18.102.1,51891,53,IP,UDP,93.0,0,93,1,93.0,1.0,1,0
378,200.18.102.1,200.18.102.23,53,51891,IP,UDP,278.0,0,278,1,278.0,1.0,1,0
379,200.18.102.1,200.18.102.23,53,60598,IP,UDP,278.0,0,278,1,278.0,1.0,1,0
380,200.18.102.1,200.18.102.23,53,60459,IP,UDP,218.0,0,218,1,218.0,1.0,1,0
381,0.0.0.0,255.255.255.255,68,67,IP,UDP,347.0,0.004362268,694,2,347.0,1.0,2,0.004362268
382,2801:b0:b0:116:603c:97ab:cfb1:19,2800:3f0:4001:819::200e,58390,443,IPv6,UDP,806.1363636363636,0.01625731104761904761904761905,17735,22,1612.2727272727273,2.0,11,0.0341403532
383,200.18.102.23,200.18.102.1,54184,53,IP,UDP,75.0,0,75,1,75.0,1.0,1,0
384,200.18.102.23,200.18.102.1,51427,53,IP,UDP,75.0,0,75,1,75.0,1.0,1,0
385,200.18.102.1,200.18.102.23,53,54184,IP,UDP,103.0,0,103,1,103.0,1.0,1,0
386,200.18.102.23,200.18.102.1,54842,53,IP,UDP,75.0,0,75,1,75.0,1.0,1,0
387,200.18.102.1,200.18.102.23,53,51427,IP,UDP,91.0,0,91,1,91.0,1.0,1,0
388,2801:b0:b0:116:603c:97ab:cfb1:19,2800:3f0:4001:801::200e,60017,443,IPv6,UDP,744.074074074074,0.013246755,20090,27,956.6666666666666,1.2857142857142858,21,0.0172207815
389,2800:3f0:4001:819::200e,2801:b0:b0:116:603c:97ab:cfb1:19,443,58390,IPv6,UDP,334.5263157894737,0.01732892677777777777777777778,6356,19,454.0,1.3571428571428572,14,0.02399389861538461538461538462
390,2800:3f0:4001:801::200e,2801:b0:b0:116:603c:97ab:cfb1:19,443,60017,IPv6,UDP,292.7391304347826,0.01367011509090909090909090909,6733,23,480.92857142857144,1.6428571428571428,14,0.02313404092307692307692307692
391,200.18.102.1,200.18.102.23,53,54842,IP,UDP,125.0,0,125,1,125.0,1.0,1,0
392,200.18.102.23,200.18.102.1,56557,53,IP,UDP,93.0,0,93,1,93.0,1.0,1,0
393,200.18.102.23,200.18.102.1,54334,53,IP,UDP,93.0,0,93,1,93.0,1.0,1,0
394,200.18.102.23,200.18.102.1,56670,53,IP,UDP,93.0,0,93,1,93.0,1.0,1,0
395,200.18.102.1,200.18.102.23,53,56557,IP,UDP,281.0,0,281,1,281.0,1.0,1,0
396,200.18.102.1,200.18.102.23,53,54334,IP,UDP,214.0,0,214,1,214.0,1.0,1,0
397,200.18.102.1,200.18.102.23,53,56670,IP,UDP,281.0,0,281,1,281.0,1.0,1,0
398,200.18.102.23,200.18.102.1,53703,53,IP,UDP,92.0,0,92,1,92.0,1.0,1,0
399,200.18.102.23,200.18.102.1,64512,53,IP,UDP,92.0,0,92,1,92.0,1.0,1,0
400,200.18.102.1,200.18.102.23,53,64512,IP,UDP,290.0,0,290,1,290.0,1.0,1,0
401,200.18.102.1,200.18.102.23,53,53703,IP,UDP,266.0,0,266,1,266.0,1.0,1,0
402,200.18.102.23,239.255.255.250,64513,1900,IP,UDP,216.0,1.002907967333333333333333333,864,4,864.0,4.0,1,0
403,200.18.102.28,239.255.255.250,64072,1900,IP,UDP,217.0,1.014523961666666666666666667,868,4,868.0,4.0,1,0
404,200.18.102.28,239.255.255.250,64073,1900,IP,UDP,216.0,1.014724005,864,4,864.0,4.0,1,0
405,200.18.102.17,239.255.255.250,63834,1900,IP,UDP,216.0,1.007515477666666666666666667,864,4,864.0,4.0,1,0
406,200.18.102.17,239.255.255.250,63835,1900,IP,UDP,217.0,1.007363675,868,4,868.0,4.0,1,0
407,2801:b0:b0:116:4524:cf8:df2d:4521,ff02::fb,5353,5353,IPv6,UDP,224.0,0,224,1,224.0,1.0,1,0
408,200.18.102.12,224.0.0.251,5353,5353,IP,UDP,204.0,0,204,1,204.0,1.0,1,0
409,200.18.102.23,200.18.102.1,53965,53,IP,UDP,96.0,0,96,1,96.0,1.0,1,0
410,200.18.102.23,200.18.102.1,49466,53,IP,UDP,96.0,0,96,1,96.0,1.0,1,0
411,200.18.102.23,200.18.102.1,49662,53,IP,UDP,96.0,0,96,1,96.0,1.0,1,0
412,200.18.102.1,200.18.102.23,53,49466,IP,UDP,205.0,0,205,1,205.0,1.0,1,0
413,200.18.102.1,200.18.102.23,53,53965,IP,UDP,277.0,0,277,1,277.0,1.0,1,0
414,200.18.102.1,200.18.102.23,53,49662,IP,UDP,277.0,0,277,1,277.0,1.0,1,0
415,200.18.102.23,200.18.102.1,49744,53,IP,UDP,75.0,0,75,1,75.0,1.0,1,0
416,200.18.102.23,200.18.102.1,49669,53,IP,UDP,75.0,0,75,1,75.0,1.0,1,0
417,200.18.102.23,200.18.102.1,60013,53,IP,UDP,75.0,0,75,1,75.0,1.0,1,0
418,200.18.102.1,200.18.102.23,53,49744,IP,UDP,103.0,0,103,1,103.0,1.0,1,0
419,200.18.102.1,200.18.102.23,53,49669,IP,UDP,91.0,0,91,1,91.0,1.0,1,0
420,2801:b0:b0:116:603c:97ab:cfb1:19,2800:3f0:4001:831::2003,51639,443,IPv6,UDP,300.22222222222223,0.017215794375,2702,9,337.75,1.125,8,0.01967519357142857142857142857
421,200.18.102.1,200.18.102.23,53,60013,IP,UDP,135.0,0,135,1,135.0,1.0,1,0
422,2800:3f0:4001:831::2003,2801:b0:b0:116:603c:97ab:cfb1:19,443,51639,IPv6,UDP,478.7,0.009631690333333333333333333333,4787,10,531.8888888888889,1.1111111111111112,9,0.010835651625
423,200.18.102.23,200.18.102.1,62825,53,IP,UDP,93.0,0,93,1,93.0,1.0,1,0
424,200.18.102.23,200.18.102.1,61577,53,IP,UDP,93.0,0,93,1,93.0,1.0,1,0
425,200.18.102.23,200.18.102.1,60588,53,IP,UDP,93.0,0,93,1,93.0,1.0,1,0
426,200.18.102.1,200.18.102.23,53,60588,IP,UDP,281.0,0,281,1,281.0,1.0,1,0
427,200.18.102.1,200.18.102.23,53,62825,IP,UDP,281.0,0,281,1,281.0,1.0,1,0
428,200.18.102.1,200.18.102.23,53,61577,IP,UDP,221.0,0,221,1,221.0,1.0,1,0
429,200.18.102.23,239.255.255.250,52821,1900,IP,UDP,216.0,1.007363058666666666666666667,864,4,864.0,4.0,1,0
430,200.18.102.28,239.255.255.250,54165,1900,IP,UDP,217.0,1.010138668333333333333333333,868,4,868.0,4.0,1,0
431,200.18.102.28,239.255.255.250,54166,1900,IP,UDP,216.0,1.010248761,864,4,864.0,4.0,1,0
432,200.18.102.17,239.255.255.250,64740,1900,IP,UDP,216.0,1.014872209,864,4,864.0,4.0,1,0
433,200.18.102.17,239.255.255.250,64741,1900,IP,UDP,217.0,1.014441943333333333333333333,868,4,868.0,4.0,1,0
434,200.18.102.23,200.18.102.1,58652,53,IP,UDP,93.0,0,93,1,93.0,1.0,1,0
435,200.18.102.23,200.18.102.1,55594,53,IP,UDP,93.0,0,93,1,93.0,1.0,1,0
436,200.18.102.23,200.18.102.1,57490,53,IP,UDP,93.0,0,93,1,93.0,1.0,1,0
437,200.18.102.1,200.18.102.23,53,55594,IP,UDP,217.0,0,217,1,217.0,1.0,1,0
438,200.18.102.1,200.18.102.23,53,57490,IP,UDP,278.0,0,278,1,278.0,1.0,1,0
439,200.18.102.1,200.18.102.23,53,58652,IP,UDP,280.0,0,280,1,280.0,1.0,1,0
440,200.18.102.23,200.18.102.1,58007,53,IP,UDP,96.0,0,96,1,96.0,1.0,1,0
441,200.18.102.23,200.18.102.1,60657,53,IP,UDP,96.0,0,96,1,96.0,1.0,1,0
442,200.18.102.23,200.18.102.1,50726,53,IP,UDP,96.0,0,96,1,96.0,1.0,1,0
443,200.18.102.1,200.18.102.23,53,58007,IP,UDP,277.0,0,277,1,277.0,1.0,1,0
444,200.18.102.1,200.18.102.23,53,50726,IP,UDP,277.0,0,277,1,277.0,1.0,1,0
445,200.18.102.1,200.18.102.23,53,60657,IP,UDP,205.0,0,205,1,205.0,1.0,1,0
446,200.18.102.23,200.18.102.1,62930,53,IP,UDP,75.0,0,75,1,75.0,1.0,1,0
447,200.18.102.23,200.18.102.1,64891,53,IP,UDP,75.0,0,75,1,75.0,1.0,1,0
448,200.18.102.1,200.18.102.23,53,62930,IP,UDP,103.0,0,103,1,103.0,1.0,1,0
449,200.18.102.1,200.18.102.23,53,64891,IP,UDP,91.0,0,91,1,91.0,1.0,1,0
450,2801:b0:b0:116:603c:97ab:cfb1:19,2800:3f0:4001:831::2003,59403,443,IPv6,UDP,398.6,0.01675197344444444444444444444,3986,10,442.8888888888889,1.1111111111111112,9,0.018845970125
451,2800:3f0:4001:831::2003,2801:b0:b0:116:603c:97ab:cfb1:19,443,59403,IPv6,UDP,478.7,0.010388093,4787,10,531.8888888888889,1.1111111111111112,9,0.011686604625
452,200.18.102.23,200.18.102.1,50562,53,IP,UDP,93.0,0,93,1,93.0,1.0,1,0
453,200.18.102.23,200.18.102.1,59774,53,IP,UDP,93.0,0,93,1,93.0,1.0,1,0
454,200.18.102.23,200.18.102.1,56716,53,IP,UDP,93.0,0,93,1,93.0,1.0,1,0
455,200.18.102.1,200.18.102.23,53,50562,IP,UDP,277.0,0,277,1,277.0,1.0,1,0
456,200.18.102.1,200.18.102.23,53,56716,IP,UDP,277.0,0,277,1,277.0,1.0,1,0
457,200.18.102.1,200.18.102.23,53,59774,IP,UDP,214.0,0,214,1,214.0,1.0,1,0
458,200.18.102.23,200.18.102.1,50839,53,IP,UDP,79.0,0,79,1,79.0,1.0,1,0
459,200.18.102.23,200.18.102.1,60156,53,IP,UDP,79.0,0,79,1,79.0,1.0,1,0
460,200.18.102.23,200.18.102.1,62617,53,IP,UDP,79.0,0,79,1,79.0,1.0,1,0
461,200.18.102.1,200.18.102.23,53,60156,IP,UDP,95.0,0,95,1,95.0,1.0,1,0
462,200.18.102.1,200.18.102.23,53,50839,IP,UDP,107.0,0,107,1,107.0,1.0,1,0
463,2801:b0:b0:116:603c:97ab:cfb1:19,2800:3f0:4003:c00::54,60345,443,IPv6,UDP,523.9090909090909,0.0351765141,5763,11,523.9090909090909,1.0,11,0.0351765141
464,200.18.102.1,200.18.102.23,53,62617,IP,UDP,129.0,0,129,1,129.0,1.0,1,0
465,2800:3f0:4003:c00::54,2801:b0:b0:116:603c:97ab:cfb1:19,443,60345,IPv6,UDP,370.64285714285717,0.02881507446153846153846153846,5189,14,432.4166666666667,1.1666666666666667,12,0.03405417890909090909090909091
466,200.18.102.23,239.255.255.250,63003,1900,IP,UDP,216.0,1.009291311,864,4,864.0,4.0,1,0
467,200.18.102.28,239.255.255.250,50802,1900,IP,UDP,217.0,1.014618322333333333333333333,868,4,868.0,4.0,1,0
468,200.18.102.28,239.255.255.250,50803,1900,IP,UDP,216.0,1.014609748333333333333333333,864,4,864.0,4.0,1,0
469,200.18.102.17,239.255.255.250,49528,1900,IP,UDP,216.0,1.004313355333333333333333333,864,4,864.0,4.0,1,0
470,200.18.102.17,239.255.255.250,49529,1900,IP,UDP,217.0,1.009694315,868,4,868.0,4.0,1,0
471,200.18.102.23,200.18.102.1,64606,53,IP,UDP,96.0,0,96,1,96.0,1.0,1,0
472,200.18.102.23,200.18.102.1,52011,53,IP,UDP,96.0,0,96,1,96.0,1.0,1,0
473,200.18.102.23,200.18.102.1,64230,53,IP,UDP,96.0,0,96,1,96.0,1.0,1,0
474,200.18.102.1,200.18.102.23,53,52011,IP,UDP,205.0,0,205,1,205.0,1.0,1,0
475,200.18.102.1,200.18.102.23,53,64230,IP,UDP,277.0,0,277,1,277.0,1.0,1,0
476,200.18.102.1,200.18.102.23,53,64606,IP,UDP,277.0,0,277,1,277.0,1.0,1,0
477,200.18.102.23,200.18.102.1,62203,53,IP,UDP,93.0,0,93,1,93.0,1.0,1,0
478,200.18.102.23,200.18.102.1,63652,53,IP,UDP,93.0,0,93,1,93.0,1.0,1,0
479,200.18.102.23,200.18.102.1,59584,53,IP,UDP,93.0,0,93,1,93.0,1.0,1,0
480,200.18.102.1,200.18.102.23,53,62203,IP,UDP,278.0,0,278,1,278.0,1.0,1,0
481,200.18.102.1,200.18.102.23,53,59584,IP,UDP,277.0,0,277,1,277.0,1.0,1,0
482,200.18.102.1,200.18.102.23,53,63652,IP,UDP,221.0,0,221,1,221.0,1.0,1,0
483,200.18.102.23,200.18.102.1,55656,53,IP,UDP,75.0,0,75,1,75.0,1.0,1,0
484,200.18.102.23,200.18.102.1,56188,53,IP,UDP,75.0,0,75,1,75.0,1.0,1,0
485,200.18.102.23,200.18.102.1,55852,53,IP,UDP,75.0,0,75,1,75.0,1.0,1,0
486,200.18.102.1,200.18.102.23,53,56188,IP,UDP,91.0,0,91,1,91.0,1.0,1,0
487,200.18.102.1,200.18.102.23,53,55656,IP,UDP,103.0,0,103,1,103.0,1.0,1,0
488,2801:b0:b0:116:603c:97ab:cfb1:19,2800:3f0:4001:819::200e,49260,443,IPv6,UDP,608.1538461538462,0.02986295775,7906,13,658.8333333333334,1.0833333333333333,12,0.03257777209090909090909090909
489,200.18.102.1,200.18.102.23,53,55852,IP,UDP,125.0,0,125,1,125.0,1.0,1,0
490,2800:3f0:4001:819::200e,2801:b0:b0:116:603c:97ab:cfb1:19,443,49260,IPv6,UDP,391.15384615384613,0.02682888525,5085,13,423.75,1.0833333333333333,12,0.02926787481818181818181818182
491,200.18.102.23,200.18.102.1,56853,53,IP,UDP,75.0,0,75,1,75.0,1.0,1,0
492,200.18.102.23,200.18.102.1,55134,53,IP,UDP,75.0,0,75,1,75.0,1.0,1,0
493,200.18.102.23,200.18.102.1,59734,53,IP,UDP,75.0,0,75,1,75.0,1.0,1,0
494,200.18.102.1,200.18.102.23,53,56853,IP,UDP,103.0,0,103,1,103.0,1.0,1,0
495,200.18.102.1,200.18.102.23,53,55134,IP,UDP,91.0,0,91,1,91.0,1.0,1,0
496,2801:b0:b0:116:603c:97ab:cfb1:19,2800:3f0:4001:831::2003,51235,443,IPv6,UDP,398.6,0.01556361266666666666666666667,3986,10,442.8888888888889,1.1111111111111112,9,0.01750906425
497,200.18.102.1,200.18.102.23,53,59734,IP,UDP,135.0,0,135,1,135.0,1.0,1,0
498,2800:3f0:4001:831::2003,2801:b0:b0:116:603c:97ab:cfb1:19,443,51235,IPv6,UDP,478.7,0.009506582888888888888888888889,4787,10,531.8888888888889,1.1111111111111112,9,0.01069490575
499,200.18.102.23,200.18.102.1,55566,53,IP,UDP,82.0,0,82,1,82.0,1.0,1,0
500,200.18.102.23,200.18.102.1,50925,53,IP,UDP,82.0,0,82,1,82.0,1.0,1,0
501,200.18.102.23,200.18.102.1,57756,53,IP,UDP,82.0,0,82,1,82.0,1.0,1,0
502,200.18.102.23,200.18.102.1,64580,53,IP,UDP,80.0,0,80,1,80.0,1.0,1,0
503,200.18.102.23,200.18.102.1,55350,53,IP,UDP,80.0,0,80,1,80.0,1.0,1,0
504,200.18.102.23,200.18.102.1,59119,53,IP,UDP,80.0,0,80,1,80.0,1.0,1,0
505,200.18.102.23,200.18.102.1,63048,53,IP,UDP,105.0,0,105,1,105.0,1.0,1,0
506,200.18.102.1,200.18.102.23,53,64580,IP,UDP,136.0,0,136,1,136.0,1.0,1,0
507,200.18.102.23,200.18.102.1,65064,53,IP,UDP,105.0,0,105,1,105.0,1.0,1,0
508,200.18.102.23,200.18.102.1,62220,53,IP,UDP,105.0,0,105,1,105.0,1.0,1,0
509,200.18.102.1,200.18.102.23,53,55350,IP,UDP,112.0,0,112,1,112.0,1.0,1,0
510,2801:b0:b0:116:603c:97ab:cfb1:19,2606:4700::6811:190e,62642,443,IPv6,UDP,380.22222222222223,0.0297428775,3422,9,488.85714285714283,1.2857142857142858,7,0.039657170
511,200.18.102.1,200.18.102.23,53,59119,IP,UDP,153.0,0,153,1,153.0,1.0,1,0
512,2606:4700::6811:190e,2801:b0:b0:116:603c:97ab:cfb1:19,443,62642,IPv6,UDP,458.4,0.02157582711111111111111111111,4584,10,573.0,1.25,8,0.02774034914285714285714285714
513,200.18.102.1,200.18.102.23,53,55566,IP,UDP,306.0,0,306,1,306.0,1.0,1,0
514,200.18.102.1,200.18.102.23,53,57756,IP,UDP,166.0,0,166,1,166.0,1.0,1,0
515,200.18.102.1,200.18.102.23,53,50925,IP,UDP,146.0,0,146,1,146.0,1.0,1,0
516,200.18.102.1,200.18.102.23,53,65064,IP,UDP,481.0,0,481,1,481.0,1.0,1,0
517,200.18.102.1,200.18.102.23,53,63048,IP,UDP,174.0,0,174,1,174.0,1.0,1,0
518,200.18.102.1,200.18.102.23,53,62220,IP,UDP,174.0,0,174,1,174.0,1.0,1,0
519,200.18.102.23,200.18.102.1,56384,53,IP,UDP,80.0,0,80,1,80.0,1.0,1,0
520,200.18.102.23,200.18.102.1,50174,53,IP,UDP,80.0,0,80,1,80.0,1.0,1,0
521,200.18.102.23,200.18.102.1,55519,53,IP,UDP,80.0,0,80,1,80.0,1.0,1,0
522,2801:b0:b0:116:603c:97ab:cfb1:19,2600:9000:238f:9600:13:6d1c:53c0:93a1,44678,443,IPv6,TCP,146.22222222222223,2.41670724275,1316,9,263.2,1.8,5,0.013948766
523,200.18.102.23,189.9.113.13,44679,443,IP,TCP,124.88888888888889,2.431083372125,1124,9,224.8,1.8,5,0.13711346775
524,200.18.102.1,200.18.102.23,53,56384,IP,UDP,108.0,0,108,1,108.0,1.0,1,0
525,200.18.102.1,200.18.102.23,53,50174,IP,UDP,96.0,0,96,1,96.0,1.0,1,0
526,2600:9000:238f:9600:13:6d1c:53c0:93a1,2801:b0:b0:116:603c:97ab:cfb1:19,443,44678,IPv6,TCP,638.4545454545455,1.9322235269,7023,11,1003.2857142857143,1.5714285714285714,7,3.220372544833333333333333333
527,2801:b0:b0:116:603c:97ab:cfb1:19,2800:3f0:4001:822::200a,59624,443,IPv6,UDP,345.0,0.01076069855555555555555555556,3450,10,492.85714285714283,1.4285714285714286,7,0.01605323916666666666666666667
528,2800:3f0:4001:822::200a,2801:b0:b0:116:603c:97ab:cfb1:19,443,59624,IPv6,UDP,766.4444444444445,0.013848376875,6898,9,1149.6666666666667,1.5,6,0.022157403
529,200.18.102.1,200.18.102.23,53,55519,IP,UDP,140.0,0,140,1,140.0,1.0,1,0
530,189.9.113.13,200.18.102.23,443,44679,IP,TCP,477.375,2.760913422285714285714285714,3819,8,636.5,1.3333333333333333,6,3.8652787912
531,200.18.102.23,200.18.102.1,58927,53,IP,UDP,77.0,0,77,1,77.0,1.0,1,0
532,200.18.102.23,200.18.102.1,61406,53,IP,UDP,77.0,0,77,1,77.0,1.0,1,0
533,200.18.102.1,200.18.102.23,53,58927,IP,UDP,105.0,0,105,1,105.0,1.0,1,0
534,200.18.102.1,200.18.102.23,53,61406,IP,UDP,93.0,0,93,1,93.0,1.0,1,0
535,200.18.102.23,200.18.102.1,57990,53,IP,UDP,77.0,0,77,1,77.0,1.0,1,0
536,2801:b0:b0:116:603c:97ab:cfb1:19,2800:3f0:4001:82e::2003,44680,443,IPv6,TCP,143.22222222222223,1.81513338375,1289,9,257.8,1.8,5,0.0341575715
537,2800:3f0:4001:82e::2003,2801:b0:b0:116:603c:97ab:cfb1:19,443,44680,IPv6,TCP,680.8888888888889,1.8133844595,6128,9,1021.3333333333334,1.5,6,2.9014151352
538,200.18.102.1,200.18.102.23,53,57990,IP,UDP,137.0,0,137,1,137.0,1.0,1,0
539,200.18.102.23,200.18.102.1,52757,53,IP,UDP,84.0,0,84,1,84.0,1.0,1,0
540,200.18.102.23,200.18.102.1,49587,53,IP,UDP,84.0,0,84,1,84.0,1.0,1,0
541,200.18.102.1,200.18.102.23,53,52757,IP,UDP,112.0,0,112,1,112.0,1.0,1,0
542,200.18.102.23,200.18.102.1,63545,53,IP,UDP,84.0,0,84,1,84.0,1.0,1,0
543,200.18.102.1,200.18.102.23,53,49587,IP,UDP,100.0,0,100,1,100.0,1.0,1,0
544,200.18.102.1,200.18.102.23,53,63545,IP,UDP,144.0,0,144,1,144.0,1.0,1,0
545,2801:b0:b0:116:603c:97ab:cfb1:19,2800:3f0:4001:82e::2008,65427,443,IPv6,UDP,151.9,0.005997633591836734693877551020,7595,50,542.5,3.5714285714285716,14,0.02260646507692307692307692308
546,2800:3f0:4001:82e::2008,2801:b0:b0:116:603c:97ab:cfb1:19,443,65427,IPv6,UDP,1195.0116279069769,0.002917941458823529411764705882,102771,86,4110.84,3.44,25,0.010334376
547,2801:b0:b0:116:603c:97ab:cfb1:19,2800:3f0:4001:82e::2008,44681,443,IPv6,TCP,151.11111111111111,1.766923745375,1360,9,272.0,1.8,5,0.0344502525
548,2800:3f0:4001:82e::2008,2801:b0:b0:116:603c:97ab:cfb1:19,443,44681,IPv6,TCP,747.6666666666666,1.7653426775,6729,9,961.2857142857143,1.2857142857142858,7,2.353790236666666666666666667
549,200.18.102.23,200.18.102.1,65454,53,IP,UDP,84.0,0,84,1,84.0,1.0,1,0
550,200.18.102.23,200.18.102.1,52449,53,IP,UDP,84.0,0,84,1,84.0,1.0,1,0
551,200.18.102.23,200.18.102.1,50171,53,IP,UDP,84.0,0,84,1,84.0,1.0,1,0
552,200.18.102.1,200.18.102.23,53,52449,IP,UDP,100.0,0,100,1,100.0,1.0,1,0
553,200.18.102.1,200.18.102.23,53,65454,IP,UDP,112.0,0,112,1,112.0,1.0,1,0
554,2801:b0:b0:116:603c:97ab:cfb1:19,2800:3f0:4001:834::200e,58566,443,IPv6,UDP,276.5,0.2685032647368421052631578947,5530,20,325.29411764705884,1.1764705882352942,17,0.318847626875
555,200.18.102.1,200.18.102.23,53,50171,IP,UDP,144.0,0,144,1,144.0,1.0,1,0
556,2800:3f0:4001:834::200e,2801:b0:b0:116:603c:97ab:cfb1:19,443,58566,IPv6,UDP,537.7058823529412,0.3181282086875,9141,17,652.9285714285714,1.2142857142857142,14,0.3915424106923076923076923077
557,2801:b0:b0:116:603c:97ab:cfb1:19,2800:3f0:4001:834::200e,44682,443,IPv6,TCP,151.11111111111111,1.606759836375,1360,9,272.0,1.8,5,0.039834528
558,2800:3f0:4001:834::200e,2801:b0:b0:116:603c:97ab:cfb1:19,443,44682,IPv6,TCP,680.3,1.426807465111111111111111111,6803,10,1133.8333333333333,1.6666666666666667,6,2.5682534372
559,200.18.102.23,200.18.102.1,57253,53,IP,UDP,78.0,0,78,1,78.0,1.0,1,0
560,200.18.102.23,200.18.102.1,58998,53,IP,UDP,78.0,0,78,1,78.0,1.0,1,0
561,200.18.102.1,200.18.102.23,53,57253,IP,UDP,190.0,0,190,1,190.0,1.0,1,0
562,200.18.102.23,200.18.102.1,49705,53,IP,UDP,78.0,0,78,1,78.0,1.0,1,0
563,200.18.102.23,200.18.102.1,51425,53,IP,UDP,76.0,0,76,1,76.0,1.0,1,0
564,200.18.102.23,200.18.102.1,56259,53,IP,UDP,76.0,0,76,1,76.0,1.0,1,0
565,200.18.102.1,200.18.102.23,53,51425,IP,UDP,104.0,0,104,1,104.0,1.0,1,0
566,200.18.102.23,200.18.102.1,50170,53,IP,UDP,76.0,0,76,1,76.0,1.0,1,0
567,200.18.102.1,200.18.102.23,53,58998,IP,UDP,334.0,0,334,1,334.0,1.0,1,0
568,200.18.102.1,200.18.102.23,53,56259,IP,UDP,92.0,0,92,1,92.0,1.0,1,0
569,200.18.102.23,200.18.102.1,62415,53,IP,UDP,75.0,0,75,1,75.0,1.0,1,0
570,200.18.102.1,200.18.102.23,53,62415,IP,UDP,124.0,0,124,1,124.0,1.0,1,0
571,200.18.102.23,200.18.102.1,63663,53,IP,UDP,75.0,0,75,1,75.0,1.0,1,0
572,200.18.102.23,200.18.102.1,59144,53,IP,UDP,75.0,0,75,1,75.0,1.0,1,0
573,200.18.102.23,200.18.102.1,61176,53,IP,UDP,75.0,0,75,1,75.0,1.0,1,0
574,200.18.102.23,200.18.102.1,50212,53,IP,UDP,75.0,0,75,1,75.0,1.0,1,0
575,200.18.102.23,200.18.102.1,51662,53,IP,UDP,75.0,0,75,1,75.0,1.0,1,0
576,200.18.102.1,200.18.102.23,53,63663,IP,UDP,112.0,0,112,1,112.0,1.0,1,0
577,200.18.102.1,200.18.102.23,53,61176,IP,UDP,103.0,0,103,1,103.0,1.0,1,0
578,200.18.102.1,200.18.102.23,53,50212,IP,UDP,91.0,0,91,1,91.0,1.0,1,0
579,2801:b0:b0:116:603c:97ab:cfb1:19,2800:3f0:4001:81d::200e,54748,443,IPv6,UDP,205.5,0.1372351674923076923076923077,13563,66,411.0,2.0,33,0.27875893396875
580,200.18.102.1,200.18.102.23,53,49705,IP,UDP,138.0,0,138,1,138.0,1.0,1,0
581,2801:b0:b0:116:603c:97ab:cfb1:19,2800:3f0:4001:81f::200a,61982,443,IPv6,UDP,317.4,0.01492621992857142857142857143,4761,15,366.2307692307692,1.1538461538461537,13,0.01741392325
582,200.18.102.1,200.18.102.23,53,50170,IP,UDP,126.0,0,126,1,126.0,1.0,1,0
583,2800:3f0:4001:81d::200e,2801:b0:b0:116:603c:97ab:cfb1:19,443,54748,IPv6,UDP,1025.137254901961,0.08828004981188118811881188119,104564,102,2826.054054054054,2.7567567567567566,37,0.2476745841944444444444444444
584,2800:3f0:4001:81f::200a,2801:b0:b0:116:603c:97ab:cfb1:19,443,61982,IPv6,UDP,641.2666666666667,0.01518169628571428571428571429,9619,15,801.5833333333334,1.25,12,0.01932215890909090909090909091
585,200.18.102.1,200.18.102.23,53,59144,IP,UDP,156.0,0,156,1,156.0,1.0,1,0
586,2801:b0:b0:116:603c:97ab:cfb1:19,2800:3f0:4001:819::200e,55035,443,IPv6,UDP,549.8915662650602,0.1449617516585365853658536585,45641,83,702.1692307692308,1.2769230769230768,65,0.1857322443125
587,200.18.102.1,200.18.102.23,53,51662,IP,UDP,135.0,0,135,1,135.0,1.0,1,0
588,2801:b0:b0:116:603c:97ab:cfb1:19,2800:3f0:4001:822::2003,50060,443,IPv6,UDP,250.69565217391303,0.3389606314090909090909090909,5766,23,288.3,1.15,20,0.3924807311052631578947368421
589,200.18.102.23,200.18.102.1,55538,53,IP,UDP,80.0,0,80,1,80.0,1.0,1,0
590,200.18.102.23,200.18.102.1,58197,53,IP,UDP,80.0,0,80,1,80.0,1.0,1,0
591,200.18.102.23,200.18.102.1,49706,53,IP,UDP,80.0,0,80,1,80.0,1.0,1,0
592,200.18.102.23,200.18.102.1,59055,53,IP,UDP,77.0,0,77,1,77.0,1.0,1,0
593,200.18.102.23,200.18.102.1,57467,53,IP,UDP,77.0,0,77,1,77.0,1.0,1,0
594,200.18.102.23,200.18.102.1,50927,53,IP,UDP,77.0,0,77,1,77.0,1.0,1,0
595,200.18.102.1,200.18.102.23,53,58197,IP,UDP,96.0,0,96,1,96.0,1.0,1,0
596,200.18.102.1,200.18.102.23,53,59055,IP,UDP,105.0,0,105,1,105.0,1.0,1,0
597,200.18.102.1,200.18.102.23,53,57467,IP,UDP,93.0,0,93,1,93.0,1.0,1,0
598,2800:3f0:4001:819::200e,2801:b0:b0:116:603c:97ab:cfb1:19,443,55035,IPv6,UDP,431.83116883116884,0.1561198987236842105263157895,33251,77,496.2835820895522,1.1492537313432836,67,0.1797744288333333333333333333
599,2800:3f0:4001:822::2003,2801:b0:b0:116:603c:97ab:cfb1:19,443,50060,IPv6,UDP,392.64,0.311708806875,9816,25,467.42857142857144,1.1904761904761905,21,0.37405056825
600,2801:b0:b0:116:603c:97ab:cfb1:19,2800:3f0:4001:82e::2003,51687,443,IPv6,UDP,375.5,0.009405946777777777777777777778,3755,10,469.375,1.25,8,0.01187034414285714285714285714
601,200.18.102.1,200.18.102.23,53,50927,IP,UDP,137.0,0,137,1,137.0,1.0,1,0
602,200.18.102.1,200.18.102.23,53,49706,IP,UDP,140.0,0,140,1,140.0,1.0,1,0
603,2800:3f0:4001:82e::2003,2801:b0:b0:116:603c:97ab:cfb1:19,443,51687,IPv6,UDP,745.2727272727273,0.0072112701,8198,11,1024.75,1.375,8,0.01030181442857142857142857143
604,2801:b0:b0:116:603c:97ab:cfb1:19,2800:3f0:4001:81d::200e,44683,443,IPv6,TCP,139.4,0.7178408066666666666666666667,1394,10,278.8,2.0,5,0.03914785175
605,2801:b0:b0:116:603c:97ab:cfb1:19,2800:3f0:4001:81f::200a,44684,443,IPv6,TCP,141.0,0.8080126415,1269,9,253.8,1.8,5,0.039143134
606,2800:3f0:4001:81d::200e,2801:b0:b0:116:603c:97ab:cfb1:19,443,44683,IPv6,TCP,868.2,0.7162850157777777777777777778,8682,10,1447.0,1.6666666666666667,6,1.2893130284
607,2800:3f0:4001:81f::200a,2801:b0:b0:116:603c:97ab:cfb1:19,443,44684,IPv6,TCP,802.0,0.9214651767142857142857142857,6416,8,1069.3333333333333,1.3333333333333333,6,1.2900512474
608,200.18.102.1,200.18.102.23,53,55538,IP,UDP,108.0,0,108,1,108.0,1.0,1,0
609,2801:b0:b0:116:603c:97ab:cfb1:19,2800:3f0:4001:822::200a,58822,443,IPv6,UDP,457.7142857142857,0.015411609,3204,7,640.8,1.4,5,0.02297910325
610,2800:3f0:4001:822::200a,2801:b0:b0:116:603c:97ab:cfb1:19,443,58822,IPv6,UDP,768.0,0.011916311125,6912,9,1152.0,1.5,6,0.0190660978
611,200.18.102.23,200.18.102.1,54024,53,IP,UDP,78.0,0,78,1,78.0,1.0,1,0
612,200.18.102.23,200.18.102.1,50755,53,IP,UDP,78.0,0,78,1,78.0,1.0,1,0
613,200.18.102.23,200.18.102.1,61005,53,IP,UDP,78.0,0,78,1,78.0,1.0,1,0
614,200.18.102.1,200.18.102.23,53,54024,IP,UDP,214.0,0,214,1,214.0,1.0,1,0
615,200.18.102.1,200.18.102.23,53,50755,IP,UDP,198.0,0,198,1,198.0,1.0,1,0
616,2801:b0:b0:116:603c:97ab:cfb1:19,2800:3f0:4003:c00::64,52058,443,IPv6,UDP,374.8181818181818,0.0358164167,4123,11,458.1111111111111,1.2222222222222223,9,0.044770520875
617,200.18.102.1,200.18.102.23,53,61005,IP,UDP,162.0,0,162,1,162.0,1.0,1,0
618,2800:3f0:4003:c00::64,2801:b0:b0:116:603c:97ab:cfb1:19,443,52058,IPv6,UDP,730.0,0.0350863739,8030,11,1003.75,1.375,8,0.05012339128571428571428571429
619,2801:b0:b0:116:603c:97ab:cfb1:19,2800:3f0:4003:c00::64,44685,443,IPv6,TCP,142.8,0.6860194831111111111111111111,1428,10,285.6,2.0,5,0.067598277
620,2800:3f0:4003:c00::64,2801:b0:b0:116:603c:97ab:cfb1:19,443,44685,IPv6,TCP,957.0,0.764050604625,8613,9,1230.4285714285713,1.2857142857142858,7,1.0187341395
621,2801:b0:b0:116:603c:97ab:cfb1:19,2800:3f0:4001:82e::2003,63928,443,IPv6,UDP,412.75,0.01016515285714285714285714286,3302,8,550.3333333333334,1.3333333333333333,6,0.0141394584
622,2800:3f0:4001:82e::2003,2801:b0:b0:116:603c:97ab:cfb1:19,443,63928,IPv6,UDP,746.3333333333334,0.010660319875,6717,9,1119.5,1.5,6,0.0170565118
623,200.18.102.23,200.18.102.1,54077,53,IP,UDP,98.0,0,98,1,98.0,1.0,1,0
624,200.18.102.23,200.18.102.1,49665,53,IP,UDP,98.0,0,98,1,98.0,1.0,1,0
625,200.18.102.23,200.18.102.1,58901,53,IP,UDP,98.0,0,98,1,98.0,1.0,1,0
626,200.18.102.23,200.18.102.1,59328,53,IP,UDP,85.0,0,85,1,85.0,1.0,1,0
627,200.18.102.1,200.18.102.23,53,49665,IP,UDP,143.0,0,143,1,143.0,1.0,1,0
628,200.18.102.23,200.18.102.1,51285,53,IP,UDP,85.0,0,85,1,85.0,1.0,1,0
629,200.18.102.23,200.18.102.1,64407,53,IP,UDP,85.0,0,85,1,85.0,1.0,1,0
630,200.18.102.1,200.18.102.23,53,51285,IP,UDP,130.0,0,130,1,130.0,1.0,1,0
631,200.18.102.1,200.18.102.23,53,58901,IP,UDP,208.0,0,208,1,208.0,1.0,1,0
632,200.18.102.1,200.18.102.23,53,64407,IP,UDP,195.0,0,195,1,195.0,1.0,1,0
633,200.18.102.1,200.18.102.23,53,59328,IP,UDP,142.0,0,142,1,142.0,1.0,1,0
634,200.18.102.1,200.18.102.23,53,54077,IP,UDP,155.0,0,155,1,155.0,1.0,1,0
635,2801:b0:b0:116:603c:97ab:cfb1:19,2800:3f0:4001:830::2001,55858,443,IPv6,UDP,258.6,0.2529156201052631578947368421,5172,20,323.25,1.25,16,0.3203597854666666666666666667
636,2801:b0:b0:116:603c:97ab:cfb1:19,2800:3f0:4001:830::2001,63372,443,IPv6,UDP,424.0,0.01117910057142857142857142857,3392,8,565.3333333333334,1.3333333333333333,6,0.0156507408
637,2800:3f0:4001:830::2001,2801:b0:b0:116:603c:97ab:cfb1:19,443,55858,IPv6,UDP,530.35,0.2541781041578947368421052632,10607,20,707.1333333333333,1.3333333333333333,15,0.3449559985
638,2800:3f0:4001:830::2001,2801:b0:b0:116:603c:97ab:cfb1:19,443,63372,IPv6,UDP,953.625,0.01015103657142857142857142857,7629,8,1525.8,1.6,5,0.017764314
639,2801:b0:b0:116:603c:97ab:cfb1:19,2800:3f0:4001:830::2001,44686,443,IPv6,TCP,128.9090909090909,0.5400712097,1418,11,283.6,2.2,5,0.03301460325
640,2800:3f0:4001:830::2001,2801:b0:b0:116:603c:97ab:cfb1:19,443,44686,IPv6,TCP,1008.0909090909091,0.5386543665,11089,11,1386.125,1.375,8,0.7695062378571428571428571429
641,2801:b0:b0:116:603c:97ab:cfb1:19,2800:3f0:4001:830::2001,44687,443,IPv6,TCP,144.8,0.5968859186666666666666666667,1448,10,289.6,2.0,5,0.03824858725
642,2800:3f0:4001:830::2001,2801:b0:b0:116:603c:97ab:cfb1:19,443,44687,IPv6,TCP,1011.8181818181819,0.5358447985,11130,11,1391.25,1.375,8,0.7654925692857142857142857143
643,200.18.102.23,200.18.102.1,59225,53,IP,UDP,79.0,0,79,1,79.0,1.0,1,0
644,200.18.102.23,200.18.102.1,57664,53,IP,UDP,79.0,0,79,1,79.0,1.0,1,0
645,200.18.102.23,200.18.102.1,57448,53,IP,UDP,79.0,0,79,1,79.0,1.0,1,0
646,200.18.102.1,200.18.102.23,53,59225,IP,UDP,131.0,0,131,1,131.0,1.0,1,0
647,200.18.102.1,200.18.102.23,53,57664,IP,UDP,119.0,0,119,1,119.0,1.0,1,0
648,2801:b0:b0:116:603c:97ab:cfb1:19,2800:3f0:4001:822::200e,60704,443,IPv6,UDP,256.53846153846155,0.1977727328684210526315789474,10005,39,285.85714285714283,1.1142857142857143,35,0.2210401132058823529411764706
649,200.18.102.1,200.18.102.23,53,57448,IP,UDP,163.0,0,163,1,163.0,1.0,1,0
650,2800:3f0:4001:822::200e,2801:b0:b0:116:603c:97ab:cfb1:19,443,60704,IPv6,UDP,305.61538461538464,0.1984963064210526315789473684,11919,39,331.0833333333333,1.0833333333333333,36,0.2155102755428571428571428571
651,2801:b0:b0:116:603c:97ab:cfb1:19,2800:3f0:4001:831::2003,49832,443,IPv6,UDP,334.53846153846155,0.5914855960833333333333333333,4349,13,362.4166666666667,1.0833333333333333,12,0.6452570139090909090909090909
652,2801:b0:b0:116:603c:97ab:cfb1:19,2800:3f0:4001:822::200e,44688,443,IPv6,TCP,142.33333333333334,0.554162004125,1281,9,256.2,1.8,5,0.02742893425
653,2800:3f0:4001:822::200e,2801:b0:b0:116:603c:97ab:cfb1:19,443,44688,IPv6,TCP,809.3333333333334,0.4017042750909090909090909091,9712,12,1618.6666666666667,2.0,6,0.8837494052
654,2800:3f0:4001:831::2003,2801:b0:b0:116:603c:97ab:cfb1:19,443,49832,IPv6,UDP,372.42857142857144,0.5439064706153846153846153846,5214,14,401.0769230769231,1.0769230769230769,13,0.5892320098333333333333333333
655,200.18.102.23,200.18.102.1,57039,53,IP,UDP,96.0,0,96,1,96.0,1.0,1,0
656,200.18.102.23,200.18.102.1,51405,53,IP,UDP,96.0,0,96,1,96.0,1.0,1,0
657,200.18.102.23,200.18.102.1,63264,53,IP,UDP,96.0,0,96,1,96.0,1.0,1,0
658,2801:b0:b0:116:603c:97ab:cfb1:19,2800:3f0:4001:822::200e,63706,443,IPv6,UDP,474.5188679245283,0.0817245244,50299,106,565.1573033707865,1.1910112359550562,89,0.09751221661363636363636363636
659,2800:3f0:4001:822::200e,2801:b0:b0:116:603c:97ab:cfb1:19,443,63706,IPv6,UDP,476.00877192982455,0.07591220446902654867256637168,54265,114,559.4329896907217,1.175257731958763,97,0.08935499067708333333333333333
660,2801:b0:b0:116:603c:97ab:cfb1:19,2800:3f0:4001:822::200e,44689,443,IPv6,TCP,142.9,0.466863216,1429,10,285.8,2.0,5,0.02316768675
661,2800:3f0:4001:822::200e,2801:b0:b0:116:603c:97ab:cfb1:19,443,44689,IPv6,TCP,957.4444444444445,0.52371122125,8617,9,1436.1666666666667,1.5,6,0.0166352114
662,200.18.102.1,200.18.102.23,53,51405,IP,UDP,112.0,0,112,1,112.0,1.0,1,0
663,200.18.102.1,200.18.102.23,53,57039,IP,UDP,124.0,0,124,1,124.0,1.0,1,0
664,200.18.102.1,200.18.102.23,53,63264,IP,UDP,156.0,0,156,1,156.0,1.0,1,0
665,2801:b0:b0:116:603c:97ab:cfb1:19,2800:3f0:4001:834::200a,52746,443,IPv6,UDP,273.4166666666667,0.1120314412,9843,36,317.51612903225805,1.1612903225806452,31,0.1307033480666666666666666667
666,2800:3f0:4001:834::200a,2801:b0:b0:116:603c:97ab:cfb1:19,443,52746,IPv6,UDP,305.93939393939394,0.12218955359375,10096,33,373.9259259259259,1.2222222222222223,27,0.1503871428846153846153846154
667,2801:b0:b0:116:603c:97ab:cfb1:19,2800:3f0:4001:834::200a,50081,443,IPv6,UDP,327.0483870967742,0.1349541499180327868852459016,20277,62,343.6779661016949,1.0508474576271187,59,0.1419345369827586206896551724
668,2800:3f0:4001:834::200a,2801:b0:b0:116:603c:97ab:cfb1:19,443,50081,IPv6,UDP,458.06349206349205,0.133165564,28858,63,497.55172413793105,1.0862068965517242,58,0.1448467538245614035087719298
669,200.18.102.23,200.18.102.1,64140,53,IP,UDP,89.0,0,89,1,89.0,1.0,1,0
670,200.18.102.1,200.18.102.23,53,64140,IP,UDP,117.0,0,117,1,117.0,1.0,1,0
671,200.18.102.23,200.18.102.1,55222,53,IP,UDP,89.0,0,89,1,89.0,1.0,1,0
672,200.18.102.23,200.18.102.1,55065,53,IP,UDP,89.0,0,89,1,89.0,1.0,1,0
673,200.18.102.1,200.18.102.23,53,55222,IP,UDP,105.0,0,105,1,105.0,1.0,1,0
674,2801:b0:b0:116:603c:97ab:cfb1:19,2800:3f0:4001:82f::200a,51266,443,IPv6,UDP,354.28125,0.2329641066774193548387096774,11337,32,404.89285714285717,1.1428571428571428,28,0.2674773076666666666666666667
675,2800:3f0:4001:82f::200a,2801:b0:b0:116:603c:97ab:cfb1:19,443,51266,IPv6,UDP,532.0,0.2403953856,16492,31,610.8148148148148,1.1481481481481481,27,0.2773792910769230769230769231
676,200.18.102.1,200.18.102.23,53,55065,IP,UDP,149.0,0,149,1,149.0,1.0,1,0
677,2801:b0:b0:116:603c:97ab:cfb1:19,2800:3f0:4001:82f::200a,44690,443,IPv6,TCP,143.9,0.3159775753333333333333333333,1439,10,287.8,2.0,5,0.03720908675
678,2800:3f0:4001:82f::200a,2801:b0:b0:116:603c:97ab:cfb1:19,443,44690,IPv6,TCP,990.1666666666666,0.2572059903636363636363636364,11882,12,1697.4285714285713,1.7142857142857142,7,0.4715443156666666666666666667
679,200.18.102.23,200.18.102.1,52589,53,IP,UDP,93.0,0,93,1,93.0,1.0,1,0
680,200.18.102.23,200.18.102.1,54517,53,IP,UDP,93.0,0,93,1,93.0,1.0,1,0
681,200.18.102.23,200.18.102.1,55719,53,IP,UDP,93.0,0,93,1,93.0,1.0,1,0
682,200.18.102.23,200.18.102.1,57615,53,IP,UDP,73.0,0,73,1,73.0,1.0,1,0
683,200.18.102.1,200.18.102.23,53,57615,IP,UDP,122.0,0,122,1,122.0,1.0,1,0
684,200.18.102.23,200.18.102.1,55184,53,IP,UDP,73.0,0,73,1,73.0,1.0,1,0
685,200.18.102.23,200.18.102.1,58220,53,IP,UDP,73.0,0,73,1,73.0,1.0,1,0
686,200.18.102.23,200.18.102.1,60507,53,IP,UDP,91.0,0,91,1,91.0,1.0,1,0
687,200.18.102.23,200.18.102.1,53034,53,IP,UDP,91.0,0,91,1,91.0,1.0,1,0
688,200.18.102.23,200.18.102.1,58031,53,IP,UDP,91.0,0,91,1,91.0,1.0,1,0
689,200.18.102.1,200.18.102.23,53,55184,IP,UDP,110.0,0,110,1,110.0,1.0,1,0
690,200.18.102.1,200.18.102.23,53,60507,IP,UDP,203.0,0,203,1,203.0,1.0,1,0
691,200.18.102.1,200.18.102.23,53,53034,IP,UDP,347.0,0,347,1,347.0,1.0,1,0
692,200.18.102.23,200.18.102.1,57415,53,IP,UDP,88.0,0,88,1,88.0,1.0,1,0
693,200.18.102.23,200.18.102.1,63530,53,IP,UDP,88.0,0,88,1,88.0,1.0,1,0
694,200.18.102.23,200.18.102.1,60719,53,IP,UDP,88.0,0,88,1,88.0,1.0,1,0
695,2801:b0:b0:116:603c:97ab:cfb1:19,2800:3f0:4001:834::200e,64231,443,IPv6,UDP,228.57894736842104,0.1904415852702702702702702703,8686,38,377.6521739130435,1.6521739130434783,23,0.3202881206818181818181818182
696,200.18.102.1,200.18.102.23,53,58031,IP,UDP,151.0,0,151,1,151.0,1.0,1,0
697,2801:b0:b0:116:603c:97ab:cfb1:19,2800:3f0:4001:82f::200a,65496,443,IPv6,UDP,238.5909090909091,0.2654942798571428571428571429,5249,22,262.45,1.1,20,0.2934410461578947368421052632
698,2800:3f0:4001:834::200e,2801:b0:b0:116:603c:97ab:cfb1:19,443,64231,IPv6,UDP,997.0192307692307,0.1380940734313725490196078431,51845,52,1620.15625,1.625,32,0.2271870240322580645161290323
699,2800:3f0:4001:82f::200a,2801:b0:b0:116:603c:97ab:cfb1:19,443,65496,IPv6,UDP,562.578947368421,0.3093590787222222222222222222,10689,19,668.0625,1.1875,16,0.3712308944666666666666666667
700,2801:b0:b0:116:603c:97ab:cfb1:19,2800:3f0:4001:834::200e,44691,443,IPv6,TCP,162.42857142857142,0.04557257383333333333333333333,1137,7,227.4,1.4,5,0.0683334025
701,2800:3f0:4001:834::200e,2801:b0:b0:116:603c:97ab:cfb1:19,443,44691,IPv6,TCP,1065.625,0.03594142685714285714285714286,8525,8,1420.8333333333333,1.3333333333333333,6,0.0503179976
702,2801:b0:b0:116:603c:97ab:cfb1:19,2800:3f0:4001:82f::200a,44692,443,IPv6,TCP,148.33333333333334,0.335875233125,1335,9,267.0,1.8,5,0.13119414925
703,2800:3f0:4001:82f::200a,2801:b0:b0:116:603c:97ab:cfb1:19,443,44692,IPv6,TCP,725.5555555555555,0.33439196625,6530,9,1088.3333333333333,1.5,6,0.535027146
704,200.18.102.1,200.18.102.23,53,58220,IP,UDP,154.0,0,154,1,154.0,1.0,1,0
705,200.18.102.1,200.18.102.23,53,57415,IP,UDP,116.0,0,116,1,116.0,1.0,1,0
706,200.18.102.1,200.18.102.23,53,63530,IP,UDP,104.0,0,104,1,104.0,1.0,1,0
707,200.18.102.1,200.18.102.23,53,60719,IP,UDP,148.0,0,148,1,148.0,1.0,1,0
708,200.18.102.1,200.18.102.23,53,54517,IP,UDP,109.0,0,109,1,109.0,1.0,1,0
709,200.18.102.1,200.18.102.23,53,52589,IP,UDP,121.0,0,121,1,121.0,1.0,1,0
710,200.18.102.1,200.18.102.23,53,55719,IP,UDP,153.0,0,153,1,153.0,1.0,1,0
711,2801:b0:b0:116:603c:97ab:cfb1:19,2800:3f0:4001:82e::200a,55857,443,IPv6,UDP,277.375,0.03429469626666666666666666667,4438,16,369.8333333333333,1.3333333333333333,12,0.04676549490909090909090909091
712,2801:b0:b0:116:603c:97ab:cfb1:19,2800:3f0:4001:81e::2001,59581,443,IPv6,UDP,398.0,0.0255630082,6368,16,489.84615384615387,1.2307692307692308,13,0.03195376025
713,2800:3f0:4001:82e::200a,2801:b0:b0:116:603c:97ab:cfb1:19,443,55857,IPv6,UDP,666.7142857142857,0.03956989453846153846153846154,9334,14,848.5454545454545,1.2727272727272727,11,0.0514408629
714,2800:3f0:4001:81e::2001,2801:b0:b0:116:603c:97ab:cfb1:19,443,59581,IPv6,UDP,701.6,0.02670699128571428571428571429,10524,15,877.0,1.25,12,0.03399071618181818181818181818
715,2801:b0:b0:116:603c:97ab:cfb1:19,2800:3f0:4001:82e::200a,44693,443,IPv6,TCP,131.63636363636363,0.2387794484,1448,11,289.6,2.2,5,0.0523718115
716,2800:3f0:4001:82e::200a,2801:b0:b0:116:603c:97ab:cfb1:19,443,44693,IPv6,TCP,919.4615384615385,0.1978450166666666666666666667,11953,13,1494.125,1.625,8,0.3391628857142857142857142857
717,2801:b0:b0:116:603c:97ab:cfb1:19,2800:3f0:4001:82e::200a,53418,443,IPv6,UDP,507.3333333333333,0.03149794192857142857142857143,7610,15,585.3846153846154,1.1538461538461537,13,0.03674759891666666666666666667
718,2800:3f0:4001:82e::200a,2801:b0:b0:116:603c:97ab:cfb1:19,443,53418,IPv6,UDP,611.4117647058823,0.0270581144375,10394,17,742.4285714285714,1.2142857142857142,14,0.03330229469230769230769230769
719,2801:b0:b0:116:603c:97ab:cfb1:19,2800:3f0:4001:82e::200a,44694,443,IPv6,TCP,131.63636363636363,0.1891615901,1448,11,289.6,2.2,5,0.0347828265
720,2800:3f0:4001:82e::200a,2801:b0:b0:116:603c:97ab:cfb1:19,443,44694,IPv6,TCP,919.5384615384615,0.1564882890833333333333333333,11954,13,1494.25,1.625,8,0.2682656384285714285714285714
721,200.18.102.23,200.18.102.1,64950,53,IP,UDP,89.0,0,89,1,89.0,1.0,1,0
722,200.18.102.23,200.18.102.1,61360,53,IP,UDP,89.0,0,89,1,89.0,1.0,1,0
723,200.18.102.23,200.18.102.1,61683,53,IP,UDP,89.0,0,89,1,89.0,1.0,1,0
724,200.18.102.1,200.18.102.23,53,61360,IP,UDP,105.0,0,105,1,105.0,1.0,1,0
725,200.18.102.1,200.18.102.23,53,64950,IP,UDP,117.0,0,117,1,117.0,1.0,1,0
726,2801:b0:b0:116:603c:97ab:cfb1:19,2800:3f0:4001:820::200a,59930,443,IPv6,UDP,371.15384615384613,0.02843569541666666666666666667,4825,13,438.6363636363636,1.1818181818181819,11,0.0341228345
727,200.18.102.1,200.18.102.23,53,61683,IP,UDP,149.0,0,149,1,149.0,1.0,1,0
728,2800:3f0:4001:820::200a,2801:b0:b0:116:603c:97ab:cfb1:19,443,59930,IPv6,UDP,630.5333333333333,0.02398545964285714285714285714,9458,15,788.1666666666666,1.25,12,0.03052694863636363636363636364
729,2801:b0:b0:116:603c:97ab:cfb1:19,2800:3f0:4001:820::200a,44695,443,IPv6,TCP,140.7,0.1374728521111111111111111111,1407,10,281.4,2.0,5,0.0466144755
730,2800:3f0:4001:820::200a,2801:b0:b0:116:603c:97ab:cfb1:19,443,44695,IPv6,TCP,919.7692307692307,0.10205294875,11957,13,1494.625,1.625,8,0.1749479121428571428571428571
731,2801:b0:b0:116:603c:97ab:cfb1:19,2800:3f0:4001:820::200a,61920,443,IPv6,UDP,550.4615384615385,0.03006395383333333333333333333,7156,13,596.3333333333334,1.0833333333333333,12,0.03279704054545454545454545455
732,2800:3f0:4001:820::200a,2801:b0:b0:116:603c:97ab:cfb1:19,443,61920,IPv6,UDP,495.1333333333333,0.02580187442857142857142857143,7427,15,530.5,1.0714285714285714,14,0.027786634
733,200.18.102.23,200.18.102.1,65407,53,IP,UDP,74.0,0,74,1,74.0,1.0,1,0
734,200.18.102.1,200.18.102.23,53,65407,IP,UDP,102.0,0,102,1,102.0,1.0,1,0
735,200.18.102.23,200.18.102.1,64951,53,IP,UDP,74.0,0,74,1,74.0,1.0,1,0
736,200.18.102.23,200.18.102.1,57367,53,IP,UDP,74.0,0,74,1,74.0,1.0,1,0
737,200.18.102.1,200.18.102.23,53,64951,IP,UDP,90.0,0,90,1,90.0,1.0,1,0
738,2801:b0:b0:116:603c:97ab:cfb1:19,2800:3f0:4001:833::2004,49373,443,IPv6,UDP,358.3888888888889,0.2161053196470588235294117647,6451,18,379.47058823529414,1.0588235294117647,17,0.229611902125
739,200.18.102.1,200.18.102.23,53,57367,IP,UDP,99.0,0,99,1,99.0,1.0,1,0
740,2800:3f0:4001:833::2004,2801:b0:b0:116:603c:97ab:cfb1:19,443,49373,IPv6,UDP,349.72222222222223,0.2156450040588235294117647059,6295,18,393.4375,1.125,16,0.2443976712666666666666666667
741,200.18.102.22,201.49.148.135,47135,123,IP,UDP,90.0,0,90,1,90.0,1.0,1,0
742,201.49.148.135,200.18.102.22,123,47135,IP,UDP,90.0,0,90,1,90.0,1.0,1,0
743,2801:b0:b0:116:603c:97ab:cfb1:19,2800:3f0:4001:831::2003,54423,443,IPv6,UDP,435.3333333333333,0.01087048275,3918,9,489.75,1.125,8,0.01242340885714285714285714286
744,2800:3f0:4001:831::2003,2801:b0:b0:116:603c:97ab:cfb1:19,443,54423,IPv6,UDP,696.3,0.01246863488888888888888888889,6963,10,994.7142857142857,1.4285714285714286,7,0.01870295233333333333333333333
745,2801:b0:b0:116:603c:97ab:cfb1:19,2800:3f0:4001:831::2003,44696,443,IPv6,TCP,171.85714285714286,0.02356909133333333333333333333,1203,7,240.6,1.4,5,0.035353637
746,2800:3f0:4001:831::2003,2801:b0:b0:116:603c:97ab:cfb1:19,443,44696,IPv6,TCP,853.4285714285714,0.01224873133333333333333333333,5974,7,1194.8,1.4,5,0.018373097
747,200.18.102.23,200.18.102.1,55318,53,IP,UDP,75.0,0,75,1,75.0,1.0,1,0
748,200.18.102.23,200.18.102.1,49938,53,IP,UDP,75.0,0,75,1,75.0,1.0,1,0
749,200.18.102.1,200.18.102.23,53,55318,IP,UDP,103.0,0,103,1,103.0,1.0,1,0
750,200.18.102.23,200.18.102.1,49922,53,IP,UDP,75.0,0,75,1,75.0,1.0,1,0
751,200.18.102.1,200.18.102.23,53,49938,IP,UDP,91.0,0,91,1,91.0,1.0,1,0
752,200.18.102.1,200.18.102.23,53,49922,IP,UDP,125.0,0,125,1,125.0,1.0,1,0
753,2801:b0:b0:116:603c:97ab:cfb1:19,2800:3f0:4001:801::200e,52568,443,IPv6,UDP,398.4166666666667,0.02538848127272727272727272727,4781,12,531.2222222222222,1.3333333333333333,9,0.034627344875
754,2800:3f0:4001:801::200e,2801:b0:b0:116:603c:97ab:cfb1:19,443,52568,IPv6,UDP,582.8125,0.0149620396,9325,16,621.6666666666666,1.0666666666666667,15,0.01603075671428571428571428571
755,200.18.102.23,200.18.102.1,57373,53,IP,UDP,79.0,0,79,1,79.0,1.0,1,0
756,200.18.102.23,200.18.102.1,63333,53,IP,UDP,79.0,0,79,1,79.0,1.0,1,0
757,200.18.102.23,200.18.102.1,55549,53,IP,UDP,79.0,0,79,1,79.0,1.0,1,0
758,200.18.102.1,200.18.102.23,53,57373,IP,UDP,128.0,0,128,1,128.0,1.0,1,0
759,200.18.102.1,200.18.102.23,53,63333,IP,UDP,116.0,0,116,1,116.0,1.0,1,0
760,200.18.102.1,200.18.102.23,53,55549,IP,UDP,160.0,0,160,1,160.0,1.0,1,0
761,200.18.102.23,200.18.102.1,56239,53,IP,UDP,91.0,0,91,1,91.0,1.0,1,0
762,200.18.102.1,200.18.102.23,53,56239,IP,UDP,119.0,0,119,1,119.0,1.0,1,0
763,200.18.102.23,200.18.102.1,51966,53,IP,UDP,91.0,0,91,1,91.0,1.0,1,0
764,200.18.102.23,200.18.102.1,53332,53,IP,UDP,91.0,0,91,1,91.0,1.0,1,0
765,200.18.102.1,200.18.102.23,53,51966,IP,UDP,107.0,0,107,1,107.0,1.0,1,0
766,2801:b0:b0:116:603c:97ab:cfb1:19,2800:3f0:4001:82f::200a,54910,443,IPv6,UDP,315.75,0.026086562,5052,16,388.61538461538464,1.2307692307692308,13,0.0326082025
767,200.18.102.1,200.18.102.23,53,53332,IP,UDP,151.0,0,151,1,151.0,1.0,1,0
768,2800:3f0:4001:82f::200a,2801:b0:b0:116:603c:97ab:cfb1:19,443,54910,IPv6,UDP,612.375,0.02762263246666666666666666667,9798,16,753.6923076923077,1.2307692307692308,13,0.03452829058333333333333333333
769,2801:b0:b0:116:603c:97ab:cfb1:19,2800:3f0:4001:82f::200a,44697,443,IPv6,TCP,148.33333333333334,0.019066744375,1335,9,267.0,1.8,5,0.03813348875
770,2800:3f0:4001:82f::200a,2801:b0:b0:116:603c:97ab:cfb1:19,443,44697,IPv6,TCP,990.75,0.008286551727272727272727272727,11889,12,1981.5,2.0,6,0.0182304138
771,200.18.102.23,200.18.102.1,57058,53,IP,UDP,79.0,0,79,1,79.0,1.0,1,0
772,200.18.102.1,200.18.102.23,53,57058,IP,UDP,107.0,0,107,1,107.0,1.0,1,0
773,200.18.102.23,200.18.102.1,55326,53,IP,UDP,79.0,0,79,1,79.0,1.0,1,0
774,200.18.102.23,200.18.102.1,59140,53,IP,UDP,79.0,0,79,1,79.0,1.0,1,0
775,200.18.102.1,200.18.102.23,53,55326,IP,UDP,95.0,0,95,1,95.0,1.0,1,0
776,2801:b0:b0:116:603c:97ab:cfb1:19,2800:3f0:4003:c00::54,56073,443,IPv6,UDP,467.4375,0.03647030346666666666666666667,7479,16,575.3076923076923,1.2307692307692308,13,0.04558787933333333333333333333
777,200.18.102.1,200.18.102.23,53,59140,IP,UDP,129.0,0,129,1,129.0,1.0,1,0
778,2800:3f0:4003:c00::54,2801:b0:b0:116:603c:97ab:cfb1:19,443,56073,IPv6,UDP,514.0769230769231,0.04469062958333333333333333333,6683,13,556.9166666666666,1.0833333333333333,12,0.04875341409090909090909090909
779,200.18.102.23,200.18.102.1,54700,53,IP,UDP,74.0,0,74,1,74.0,1.0,1,0
780,200.18.102.23,200.18.102.1,51462,53,IP,UDP,74.0,0,74,1,74.0,1.0,1,0
781,200.18.102.23,200.18.102.1,53489,53,IP,UDP,74.0,0,74,1,74.0,1.0,1,0
782,200.18.102.1,200.18.102.23,53,54700,IP,UDP,123.0,0,123,1,123.0,1.0,1,0
783,200.18.102.1,200.18.102.23,53,51462,IP,UDP,111.0,0,111,1,111.0,1.0,1,0
784,200.18.102.1,200.18.102.23,53,53489,IP,UDP,155.0,0,155,1,155.0,1.0,1,0
785,200.18.102.23,239.255.255.250,59215,1900,IP,UDP,216.0,0,216,1,216.0,1.0,1,0
