,ID,downlink deq_qdepth,downlink deq_timedelta,downlink enq_qdepth,time,uplink deq_qdepth,uplink deq_timedelta,uplink enq_qdepth
0,Ex24,0,46,0,2024-02-27 19:40:16.357722207,0,44,0
1,Ex24,0,51,0,2024-02-27 19:40:17.702602516,0,314,0
2,Ex24,0,67,0,2024-02-27 19:40:18.646372774,0,72,0
3,Ex24,0,35,0,2024-02-27 19:40:19.679254459,0,27,0
4,Ex24,0,45,0,2024-02-27 19:40:21.219631876,0,215,0
5,Ex24,0,25,0,2024-02-27 19:40:22.477238143,0,23,0
6,Ex24,0,26,0,2024-02-27 19:40:23.485097818,0,27,0
7,Ex24,0,45,0,2024-02-27 19:40:24.514592502,0,47,0
8,Ex24,0,36,0,2024-02-27 19:40:25.548600713,0,39,0
9,Ex24,0,25,0,2024-02-27 19:40:26.560884212,0,34,0
10,Ex24,0,25,0,2024-02-27 19:40:27.575519515,0,34,0
11,Ex24,0,22,0,2024-02-27 19:40:28.595862444,0,73,0
12,Ex24,1,1270,2,2024-02-27 19:40:29.608094563,0,36,0
13,Ex24,0,22,0,2024-02-27 19:40:30.620746401,0,22,0
14,Ex24,0,47,0,2024-02-27 19:40:31.630855349,0,67,0
15,Ex24,5,1341,0,2024-02-27 19:40:32.643430817,0,75,0
16,Ex24,0,47,0,2024-02-27 19:40:33.653512465,0,66,0
17,Ex24,0,49,0,2024-02-27 19:40:34.664989876,0,50,0
18,Ex24,0,51,0,2024-02-27 19:40:35.680142889,0,48,0
19,Ex24,0,39,0,2024-02-27 19:40:36.684051962,0,36,0
20,Ex24,0,162,0,2024-02-27 19:40:37.705729992,0,31,0
21,Ex24,0,2007,3,2024-02-27 19:40:38.715405375,0,22,0
22,Ex24,0,23,0,2024-02-27 19:40:39.735305153,0,26,0
23,Ex24,0,24,0,2024-02-27 19:40:40.751309546,0,27,0
24,Ex24,0,49,0,2024-02-27 19:40:41.765244865,0,48,0
25,Ex24,0,43,0,2024-02-27 19:40:42.780122819,0,69,0
26,Ex24,0,44,0,2024-02-27 19:40:43.785110652,0,45,0
27,Ex24,0,47,0,2024-02-27 19:40:44.807955028,0,49,0
28,Ex24,0,50,0,2024-02-27 19:40:45.816385782,0,47,0
29,Ex24,0,25,0,2024-02-27 19:40:46.834715277,0,33,0
30,Ex24,24,8185,16,2024-02-27 19:40:47.846416032,0,24,0
31,Ex24,0,25,0,2024-02-27 19:40:48.866126128,0,26,0
32,Ex24,29,25498,50,2024-02-27 19:40:49.877126634,0,28,0
33,Ex24,1,6076,12,2024-02-27 19:40:50.891521889,0,27,0
34,Ex24,1,1243,2,2024-02-27 19:40:51.918110377,0,37,0
35,Ex24,0,23,0,2024-02-27 19:40:52.942657551,0,34,0
36,Ex24,0,2294,4,2024-02-27 19:40:53.952316109,0,34,0
37,Ex24,0,25,0,2024-02-27 19:40:54.964317750,0,35,0
38,Ex24,0,25,0,2024-02-27 19:40:55.983414510,0,24,0
39,Ex24,1,2213,4,2024-02-27 19:40:57.000584013,0,82,0
40,Ex24,0,37,0,2024-02-27 19:40:58.015507860,0,41,0
41,Ex24,0,46,0,2024-02-27 19:40:59.024038532,0,49,0
42,Ex24,0,42,0,2024-02-27 19:41:00.092419733,0,46,0
43,Ex24,2,5083,10,2024-02-27 19:41:01.063747194,0,33,0
44,Ex24,2,6466,12,2024-02-27 19:41:02.079397567,0,56,0
45,Ex24,1,7280,14,2024-02-27 19:41:03.095244769,0,36,0
46,Ex24,1,3313,6,2024-02-27 19:41:04.104842652,0,211,0
47,Ex24,0,23,0,2024-02-27 19:41:05.115216319,0,33,0
48,Ex24,0,22,0,2024-02-27 19:41:06.136673763,0,33,0
49,Ex24,1,4363,8,2024-02-27 19:41:07.149060990,0,52,0
50,Ex24,1,4244,8,2024-02-27 19:41:08.166382623,0,39,0
51,Ex24,0,2657,5,2024-02-27 19:41:09.182668476,0,40,0
52,Ex24,2,8180,16,2024-02-27 19:41:10.245740251,0,38,0
53,Ex24,0,3573,7,2024-02-27 19:41:11.227815560,0,28,0
54,Ex24,1,2317,4,2024-02-27 19:41:12.262444377,0,23,0
55,Ex24,0,3787,7,2024-02-27 19:41:13.279432014,0,173,0
56,Ex24,0,5215,10,2024-02-27 19:41:14.310921973,0,27,0
57,Ex24,0,2084,4,2024-02-27 19:41:15.317158828,0,44,0
58,Ex24,0,23,0,2024-02-27 19:41:16.345411932,0,22,0
59,Ex24,0,25,0,2024-02-27 19:41:17.372106748,0,27,0
60,Ex24,2,5232,10,2024-02-27 19:41:18.385461005,0,70,0
61,Ex24,0,26,0,2024-02-27 19:41:19.417570518,0,33,0
62,Ex24,0,23,0,2024-02-27 19:41:20.434263267,0,35,0
63,Ex24,0,6280,12,2024-02-27 19:41:21.450074922,0,52,0
64,Ex24,0,21,0,2024-02-27 19:41:22.476026320,0,37,0
65,Ex24,0,5172,10,2024-02-27 19:41:23.514907669,0,47,0
66,Ex24,0,25,0,2024-02-27 19:41:24.539816487,0,39,0
67,Ex24,0,23,0,2024-02-27 19:41:25.550088203,0,23,0
68,Ex24,0,3311,6,2024-02-27 19:41:26.566763705,0,35,0
69,Ex24,0,22,0,2024-02-27 19:41:27.580106182,0,25,0
70,Ex24,1,8395,16,2024-02-27 19:41:28.602846057,0,39,0
71,Ex24,1,5072,10,2024-02-27 19:41:29.617038295,0,27,0
72,Ex24,2,5685,11,2024-02-27 19:41:30.643076457,0,29,0
73,Ex24,0,4186,8,2024-02-27 19:41:31.682468297,0,35,0
74,Ex24,0,1584,3,2024-02-27 19:41:32.752668648,0,37,0
75,Ex24,38,30019,60,2024-02-27 19:41:33.711771488,0,26,0
76,Ex24,0,6328,12,2024-02-27 19:41:34.733457014,0,39,0
77,Ex24,2,6323,12,2024-02-27 19:41:35.749379419,0,37,0
78,Ex24,0,6330,12,2024-02-27 19:41:36.783656915,0,218,0
79,Ex24,1,8155,16,2024-02-27 19:41:37.802128620,0,41,0
80,Ex24,0,8073,16,2024-02-27 19:41:38.818711419,0,43,0
81,Ex24,0,2236,4,2024-02-27 19:41:39.837743829,0,35,0
82,Ex24,0,1594,3,2024-02-27 19:41:40.855317573,0,23,0
83,Ex24,1,719,1,2024-02-27 19:41:41.880246122,0,25,0
84,Ex24,0,341,0,2024-02-27 19:41:42.886706704,0,34,0
85,Ex24,1,4840,9,2024-02-27 19:41:43.935642908,0,26,0
86,Ex24,3,2807,5,2024-02-27 19:41:44.913180553,0,55,0
87,Ex24,0,23,0,2024-02-27 19:41:45.937504746,0,35,0
88,Ex24,1,285,0,2024-02-27 19:41:46.952539840,0,35,0
89,Ex24,2,6093,12,2024-02-27 19:41:47.973061575,0,325,0
90,Ex24,0,3677,7,2024-02-27 19:41:48.983706558,0,50,0
91,Ex24,0,29,0,2024-02-27 19:41:50.074343992,0,33,0
92,Ex24,0,4148,8,2024-02-27 19:41:51.056611508,0,36,0
93,Ex24,0,617,0,2024-02-27 19:41:52.049467130,0,37,0
94,Ex24,2,6200,12,2024-02-27 19:41:53.069684526,0,25,0
95,Ex24,1,8352,16,2024-02-27 19:41:54.088166206,0,35,0
96,Ex24,0,4090,8,2024-02-27 19:41:55.102603981,0,55,0
97,Ex24,1,149,0,2024-02-27 19:41:56.117709106,0,24,0
98,Ex24,0,7224,14,2024-02-27 19:41:57.133488789,0,40,0
99,Ex24,0,5124,10,2024-02-27 19:41:58.153473143,0,30,0
100,Ex24,0,1525,3,2024-02-27 19:41:59.170003613,0,27,0
101,Ex24,1,4357,9,2024-02-27 19:42:00.188692925,0,260,0
102,Ex24,2,7262,14,2024-02-27 19:42:01.204369202,0,26,0
103,Ex24,0,1780,3,2024-02-27 19:42:02.215928027,0,24,0
104,Ex24,1,2238,4,2024-02-27 19:42:03.235304391,0,38,0
105,Ex24,0,35,0,2024-02-27 19:42:04.247777198,0,39,0
106,Ex24,0,751,1,2024-02-27 19:42:05.271589012,0,27,0
107,Ex24,1,2753,5,2024-02-27 19:42:06.302791512,0,37,0
108,Ex24,10,4159,8,2024-02-27 19:42:07.315536079,0,39,0
109,Ex24,1,5129,10,2024-02-27 19:42:08.346269711,0,26,0
110,Ex24,1,4099,8,2024-02-27 19:42:09.371267504,0,23,0
111,Ex24,0,24,0,2024-02-27 19:42:10.388548651,0,332,0
112,Ex24,1,4067,8,2024-02-27 19:42:11.407170415,0,39,0
113,Ex24,13,2593,5,2024-02-27 19:42:12.415623027,0,40,0
114,Ex24,0,4300,8,2024-02-27 19:42:13.437188451,0,36,0
115,Ex24,0,215,0,2024-02-27 19:42:14.464803894,0,35,0
116,Ex24,0,22,0,2024-02-27 19:42:15.478226484,0,36,0
117,Ex24,0,35,0,2024-02-27 19:42:16.486023104,0,52,0
118,Ex24,4,5111,10,2024-02-27 19:42:17.530256057,0,39,0
119,Ex24,0,2083,4,2024-02-27 19:42:18.525974819,0,28,0
120,Ex24,2,3617,7,2024-02-27 19:42:19.545538911,0,22,0
121,Ex24,0,514,1,2024-02-27 19:42:20.568913428,0,25,0
122,Ex24,0,6986,13,2024-02-27 19:42:21.578932467,0,25,0
123,Ex24,0,3544,7,2024-02-27 19:42:22.600406033,0,25,0
124,Ex24,1,6767,13,2024-02-27 19:42:23.622400696,0,34,0
125,Ex24,0,1710,3,2024-02-27 19:42:24.639497803,0,27,0
126,Ex24,1,5176,10,2024-02-27 19:42:25.685028241,0,38,0
127,Ex24,1,5063,10,2024-02-27 19:42:26.702569058,0,25,0
128,Ex24,0,7664,15,2024-02-27 19:42:27.716048695,0,86,0
129,Ex24,0,2844,5,2024-02-27 19:42:28.752659615,0,25,0
130,Ex24,1,251,0,2024-02-27 19:42:29.781691510,0,36,0
131,Ex24,3,6057,12,2024-02-27 19:42:30.804477446,0,24,0
132,Ex24,4,534,1,2024-02-27 19:42:31.816542299,0,23,0
133,Ex24,0,4107,8,2024-02-27 19:42:32.840280021,0,25,0
134,Ex24,44,18568,37,2024-02-27 19:42:33.888112714,0,837,1
135,Ex24,2,6926,13,2024-02-27 19:42:34.906935511,0,26,0
136,Ex24,0,21,0,2024-02-27 19:42:35.918612920,0,38,0
137,Ex24,1,8131,16,2024-02-27 19:42:36.949821175,0,39,0
138,Ex24,1,542,1,2024-02-27 19:42:37.968981260,0,26,0
139,Ex24,0,2240,4,2024-02-27 19:42:38.985655480,0,39,0
140,Ex24,0,1644,3,2024-02-27 19:42:40.101080593,0,27,0
141,Ex24,2,6524,12,2024-02-27 19:42:41.034130226,0,40,0
142,Ex24,4,588,1,2024-02-27 19:42:42.071763966,0,36,0
143,Ex24,0,5923,11,2024-02-27 19:42:43.098226699,0,30,0
144,Ex24,0,32,0,2024-02-27 19:42:44.108131128,0,35,0
145,Ex24,0,42,0,2024-02-27 19:42:45.134830151,0,56,0
146,Ex24,2,7695,15,2024-02-27 19:42:46.150570616,0,41,0
147,Ex24,1,8277,16,2024-02-27 19:42:47.173145488,0,38,0
148,Ex24,10,4001,7,2024-02-27 19:42:48.191311421,0,44,0
149,Ex24,0,24,0,2024-02-27 19:42:49.208657830,0,22,0
150,Ex24,1,594,1,2024-02-27 19:42:50.221173113,0,24,0
151,Ex24,1,3773,7,2024-02-27 19:42:51.248106432,0,38,0
152,Ex24,0,2310,4,2024-02-27 19:42:52.268927394,0,35,0
153,Ex24,2,5621,11,2024-02-27 19:42:53.285401127,0,39,0
154,Ex24,0,25,0,2024-02-27 19:42:54.297178238,0,23,0
155,Ex24,0,195,0,2024-02-27 19:42:55.303547432,0,26,0
156,Ex24,0,1790,3,2024-02-27 19:42:56.319553163,0,40,0
157,Ex24,0,36,0,2024-02-27 19:42:57.337646610,0,63,0
158,Ex24,0,36,0,2024-02-27 19:42:58.350402285,0,37,0
159,Ex24,0,44,0,2024-02-27 19:42:59.368409748,0,45,0
160,Ex24,0,43,0,2024-02-27 19:43:00.392874417,0,75,0
161,Ex24,1,883,1,2024-02-27 19:43:01.390479736,0,71,0
162,Ex24,0,45,0,2024-02-27 19:43:02.407740731,0,63,0
163,Ex24,0,38,0,2024-02-27 19:43:03.419132381,0,206,0
164,Ex24,0,2674,5,2024-02-27 19:43:04.435163548,0,58,0
165,Ex24,0,201,0,2024-02-27 19:43:05.447699368,0,44,0
166,Ex24,0,110,0,2024-02-27 19:43:06.452913186,0,93,0
167,Ex24,0,41,0,2024-02-27 19:43:07.475570486,0,66,0
168,Ex24,0,34,0,2024-02-27 19:43:08.486691977,0,74,0
169,Ex24,0,25,0,2024-02-27 19:43:09.502914634,0,22,0
170,Ex24,0,24,0,2024-02-27 19:43:10.514655186,0,26,0
171,Ex24,0,26,0,2024-02-27 19:43:11.519797368,0,35,0
172,Ex24,0,42,0,2024-02-27 19:43:12.539814155,0,44,0
173,Ex24,0,24,0,2024-02-27 19:43:13.554356943,0,25,0
174,Ex24,0,45,0,2024-02-27 19:43:14.571508260,0,40,0
175,Ex24,0,961,1,2024-02-27 19:43:15.577532556,0,66,0
176,Ex24,0,50,0,2024-02-27 19:43:16.587098680,0,42,0
177,Ex24,0,49,0,2024-02-27 19:43:17.600724356,0,72,0
178,Ex24,0,4664,9,2024-02-27 19:43:18.613283077,0,43,0
179,Ex24,0,49,0,2024-02-27 19:43:19.644306292,0,72,0
180,Ex24,49,18689,37,2024-02-27 19:43:20.677522742,0,56,0
181,Ex24,0,25,0,2024-02-27 19:43:21.696554913,0,22,0
182,Ex24,0,22,0,2024-02-27 19:43:22.834272563,0,24,0
183,Ex24,0,25,0,2024-02-27 19:43:24.032088914,0,26,0
184,Ex24,0,34,0,2024-02-27 19:43:25.050519494,0,24,0
185,Ex24,0,41,0,2024-02-27 19:43:26.066968814,0,326,0
186,Ex24,0,59,0,2024-02-27 19:43:27.074011745,0,37,0
187,Ex24,0,47,0,2024-02-27 19:43:28.102561755,0,44,0
188,Ex24,0,43,0,2024-02-27 19:43:29.145188027,0,45,0
189,Ex24,0,43,0,2024-02-27 19:43:30.153825560,0,67,0
190,Ex24,0,38,0,2024-02-27 19:43:31.179072093,0,48,0
191,Ex24,0,48,0,2024-02-27 19:43:32.191359539,0,45,0
192,Ex24,0,52,0,2024-02-27 19:43:33.208003146,0,49,0
193,Ex24,0,52,0,2024-02-27 19:43:34.230621014,0,50,0
194,Ex24,0,45,0,2024-02-27 19:43:35.242654577,0,48,0
195,Ex24,0,47,0,2024-02-27 19:43:36.263108141,0,75,0
196,Ex24,1,1035,1,2024-02-27 19:43:37.269321492,0,62,0
197,Ex24,0,1094,2,2024-02-27 19:43:38.287593928,0,40,0
198,Ex24,0,65,0,2024-02-27 19:43:39.308499449,0,53,0
199,Ex24,1,257,0,2024-02-27 19:43:40.361433495,0,38,0
200,Ex24,0,41,0,2024-02-27 19:43:41.372080573,0,64,0
201,Ex24,0,34,0,2024-02-27 19:43:42.437269807,0,38,0
202,Ex24,2,2937,5,2024-02-27 19:43:43.416960587,0,23,0
203,Ex24,0,22,0,2024-02-27 19:43:44.472845091,0,22,0
204,Ex24,0,24,0,2024-02-27 19:43:45.487070749,0,23,0
205,Ex24,0,28,0,2024-02-27 19:43:46.509570764,0,22,0
206,Ex24,0,24,0,2024-02-27 19:43:47.534308882,0,27,0
207,Ex24,0,43,0,2024-02-27 19:43:48.547373405,0,65,0
208,Ex24,2,2459,4,2024-02-27 19:43:49.578687733,0,60,0
209,Ex24,0,59,0,2024-02-27 19:43:50.573870283,0,55,0
210,Ex24,3,3034,6,2024-02-27 19:43:51.608885069,0,65,0
211,Ex24,0,43,0,2024-02-27 19:43:52.651199306,0,45,0
212,Ex24,9,3649,7,2024-02-27 19:43:53.684295079,0,37,0
213,Ex24,1,132,0,2024-02-27 19:43:54.683815035,0,24,0
214,Ex24,1,195,0,2024-02-27 19:43:55.717013599,0,414,0
215,Ex24,0,115,0,2024-02-27 19:43:56.744742871,0,23,0
216,Ex24,0,23,0,2024-02-27 19:43:57.745371960,0,42,0
217,Ex24,0,60,0,2024-02-27 19:43:58.767957979,0,38,0
218,Ex24,0,1889,3,2024-02-27 19:43:59.800686398,0,36,0
219,Ex24,0,33,0,2024-02-27 19:44:00.821369543,0,36,0
220,Ex24,0,23,0,2024-02-27 19:44:01.842779591,0,40,0
221,Ex24,2,2066,4,2024-02-27 19:44:02.870407384,0,25,0
222,Ex24,27,26435,52,2024-02-27 19:44:03.893457811,0,31,0
223,Ex24,0,23,0,2024-02-27 19:44:04.909530064,0,396,0
224,Ex24,2,5097,10,2024-02-27 19:44:05.943453973,0,23,0
225,Ex24,5,3043,6,2024-02-27 19:44:06.964230975,0,64,0
226,Ex24,4,521,1,2024-02-27 19:44:07.984468728,0,29,0
227,Ex24,1,5370,10,2024-02-27 19:44:09.010415666,0,37,0
228,Ex24,16,2339,4,2024-02-27 19:44:10.058029366,0,588,0
229,Ex24,1,6849,13,2024-02-27 19:44:11.046052800,0,40,0
230,Ex24,0,2543,5,2024-02-27 19:44:12.075927001,0,45,0
231,Ex24,0,24,0,2024-02-27 19:44:13.146238745,0,36,0
232,Ex24,0,1217,2,2024-02-27 19:44:14.210198483,0,23,0
233,Ex24,0,24,0,2024-02-27 19:44:15.185487507,0,38,0
234,Ex24,0,23,0,2024-02-27 19:44:16.205250539,0,27,0
235,Ex24,0,41,0,2024-02-27 19:44:17.227530433,0,43,0
236,Ex24,8,5017,9,2024-02-27 19:44:18.250281541,0,34,0
237,Ex24,0,34,0,2024-02-27 19:44:19.315813610,0,136,0
238,Ex24,1,1697,3,2024-02-27 19:44:20.399904027,0,35,0
239,Ex24,1,2460,4,2024-02-27 19:44:21.408172746,0,38,0
240,Ex24,1,7830,15,2024-02-27 19:44:22.434658131,0,40,0
241,Ex24,0,20,0,2024-02-27 19:44:23.452828712,0,39,0
242,Ex24,1,4166,8,2024-02-27 19:44:24.470552272,0,88,0
243,Ex24,0,24,0,2024-02-27 19:44:25.476621448,0,25,0
244,Ex24,1,9246,18,2024-02-27 19:44:26.508106083,0,33,0
245,Ex24,0,23,0,2024-02-27 19:44:27.516695167,0,35,0
246,Ex24,1,9833,19,2024-02-27 19:44:28.546932080,0,41,0
247,Ex24,5,1346,1,2024-02-27 19:44:29.559894501,0,2983,5
248,Ex24,1,8943,17,2024-02-27 19:44:30.659639845,0,39,0
249,Ex24,0,1048,2,2024-02-27 19:44:31.639098602,0,38,0
250,Ex24,1,1789,3,2024-02-27 19:44:32.642711608,0,37,0
251,Ex24,0,147,0,2024-02-27 19:44:33.678540943,0,23,0
252,Ex24,9,5581,11,2024-02-27 19:44:34.738002756,0,38,0
253,Ex24,1,5291,10,2024-02-27 19:44:35.708633044,0,38,0
254,Ex24,1,2763,5,2024-02-27 19:44:36.740562842,0,38,0
255,Ex24,3,5634,11,2024-02-27 19:44:37.770608815,0,39,0
256,Ex24,2,398,0,2024-02-27 19:44:38.778187281,0,50,0
257,Ex24,0,616,1,2024-02-27 19:44:39.809241902,0,40,0
258,Ex24,0,54,0,2024-02-27 19:44:40.819416363,0,42,0
259,Ex24,1,2863,5,2024-02-27 19:44:41.842463108,0,33,0
260,Ex24,2,428,0,2024-02-27 19:44:42.865703379,0,38,0
261,Ex24,1,2763,5,2024-02-27 19:44:43.876417935,0,120,0
262,Ex24,0,6657,13,2024-02-27 19:44:44.908371918,0,57,0
263,Ex24,0,25,0,2024-02-27 19:44:45.942853846,0,25,0
264,Ex24,0,23,0,2024-02-27 19:44:46.965854688,0,24,0
265,Ex24,0,26,0,2024-02-27 19:44:47.980519052,0,23,0
266,Ex24,0,22,0,2024-02-27 19:44:49.004058989,0,23,0
267,Ex24,0,5718,11,2024-02-27 19:44:50.106170250,0,31,0
268,Ex24,0,36,0,2024-02-27 19:44:51.042089716,0,31,0
269,Ex24,1,6026,12,2024-02-27 19:44:52.086906185,0,63,0
270,Ex24,1,7260,14,2024-02-27 19:44:53.130023653,0,23,0
271,Ex24,0,23,0,2024-02-27 19:44:54.140742863,0,27,0
272,Ex24,2,4234,8,2024-02-27 19:44:55.164238356,0,27,0
273,Ex24,0,1070,2,2024-02-27 19:44:56.208074568,0,27,0
274,Ex24,11,3398,6,2024-02-27 19:44:57.229217832,0,48,0
275,Ex24,0,2883,5,2024-02-27 19:44:58.245262673,0,37,0
276,Ex24,15,3152,6,2024-02-27 19:44:59.275206919,0,85,0
277,Ex24,0,4173,8,2024-02-27 19:45:00.362631325,0,27,0
278,Ex24,2,716,1,2024-02-27 19:45:01.580409578,0,24,0
279,Ex24,0,25,0,2024-02-27 19:45:02.564101222,0,26,0
280,Ex24,1,7778,15,2024-02-27 19:45:03.595997208,0,38,0
281,Ex24,0,751,1,2024-02-27 19:45:04.603593191,0,34,0
282,Ex24,0,23,0,2024-02-27 19:45:05.639073599,0,26,0
283,Ex24,0,22,0,2024-02-27 19:45:06.644180348,0,39,0
284,Ex24,2,7679,15,2024-02-27 19:45:07.677150232,0,40,0
285,Ex24,0,21,0,2024-02-27 19:45:08.680754845,0,38,0
286,Ex24,1,568,1,2024-02-27 19:45:09.709728939,0,39,0
287,Ex24,1,9135,18,2024-02-27 19:45:10.733822687,0,26,0
288,Ex24,3,7101,14,2024-02-27 19:45:11.749774757,0,27,0
289,Ex24,0,6626,13,2024-02-27 19:45:12.773344537,0,26,0
290,Ex24,0,114,0,2024-02-27 19:45:13.797958802,0,34,0
291,Ex24,0,600,1,2024-02-27 19:45:14.839065637,0,37,0
292,Ex24,1,7266,14,2024-02-27 19:45:15.841032352,0,38,0
293,Ex24,0,5621,11,2024-02-27 19:45:16.878907456,0,39,0
294,Ex24,0,24,0,2024-02-27 19:45:17.896874581,0,36,0
295,Ex24,1,3669,7,2024-02-27 19:45:18.916145497,0,29,0
296,Ex24,0,25,0,2024-02-27 19:45:19.946301287,0,24,0
297,Ex24,0,1336,2,2024-02-27 19:45:20.973054875,0,35,0
298,Ex24,0,6477,12,2024-02-27 19:45:21.976750332,0,402,0
299,Ex24,0,24,0,2024-02-27 19:45:23.002038065,0,25,0
300,Ex24,9,1802,3,2024-02-27 19:45:24.011679334,0,58,0
301,Ex24,0,23,0,2024-02-27 19:45:25.042084718,0,25,0
302,Ex24,1,7364,14,2024-02-27 19:45:26.067612712,0,23,0
303,Ex24,2,6200,12,2024-02-27 19:45:27.105409212,0,38,0
304,Ex24,0,3074,6,2024-02-27 19:45:28.138092267,0,39,0
305,Ex24,1,5834,11,2024-02-27 19:45:29.161930059,0,38,0
306,Ex24,0,42,0,2024-02-27 19:45:30.210795991,0,43,0
307,Ex24,1,6304,12,2024-02-27 19:45:31.212651376,0,27,0
308,Ex24,1,143,0,2024-02-27 19:45:32.236055141,0,23,0
309,Ex24,3,5175,10,2024-02-27 19:45:33.243662890,0,35,0
310,Ex24,0,53,0,2024-02-27 19:45:34.245368296,0,34,0
311,Ex24,1,8517,17,2024-02-27 19:45:35.277906926,0,40,0
312,Ex24,0,33,0,2024-02-27 19:45:36.304815040,0,33,0
313,Ex24,1,1919,3,2024-02-27 19:45:37.345259054,0,202,0
314,Ex24,0,33,0,2024-02-27 19:45:38.372235391,0,30,0
315,Ex24,3,1053,2,2024-02-27 19:45:39.402854417,0,60,0
316,Ex24,0,7134,14,2024-02-27 19:45:40.430848728,0,49,0
317,Ex24,1,5313,10,2024-02-27 19:45:41.446536053,0,24,0
318,Ex24,0,19,0,2024-02-27 19:45:42.474553683,0,21,0
319,Ex24,0,21,0,2024-02-27 19:45:43.508277093,0,39,0
320,Ex24,0,26,0,2024-02-27 19:45:44.540301682,0,40,0
321,Ex24,0,25,0,2024-02-27 19:45:45.544781956,0,21,0
322,Ex24,1,8055,16,2024-02-27 19:45:46.666767761,0,22,0
323,Ex24,0,25,0,2024-02-27 19:45:47.709236908,0,410,0
324,Ex24,0,26,0,2024-02-27 19:45:48.745781681,0,36,0
325,Ex24,0,3679,7,2024-02-27 19:45:49.780406545,0,48,0
326,Ex24,8,1563,3,2024-02-27 19:45:51.005227780,0,36,0
327,Ex24,1,6193,12,2024-02-27 19:45:51.844797395,0,27,0
328,Ex24,0,23,0,2024-02-27 19:45:52.887452357,0,34,0
329,Ex24,0,6798,13,2024-02-27 19:45:53.916188976,0,35,0
330,Ex24,0,6513,13,2024-02-27 19:45:54.947362126,0,27,0
331,Ex24,1,6127,12,2024-02-27 19:45:55.974366848,0,26,0
332,Ex24,0,11765,23,2024-02-27 19:45:57.011981001,0,38,0
333,Ex24,1,7916,15,2024-02-27 19:45:58.044095515,0,29,0
334,Ex24,0,22,0,2024-02-27 19:45:59.080318824,0,39,0
335,Ex24,2,6599,13,2024-02-27 19:46:00.157146988,0,39,0
336,Ex24,0,25,0,2024-02-27 19:46:01.148823321,0,38,0
337,Ex24,0,22,0,2024-02-27 19:46:02.201285207,0,325,0
338,Ex24,1,2274,4,2024-02-27 19:46:03.215925968,0,29,0
339,Ex24,0,4256,8,2024-02-27 19:46:04.241520439,0,38,0
340,Ex24,0,114,0,2024-02-27 19:46:05.274949120,0,38,0
341,Ex24,0,25,0,2024-02-27 19:46:06.302354041,0,24,0
342,Ex24,1,2640,5,2024-02-27 19:46:07.310669071,0,61,0
343,Ex24,2,7828,15,2024-02-27 19:46:08.340794447,0,40,0
344,Ex24,1,7150,14,2024-02-27 19:46:09.370931358,0,39,0
345,Ex24,0,5527,11,2024-02-27 19:46:10.379185087,0,29,0
346,Ex24,2,272,0,2024-02-27 19:46:11.406512972,0,346,0
347,Ex24,0,5988,11,2024-02-27 19:46:12.440279824,0,41,0
348,Ex24,1,6063,12,2024-02-27 19:46:14.481320075,0,27,0
349,Ex24,0,1603,3,2024-02-27 19:46:14.673632841,0,33,0
350,Ex24,12,5693,11,2024-02-27 19:46:15.509023567,0,24,0
351,Ex24,9,6152,12,2024-02-27 19:46:16.531849630,0,32,0
352,Ex24,0,21,0,2024-02-27 19:46:17.543877739,0,36,0
353,Ex24,1,5123,10,2024-02-27 19:46:18.577312168,0,86,0
354,Ex24,0,39,0,2024-02-27 19:46:19.578186045,0,46,0
355,Ex24,2,9699,19,2024-02-27 19:46:20.610787070,0,27,0
356,Ex24,0,3638,7,2024-02-27 19:46:21.636472768,0,26,0
357,Ex24,1,3035,6,2024-02-27 19:46:22.646484703,0,27,0
358,Ex24,1,9057,18,2024-02-27 19:46:23.665325223,0,23,0
359,Ex24,30,20711,41,2024-02-27 19:46:24.732672974,0,29,0
360,Ex24,0,572,1,2024-02-27 19:46:25.714656541,0,185,0
361,Ex24,1,5706,11,2024-02-27 19:46:26.740417590,0,33,0
362,Ex24,1,4255,8,2024-02-27 19:46:27.773872681,0,29,0
363,Ex24,1,4727,9,2024-02-27 19:46:28.811986204,0,44,0
364,Ex24,1,7312,14,2024-02-27 19:46:29.845288560,0,26,0
365,Ex24,0,24,0,2024-02-27 19:46:30.876344728,0,23,0
366,Ex24,2,6180,13,2024-02-27 19:46:31.878913674,0,84,0
367,Ex24,0,6315,12,2024-02-27 19:46:32.896618430,0,26,0
368,Ex24,24,19950,39,2024-02-27 19:46:33.968361936,0,25,0
369,Ex24,0,4763,9,2024-02-27 19:46:35.374098327,0,23,0
370,Ex24,63,31423,62,2024-02-27 19:46:36.013559156,0,42,0
371,Ex24,0,21,0,2024-02-27 19:46:37.039888118,0,24,0
372,Ex24,0,43,0,2024-02-27 19:46:38.089462035,0,44,0
373,Ex24,0,49,0,2024-02-27 19:46:39.138533266,0,48,0
374,Ex24,0,72,0,2024-02-27 19:46:40.150732045,0,72,0
375,Ex24,0,46,0,2024-02-27 19:46:41.184685571,0,51,0
376,Ex24,0,36,0,2024-02-27 19:46:42.268061571,0,55,0
377,Ex24,0,20,0,2024-02-27 19:46:43.280732048,0,37,0
378,Ex24,0,26,0,2024-02-27 19:46:44.314079592,0,33,0
379,Ex24,0,3735,7,2024-02-27 19:46:45.341957376,0,35,0
380,Ex24,0,6133,12,2024-02-27 19:46:46.347997018,0,40,0
381,Ex24,0,23,0,2024-02-27 19:46:47.372643216,0,36,0
382,Ex24,0,3960,7,2024-02-27 19:46:48.431146222,0,42,0
383,Ex24,0,42,0,2024-02-27 19:46:49.411728566,0,39,0
384,Ex24,0,20,0,2024-02-27 19:46:50.430439594,0,26,0
385,Ex24,0,23,0,2024-02-27 19:46:51.446874060,0,23,0
386,Ex24,1,10639,21,2024-02-27 19:46:52.476440356,0,43,0
387,Ex24,0,23,0,2024-02-27 19:46:53.501722004,0,34,0
388,Ex24,1,4671,9,2024-02-27 19:46:57.585582621,0,38,0
389,Ex24,0,2775,5,2024-02-27 19:46:57.774158860,0,35,0
390,Ex24,0,278,0,2024-02-27 19:46:57.947187712,0,26,0
391,Ex24,0,5619,11,2024-02-27 19:46:58.118244137,0,24,0
392,Ex24,0,6727,13,2024-02-27 19:46:58.613313250,0,39,0
393,Ex24,0,5704,11,2024-02-27 19:46:59.683657798,0,39,0
394,Ex24,1,5525,11,2024-02-27 19:47:00.706690879,0,68,0
395,Ex24,0,7567,15,2024-02-27 19:47:01.713073638,0,22,0
396,Ex24,0,50,0,2024-02-27 19:47:02.745164338,0,34,0
397,Ex24,0,7890,15,2024-02-27 19:47:03.773511978,0,27,0
398,Ex24,0,30,0,2024-02-27 19:47:04.784102265,0,22,0
399,Ex24,0,24,0,2024-02-27 19:47:05.807566636,0,25,0
400,Ex24,0,23,0,2024-02-27 19:47:06.889151565,0,27,0
401,Ex24,0,7826,15,2024-02-27 19:47:07.848057243,0,41,0
402,Ex24,6,6357,12,2024-02-27 19:47:08.878959540,0,27,0
403,Ex24,0,22,0,2024-02-27 19:47:09.890821301,0,39,0
404,Ex24,1,6596,13,2024-02-27 19:47:10.913563225,0,39,0
405,Ex24,0,19,0,2024-02-27 19:47:11.944433727,0,69,0
406,Ex24,7,4194,8,2024-02-27 19:47:12.972678926,0,22,0
407,Ex24,0,2140,4,2024-02-27 19:47:13.980016786,0,33,0
408,Ex24,0,3594,7,2024-02-27 19:47:15.014677387,0,25,0
409,Ex24,0,4683,9,2024-02-27 19:47:16.050881250,0,33,0
410,Ex24,0,4233,8,2024-02-27 19:47:17.048793510,0,28,0
411,Ex24,0,40,0,2024-02-27 19:47:18.082345346,0,21,0
412,Ex24,0,21,0,2024-02-27 19:47:19.105966994,0,29,0
413,Ex24,0,26,0,2024-02-27 19:47:20.143220465,0,39,0
414,Ex24,0,23,0,2024-02-27 19:47:21.149864135,0,35,0
415,Ex24,1,299,0,2024-02-27 19:47:22.173698968,0,58,0
416,Ex24,1,6806,13,2024-02-27 19:47:23.179481308,0,24,0
417,Ex24,0,24,0,2024-02-27 19:47:24.249234695,0,24,0
418,Ex24,0,22,0,2024-02-27 19:47:25.252088929,0,25,0
419,Ex24,0,770,1,2024-02-27 19:47:26.248321614,0,40,0
420,Ex24,0,21,0,2024-02-27 19:47:27.257322142,0,131,0
421,Ex24,0,3231,6,2024-02-27 19:47:28.278441619,0,58,0
422,Ex24,0,34,0,2024-02-27 19:47:29.306375474,0,59,0
423,Ex24,0,3719,7,2024-02-27 19:47:30.344925413,0,86,0
424,Ex24,0,3217,6,2024-02-27 19:47:31.350006789,0,36,0
425,Ex24,1,7745,15,2024-02-27 19:47:32.381130766,0,26,0
426,Ex24,0,4617,9,2024-02-27 19:47:33.419616017,0,37,0
427,Ex24,3,6256,12,2024-02-27 19:47:34.442819224,0,31,0
428,Ex24,1,5626,11,2024-02-27 19:47:35.450332657,0,26,0
429,Ex24,0,22,0,2024-02-27 19:47:36.480053755,0,23,0
430,Ex24,0,6028,12,2024-02-27 19:47:37.511043293,0,26,0
431,Ex24,0,8829,17,2024-02-27 19:47:38.545354041,0,29,0
432,Ex24,0,27,0,2024-02-27 19:47:39.581040336,0,21,0
433,Ex24,0,24,0,2024-02-27 19:47:40.614423835,0,35,0
434,Ex24,0,25,0,2024-02-27 19:47:41.619489351,0,24,0
435,Ex24,2,2679,5,2024-02-27 19:47:42.649370182,0,23,0
436,Ex24,1,8098,16,2024-02-27 19:47:43.679006241,0,28,0
437,Ex24,0,329,0,2024-02-27 19:47:47.750041192,0,27,0
438,Ex24,0,23,0,2024-02-27 19:47:47.946990453,0,39,0
439,Ex24,0,3335,6,2024-02-27 19:47:48.117997324,0,23,0
440,Ex24,0,26,0,2024-02-27 19:47:48.304856183,0,27,0
441,Ex24,1,7804,15,2024-02-27 19:47:48.773617576,0,41,0
442,Ex24,0,23,0,2024-02-27 19:47:52.841970872,0,35,0
443,Ex24,0,3247,6,2024-02-27 19:47:53.017635421,0,35,0
444,Ex24,1,3693,7,2024-02-27 19:47:53.202116233,0,40,0
445,Ex24,0,24,0,2024-02-27 19:47:53.401663179,0,23,0
446,Ex24,2,4702,9,2024-02-27 19:47:53.850723582,0,35,0
447,Ex24,0,24,0,2024-02-27 19:47:54.873745121,0,25,0
448,Ex24,1,6736,13,2024-02-27 19:47:55.898221770,0,38,0
449,Ex24,0,21,0,2024-02-27 19:47:56.912340189,0,236,0
450,Ex24,0,2163,4,2024-02-27 19:47:57.938868218,0,49,0
451,Ex24,0,25,0,2024-02-27 19:47:58.948205147,0,33,0
452,Ex24,0,37,0,2024-02-27 19:48:00.006917721,0,37,0
453,Ex24,0,308,0,2024-02-27 19:48:01.009988688,0,37,0
454,Ex24,0,23,0,2024-02-27 19:48:02.023260283,0,26,0
455,Ex24,0,4303,8,2024-02-27 19:48:03.035670202,0,21,0
456,Ex24,36,31339,62,2024-02-27 19:48:04.044151812,0,496,0
457,Ex24,0,36,0,2024-02-27 19:48:05.053208491,0,33,0
458,Ex24,0,5225,10,2024-02-27 19:48:06.081528148,0,38,0
459,Ex24,1,7163,14,2024-02-27 19:48:07.096817019,0,38,0
460,Ex24,0,4582,9,2024-02-27 19:48:08.111330255,0,25,0
461,Ex24,0,7065,14,2024-02-27 19:48:09.138171868,0,29,0
462,Ex24,1,7167,14,2024-02-27 19:48:10.150730674,0,27,0
463,Ex24,1,10549,21,2024-02-27 19:48:11.183999129,0,25,0
464,Ex24,0,51,0,2024-02-27 19:48:12.216605269,0,33,0
465,Ex24,1,7291,14,2024-02-27 19:48:13.232477308,0,25,0
466,Ex24,0,25,0,2024-02-27 19:48:14.251725333,0,27,0
467,Ex24,0,181,0,2024-02-27 19:48:15.315314283,0,39,0
468,Ex24,0,25,0,2024-02-27 19:48:16.325669476,0,38,0
469,Ex24,1,5257,10,2024-02-27 19:48:17.334990482,0,34,0
470,Ex24,0,21,0,2024-02-27 19:48:18.379314349,0,23,0
471,Ex24,0,24,0,2024-02-27 19:48:19.410815371,0,21,0
472,Ex24,0,24,0,2024-02-27 19:48:20.418078088,0,22,0
473,Ex24,1,6656,13,2024-02-27 19:48:21.443823040,0,36,0
474,Ex24,0,4762,9,2024-02-27 19:48:22.472803020,0,39,0
475,Ex24,1,8273,16,2024-02-27 19:48:23.480433811,0,26,0
476,Ex24,0,24,0,2024-02-27 19:48:24.495653354,0,27,0
477,Ex24,1,2205,4,2024-02-27 19:48:25.515561828,0,37,0
478,Ex24,0,10782,21,2024-02-27 19:48:26.538479641,0,20,0
479,Ex24,1,6365,12,2024-02-27 19:48:27.553727721,0,26,0
480,Ex24,0,41,0,2024-02-27 19:48:28.570638577,0,60,0
481,Ex24,0,45,0,2024-02-27 19:48:29.584726638,0,64,0
482,Ex24,0,42,0,2024-02-27 19:48:30.605479425,0,62,0
483,Ex24,16,3009,6,2024-02-27 19:48:31.636829193,0,48,0
484,Ex24,0,24,0,2024-02-27 19:48:32.648569515,0,21,0
485,Ex24,0,21,0,2024-02-27 19:48:33.665078092,0,25,0
486,Ex24,0,25,0,2024-02-27 19:48:34.690298469,0,26,0
487,Ex24,0,21,0,2024-02-27 19:48:35.703305793,0,35,0
488,Ex24,0,38,0,2024-02-27 19:48:36.715934060,0,42,0
489,Ex24,0,50,0,2024-02-27 19:48:37.735212978,0,46,0
490,Ex24,0,53,0,2024-02-27 19:48:38.750704180,0,49,0
491,Ex24,0,44,0,2024-02-27 19:48:39.768837499,0,47,0
492,Ex24,0,71,0,2024-02-27 19:48:40.785852125,0,61,0
493,Ex24,0,40,0,2024-02-27 19:48:41.797844002,0,62,0
494,Ex24,0,52,0,2024-02-27 19:48:42.814946184,0,52,0
495,Ex24,0,44,0,2024-02-27 19:48:43.817259833,0,44,0
496,Ex24,0,51,0,2024-02-27 19:48:44.855541004,0,73,0
497,Ex24,0,51,0,2024-02-27 19:48:45.847124528,0,70,0
498,Ex24,0,38,0,2024-02-27 19:48:46.871720982,0,61,0
499,Ex24,0,51,0,2024-02-27 19:48:47.886180836,0,50,0
500,Ex24,0,44,0,2024-02-27 19:48:48.902529007,0,38,0
501,Ex24,9,2610,5,2024-02-27 19:48:49.914328533,0,50,0
502,Ex24,6,5127,10,2024-02-27 19:48:50.919607958,0,39,0
503,Ex24,0,38,0,2024-02-27 19:48:51.938386128,0,61,0
504,Ex24,25,14189,28,2024-02-27 19:48:52.965635450,0,39,0
505,Ex24,1,794,1,2024-02-27 19:48:53.982664070,0,34,0
506,Ex24,0,30,0,2024-02-27 19:48:54.998205659,0,45,0
507,Ex24,0,232,0,2024-02-27 19:48:59.050201773,0,61,0
508,Ex24,0,21,0,2024-02-27 19:48:59.251419056,0,39,0
509,Ex24,1,1006,2,2024-02-27 19:48:59.419693633,0,32,0
510,Ex24,6,7587,15,2024-02-27 19:48:59.581118705,0,47,0
511,Ex24,0,692,1,2024-02-27 19:49:00.127708534,0,25,0
512,Ex24,0,24,0,2024-02-27 19:49:01.083438319,0,21,0
513,Ex24,10,3239,6,2024-02-27 19:49:02.103758800,0,26,0
514,Ex24,0,40,0,2024-02-27 19:49:03.130523909,0,36,0
515,Ex24,0,23,0,2024-02-27 19:49:04.135978160,0,22,0
516,Ex24,0,28,0,2024-02-27 19:49:05.147186776,0,34,0
517,Ex24,0,6719,13,2024-02-27 19:49:06.176144142,0,25,0
518,Ex24,0,25,0,2024-02-27 19:49:07.182785352,0,26,0
519,Ex24,1,3575,7,2024-02-27 19:49:08.204687119,0,410,0
520,Ex24,1,6239,12,2024-02-27 19:49:09.217068700,0,60,0
521,Ex24,0,9715,19,2024-02-27 19:49:10.247238067,0,28,0
522,Ex24,0,3498,6,2024-02-27 19:49:11.301183798,0,25,0
523,Ex24,0,4295,8,2024-02-27 19:49:12.284229817,0,27,0
524,Ex24,0,23,0,2024-02-27 19:49:13.300535510,0,24,0
525,Ex24,0,5507,10,2024-02-27 19:49:14.312600659,0,48,0
526,Ex24,0,3208,6,2024-02-27 19:49:15.316406458,0,49,0
527,Ex24,6,2736,5,2024-02-27 19:49:16.343761953,0,27,0
528,Ex24,2,2332,4,2024-02-27 19:49:17.352170337,0,34,0
529,Ex24,0,25,0,2024-02-27 19:49:18.368678504,0,22,0
530,Ex24,1,7970,15,2024-02-27 19:49:19.383878978,0,39,0
531,Ex24,1,2291,4,2024-02-27 19:49:20.417991030,0,34,0
532,Ex24,0,34,0,2024-02-27 19:49:21.431349916,0,55,0
533,Ex24,0,35,0,2024-02-27 19:49:22.439852951,0,55,0
534,Ex24,0,214,0,2024-02-27 19:49:23.448215549,0,22,0
535,Ex24,0,7213,14,2024-02-27 19:49:24.476792758,0,24,0
536,Ex24,0,24,0,2024-02-27 19:49:25.484684372,0,42,0
537,Ex24,0,1063,2,2024-02-27 19:49:26.540820294,0,26,0
538,Ex24,0,23,0,2024-02-27 19:49:27.583687865,0,34,0
539,Ex24,0,25,0,2024-02-27 19:49:28.637933945,0,27,0
540,Ex24,0,26,0,2024-02-27 19:49:29.672862933,0,39,0
541,Ex24,0,3270,6,2024-02-27 19:49:30.686959619,0,24,0
542,Ex24,0,40,0,2024-02-27 19:49:31.714338230,0,33,0
543,Ex24,2,3693,7,2024-02-27 19:49:32.793892655,0,25,0
544,Ex24,0,5493,10,2024-02-27 19:49:33.752400886,0,39,0
545,Ex24,1,5542,11,2024-02-27 19:49:34.773216590,0,57,0
546,Ex24,2,6011,12,2024-02-27 19:49:35.805122160,0,26,0
547,Ex24,0,7154,14,2024-02-27 19:49:36.820134830,0,39,0
548,Ex24,0,7817,15,2024-02-27 19:49:37.835227136,0,38,0
549,Ex24,0,37,0,2024-02-27 19:49:38.843528334,0,37,0
550,Ex24,6,6252,12,2024-02-27 19:49:39.852566744,0,39,0
551,Ex24,0,271,0,2024-02-27 19:49:40.872593359,0,25,0
552,Ex24,0,24,0,2024-02-27 19:49:41.886599352,0,34,0
553,Ex24,0,7577,15,2024-02-27 19:49:42.910808573,0,24,0
554,Ex24,0,2270,4,2024-02-27 19:49:43.921887494,0,35,0
555,Ex24,1,5617,11,2024-02-27 19:49:44.949128817,0,24,0
556,Ex24,0,1240,2,2024-02-27 19:49:45.964001511,0,34,0
557,Ex24,1,7316,14,2024-02-27 19:49:46.973758443,0,37,0
558,Ex24,0,747,1,2024-02-27 19:49:47.982714442,0,23,0
559,Ex24,4,6020,12,2024-02-27 19:49:49.014298551,0,23,0
560,Ex24,0,2144,4,2024-02-27 19:49:50.077618203,0,37,0
561,Ex24,2,6426,12,2024-02-27 19:49:51.051849233,0,23,0
562,Ex24,0,5306,10,2024-02-27 19:49:52.072665725,0,26,0
563,Ex24,0,38,0,2024-02-27 19:49:53.089951345,0,37,0
564,Ex24,0,24,0,2024-02-27 19:49:54.117188021,0,34,0
565,Ex24,0,27,0,2024-02-27 19:49:55.147629078,0,24,0
566,Ex24,0,8108,16,2024-02-27 19:49:56.174939726,0,39,0
567,Ex24,1,512,0,2024-02-27 19:49:57.185055162,0,25,0
568,Ex24,0,1067,2,2024-02-27 19:49:58.219620236,0,25,0
569,Ex24,0,24,0,2024-02-27 19:49:59.232276742,0,26,0
570,Ex24,0,229,0,2024-02-27 19:50:00.288048562,0,37,0
571,Ex24,2,357,2,2024-02-27 19:50:01.283747978,0,152,0
572,Ex24,0,21,0,2024-02-27 19:50:05.400152648,0,28,0
573,Ex24,0,3234,6,2024-02-27 19:50:05.587090823,0,35,0
574,Ex24,2,7177,14,2024-02-27 19:50:05.750438145,0,37,0
575,Ex24,0,330,0,2024-02-27 19:50:05.932231679,0,35,0
576,Ex24,0,3637,7,2024-02-27 19:50:06.384954750,0,39,0
577,Ex24,12,1944,3,2024-02-27 19:50:07.412759610,0,794,1
578,Ex24,0,7219,14,2024-02-27 19:50:08.434145015,0,26,0
579,Ex24,0,23,0,2024-02-27 19:50:09.450264866,0,34,0
580,Ex24,0,22,0,2024-02-27 19:50:10.468437441,0,23,0
581,Ex24,0,21,0,2024-02-27 19:50:11.501981880,0,27,0
582,Ex24,0,24,0,2024-02-27 19:50:12.520104237,0,25,0
583,Ex24,1,7696,15,2024-02-27 19:50:13.550300966,0,319,0
584,Ex24,10,4728,9,2024-02-27 19:50:14.554646838,0,39,0
585,Ex24,0,24,0,2024-02-27 19:50:15.616215055,0,34,0
586,Ex24,0,119,0,2024-02-27 19:50:16.602917685,0,37,0
587,Ex24,0,2612,5,2024-02-27 19:50:17.617336499,0,39,0
588,Ex24,0,39,0,2024-02-27 19:50:18.639015830,0,58,0
589,Ex24,0,39,0,2024-02-27 19:50:19.650322073,0,57,0
590,Ex24,0,35,0,2024-02-27 19:50:20.655740973,0,39,0
591,Ex24,2,6604,13,2024-02-27 19:50:21.686430016,0,64,0
592,Ex24,0,3086,6,2024-02-27 19:50:22.689883149,0,61,0
593,Ex24,0,2983,5,2024-02-27 19:50:23.718141760,0,71,0
594,Ex24,0,41,0,2024-02-27 19:50:24.738670087,0,61,0
595,Ex24,1,4027,8,2024-02-27 19:50:25.748497247,0,27,0
596,Ex24,1,8574,17,2024-02-27 19:50:26.755426458,0,38,0
597,Ex24,0,3610,7,2024-02-27 19:50:27.774532695,0,37,0
598,Ex24,1,8516,17,2024-02-27 19:50:28.790279129,0,26,0
599,Ex24,0,24,0,2024-02-27 19:50:29.803982829,0,24,0
600,Ex24,0,22,0,2024-02-27 19:50:30.822133671,0,25,0
601,Ex24,0,2518,5,2024-02-27 19:50:31.849977348,0,274,0
602,Ex24,0,25,0,2024-02-27 19:50:32.851625442,0,41,0
603,Ex24,0,23,0,2024-02-27 19:50:33.851485120,0,24,0
604,Ex24,2,6915,13,2024-02-27 19:50:34.880359631,0,27,0
605,Ex24,0,35,0,2024-02-27 19:50:35.884518812,0,39,0
606,Ex24,0,57,0,2024-02-27 19:50:36.905075238,0,58,0
607,Ex24,0,3796,7,2024-02-27 19:50:37.936401072,0,23,0
608,Ex24,0,23,0,2024-02-27 19:50:38.950089420,0,25,0
609,Ex24,0,6709,13,2024-02-27 19:50:39.971393276,0,38,0
610,Ex24,0,2199,4,2024-02-27 19:50:40.979139813,0,26,0
611,Ex24,1,6745,13,2024-02-27 19:50:41.987719030,0,24,0
612,Ex24,0,21,0,2024-02-27 19:50:43.001102608,0,23,0
613,Ex24,0,24,0,2024-02-27 19:50:44.015506050,0,27,0
614,Ex24,0,2505,5,2024-02-27 19:50:45.022782567,0,25,0
615,Ex24,2,1455,2,2024-02-27 19:50:46.050993879,0,135,0
616,Ex24,0,24,0,2024-02-27 19:50:47.072638926,0,33,0
617,Ex24,0,46,0,2024-02-27 19:50:48.087796168,0,44,0
618,Ex24,0,44,0,2024-02-27 19:50:49.112571018,0,165,0
619,Ex24,0,67,0,2024-02-27 19:50:50.135465385,1,261,0
620,Ex24,0,66,0,2024-02-27 19:50:51.175945738,0,38,0
621,Ex24,0,51,0,2024-02-27 19:50:52.189111423,0,49,0
622,Ex24,0,58,0,2024-02-27 19:50:53.258693255,0,66,0
623,Ex24,0,42,0,2024-02-27 19:50:54.255023150,0,43,0
624,Ex24,0,40,0,2024-02-27 19:50:55.287323811,0,42,0
625,Ex24,0,41,0,2024-02-27 19:50:56.305633508,0,294,0
626,Ex24,0,46,0,2024-02-27 19:50:57.317715073,0,74,0
627,Ex24,0,47,0,2024-02-27 19:50:58.338434096,0,73,0
628,Ex24,0,51,0,2024-02-27 19:50:59.344163635,0,70,0
629,Ex24,0,50,0,2024-02-27 19:51:00.381760010,0,72,0
630,Ex24,0,73,0,2024-02-27 19:51:01.386492504,0,69,0
631,Ex24,0,52,0,2024-02-27 19:51:02.402788145,0,50,0
632,Ex24,21,8467,16,2024-02-27 19:51:03.423258998,0,59,0
633,Ex24,0,3460,6,2024-02-27 19:51:04.439731392,0,36,0
634,Ex24,15,20984,41,2024-02-27 19:51:05.455736165,0,43,0
635,Ex24,0,24,0,2024-02-27 19:51:06.473596616,0,24,0
636,Ex24,0,23,0,2024-02-27 19:51:07.486013760,0,26,0
637,Ex24,0,26,0,2024-02-27 19:51:08.514745912,0,445,0
638,Ex24,0,24,0,2024-02-27 19:51:10.552351104,0,23,0
639,Ex24,0,26,0,2024-02-27 19:51:10.787334812,0,39,0
640,Ex24,12,8215,16,2024-02-27 19:51:11.583212488,0,38,0
641,Ex24,0,761,1,2024-02-27 19:51:12.609752496,0,37,0
642,Ex24,0,44,0,2024-02-27 19:51:13.623267758,0,44,0
643,Ex24,0,158,0,2024-02-27 19:51:14.639413545,0,204,0
644,Ex24,0,38,0,2024-02-27 19:51:15.689877788,0,62,0
645,Ex24,0,6203,12,2024-02-27 19:51:16.704170573,0,38,0
646,Ex24,1,7793,15,2024-02-27 19:51:17.722643831,0,41,0
647,Ex24,1,7208,14,2024-02-27 19:51:18.765033420,0,38,0
648,Ex24,0,8186,16,2024-02-27 19:51:19.773354860,0,26,0
649,Ex24,2,8919,17,2024-02-27 19:51:20.787283208,0,32,0
650,Ex24,0,23,0,2024-02-27 19:51:21.873153994,0,35,0
651,Ex24,0,1233,2,2024-02-27 19:51:22.839484006,0,38,0
652,Ex24,1,7961,15,2024-02-27 19:51:23.852593560,0,42,0
653,Ex24,0,2586,5,2024-02-27 19:51:24.877300673,0,22,0
654,Ex24,0,21,0,2024-02-27 19:51:25.890375517,0,36,0
655,Ex24,2,4089,8,2024-02-27 19:51:26.912448167,0,283,0
656,Ex24,0,35,0,2024-02-27 19:51:27.949533768,0,32,0
657,Ex24,1,4628,9,2024-02-27 19:51:28.974641735,0,23,0
658,Ex24,0,1766,3,2024-02-27 19:51:29.987844992,0,26,0
659,Ex24,0,24,0,2024-02-27 19:51:31.018656966,0,24,0
660,Ex24,0,4773,9,2024-02-27 19:51:32.034547026,0,36,0
661,Ex24,3,6783,13,2024-02-27 19:51:33.056328419,0,27,0
662,Ex24,1,6171,12,2024-02-27 19:51:34.075896214,0,46,0
663,Ex24,0,22,0,2024-02-27 19:51:35.090245574,0,35,0
664,Ex24,0,26,0,2024-02-27 19:51:36.356547144,0,33,0
665,Ex24,9,3970,9,2024-02-27 19:51:37.384848712,4,2585,5
666,Ex24,62,31465,62,2024-02-27 19:51:37.580234225,0,44,0
667,Ex24,0,38,0,2024-02-27 19:51:38.373826196,1,3512,7
668,Ex24,0,24,0,2024-02-27 19:51:39.383258627,0,43,0
669,Ex24,1,2836,5,2024-02-27 19:51:40.409604671,0,30,0
670,Ex24,0,25,0,2024-02-27 19:51:41.406190039,0,26,0
671,Ex24,0,4165,8,2024-02-27 19:51:42.440922709,0,334,0
672,Ex24,1,4281,8,2024-02-27 19:51:43.469414319,0,22,0
673,Ex24,0,5066,10,2024-02-27 19:51:44.486942217,0,24,0
674,Ex24,5,6712,13,2024-02-27 19:51:45.522548574,0,42,0
675,Ex24,1,5554,11,2024-02-27 19:51:46.524829681,0,23,0
676,Ex24,1,8998,17,2024-02-27 19:51:47.550809095,0,27,0
677,Ex24,0,5566,11,2024-02-27 19:51:48.542593690,0,37,0
678,Ex24,0,1491,2,2024-02-27 19:51:49.575071699,0,36,0
679,Ex24,2,5424,10,2024-02-27 19:51:50.579363935,0,169,0
680,Ex24,0,23,0,2024-02-27 19:51:51.590974231,0,23,0
681,Ex24,1,8102,16,2024-02-27 19:51:52.619717975,0,41,0
682,Ex24,5,645,1,2024-02-27 19:51:53.644278642,0,41,0
683,Ex24,0,2334,4,2024-02-27 19:51:55.673157344,0,35,0
684,Ex24,0,24,0,2024-02-27 19:51:56.689685839,0,25,0
685,Ex24,0,42,0,2024-02-27 19:52:00.746056156,0,50,0
686,Ex24,0,126,0,2024-02-27 19:52:00.923107511,0,73,0
687,Ex24,0,724,1,2024-02-27 19:52:01.115464060,0,36,0
688,Ex24,1,3610,7,2024-02-27 19:52:01.323235777,0,47,0
689,Ex24,0,4313,8,2024-02-27 19:52:01.767078906,0,56,0
690,Ex24,0,3730,7,2024-02-27 19:52:02.787572284,0,38,0
691,Ex24,0,1617,3,2024-02-27 19:52:05.853944806,0,36,0
692,Ex24,0,6811,13,2024-02-27 19:52:06.042028979,0,37,0
693,Ex24,1,6650,13,2024-02-27 19:52:06.208725996,0,23,0
694,Ex24,3,8126,16,2024-02-27 19:52:06.881754684,0,28,0
695,Ex24,1,4328,8,2024-02-27 19:52:07.898286267,0,26,0
696,Ex24,0,27,0,2024-02-27 19:52:08.932934470,0,19,0
697,Ex24,0,6162,12,2024-02-27 19:52:09.953017946,0,39,0
698,Ex24,0,7755,15,2024-02-27 19:52:10.971044822,0,40,0
699,Ex24,0,22,0,2024-02-27 19:52:11.987141397,0,25,0
700,Ex24,2,8254,16,2024-02-27 19:52:13.014844412,0,28,0
701,Ex24,0,23,0,2024-02-27 19:52:14.036975879,0,23,0
702,Ex24,0,2773,5,2024-02-27 19:52:15.053093129,0,40,0
703,Ex24,0,40,0,2024-02-27 19:52:16.085767860,0,57,0
704,Ex24,0,37,0,2024-02-27 19:52:17.108111085,0,38,0
705,Ex24,1,3722,7,2024-02-27 19:52:18.127328263,0,38,0
706,Ex24,2,7282,14,2024-02-27 19:52:19.162463047,0,35,0
707,Ex24,0,7284,14,2024-02-27 19:52:20.213784454,1,315,0
708,Ex24,1,6192,12,2024-02-27 19:52:21.225327687,0,27,0
709,Ex24,1,4532,8,2024-02-27 19:52:22.256810581,0,70,0
710,Ex24,0,3582,7,2024-02-27 19:52:23.283361726,0,57,0
711,Ex24,1,6293,12,2024-02-27 19:52:24.306496079,0,22,0
712,Ex24,1,141,0,2024-02-27 19:52:25.318132544,0,25,0
713,Ex24,13,2420,4,2024-02-27 19:52:26.354517711,0,35,0
714,Ex24,0,34,0,2024-02-27 19:52:27.376896533,0,34,0
715,Ex24,2,7335,14,2024-02-27 19:52:28.389730186,0,27,0
716,Ex24,0,51,0,2024-02-27 19:52:29.413923585,0,53,0
717,Ex24,1,610,1,2024-02-27 19:52:30.454812344,0,25,0
718,Ex24,0,23,0,2024-02-27 19:52:31.540392139,0,34,0
719,Ex24,0,2068,4,2024-02-27 19:52:32.571942723,0,27,0
720,Ex24,0,24,0,2024-02-27 19:52:33.592911337,0,25,0
721,Ex24,0,26,0,2024-02-27 19:52:34.614038806,0,20,0
722,Ex24,0,24,0,2024-02-27 19:52:35.628107931,0,23,0
723,Ex24,2,5085,10,2024-02-27 19:52:36.651913469,0,38,0
724,Ex24,2,7886,15,2024-02-27 19:52:37.674247872,0,41,0
725,Ex24,0,4322,8,2024-02-27 19:52:38.707590694,0,60,0
726,Ex24,0,5842,11,2024-02-27 19:52:39.722901420,0,28,0
727,Ex24,25,13660,28,2024-02-27 19:52:40.762673908,0,383,0
728,Ex24,0,95,0,2024-02-27 19:52:41.777428502,0,36,0
729,Ex24,0,28,0,2024-02-27 19:52:42.790010720,0,34,0
730,Ex24,0,5703,11,2024-02-27 19:52:43.809928874,0,38,0
731,Ex24,0,25,0,2024-02-27 19:52:44.837858175,0,34,0
732,Ex24,2,299,0,2024-02-27 19:52:45.862431625,0,23,0
733,Ex24,1,5003,9,2024-02-27 19:52:46.875617348,0,71,0
734,Ex24,1,3163,6,2024-02-27 19:52:47.912394225,0,35,0
735,Ex24,0,1601,3,2024-02-27 19:52:48.921756305,0,23,0
736,Ex24,0,103,0,2024-02-27 19:52:49.952384200,0,36,0
737,Ex24,0,21,0,2024-02-27 19:52:51.027380327,0,35,0
738,Ex24,1,3470,6,2024-02-27 19:52:51.994959916,0,66,0
739,Ex24,0,35,0,2024-02-27 19:52:53.021846842,0,34,0
740,Ex24,1,7157,14,2024-02-27 19:52:54.035784261,0,55,0
741,Ex24,13,3176,6,2024-02-27 19:52:55.070466981,0,39,0
742,Ex24,0,23,0,2024-02-27 19:52:56.090154047,0,33,0
743,Ex24,1,5504,11,2024-02-27 19:52:57.102563221,0,781,1
744,Ex24,0,26,0,2024-02-27 19:52:58.119411204,0,22,0
745,Ex24,0,1132,2,2024-02-27 19:52:59.140774960,0,99,0
746,Ex24,0,24,0,2024-02-27 19:53:00.215287056,0,24,0
747,Ex24,1,6509,13,2024-02-27 19:53:01.175174745,0,28,0
748,Ex24,0,24,0,2024-02-27 19:53:02.204424924,0,22,0
749,Ex24,0,25,0,2024-02-27 19:53:03.211018365,0,20,0
750,Ex24,0,25,0,2024-02-27 19:53:04.228435321,0,413,0
751,Ex24,0,56,0,2024-02-27 19:53:05.246912485,0,41,0
752,Ex24,1,2331,4,2024-02-27 19:53:06.258547403,0,68,0
753,Ex24,0,26,0,2024-02-27 19:53:07.275830292,0,33,0
754,Ex24,0,23,0,2024-02-27 19:53:08.292179472,0,21,0
755,Ex24,0,25,0,2024-02-27 19:53:09.315338259,0,33,0
756,Ex24,0,22,0,2024-02-27 19:53:10.330357187,0,37,0
757,Ex24,0,53,0,2024-02-27 19:53:11.349063124,0,50,0
758,Ex24,0,71,0,2024-02-27 19:53:12.356631004,0,72,0
759,Ex24,0,42,0,2024-02-27 19:53:13.374202355,0,39,0
760,Ex24,1,2425,4,2024-02-27 19:53:14.390976733,0,56,0
761,Ex24,0,41,0,2024-02-27 19:53:15.405370388,0,69,0
762,Ex24,0,48,0,2024-02-27 19:53:16.423155613,0,65,0
763,Ex24,0,40,0,2024-02-27 19:53:17.434860826,0,68,0
764,Ex24,0,54,0,2024-02-27 19:53:18.456469580,0,43,0
765,Ex24,0,44,0,2024-02-27 19:53:19.473374940,0,64,0
766,Ex24,0,39,0,2024-02-27 19:53:20.499094083,0,34,0
767,Ex24,0,54,0,2024-02-27 19:53:21.510469565,0,52,0
768,Ex24,0,23,0,2024-02-27 19:53:22.544571951,0,35,0
769,Ex24,1,4139,8,2024-02-27 19:53:23.569487358,0,36,0
770,Ex24,6,7649,15,2024-02-27 19:53:24.595026217,0,28,0
771,Ex24,1,7713,15,2024-02-27 19:53:25.620523126,0,25,0
772,Ex24,0,3449,6,2024-02-27 19:53:26.640126039,0,26,0
773,Ex24,2,6326,12,2024-02-27 19:53:27.644259854,0,68,0
774,Ex24,1,3770,7,2024-02-27 19:53:28.656076734,0,25,0
775,Ex24,0,24,0,2024-02-27 19:53:29.685542409,0,26,0
776,Ex24,0,23,0,2024-02-27 19:53:30.950948183,0,34,0
777,Ex24,0,22,0,2024-02-27 19:53:31.944947158,0,25,0
778,Ex24,1,1198,2,2024-02-27 19:53:32.957240225,0,21,0
779,Ex24,0,24,0,2024-02-27 19:53:33.994638464,0,24,0
780,Ex24,0,1634,3,2024-02-27 19:53:35.012476547,0,35,0
781,Ex24,12,3392,6,2024-02-27 19:53:36.024517065,0,27,0
782,Ex24,5,3541,7,2024-02-27 19:53:37.055267134,0,26,0
783,Ex24,0,247,0,2024-02-27 19:53:38.079675339,0,34,0
784,Ex24,0,313,0,2024-02-27 19:53:39.110782106,0,34,0
785,Ex24,0,21,0,2024-02-27 19:53:40.189378505,0,37,0
786,Ex24,0,690,1,2024-02-27 19:53:41.170844646,0,37,0
787,Ex24,2,5030,10,2024-02-27 19:53:42.214479010,0,36,0
788,Ex24,1,5687,11,2024-02-27 19:53:43.243097783,0,51,0
789,Ex24,0,2135,4,2024-02-27 19:53:44.263457072,0,45,0
790,Ex24,0,1199,2,2024-02-27 19:53:45.289867908,0,37,0
791,Ex24,1,6185,12,2024-02-27 19:53:46.310723845,0,34,0
792,Ex24,14,2395,4,2024-02-27 19:53:47.385273792,0,39,0
793,Ex24,0,24,0,2024-02-27 19:53:48.431271944,0,36,0
794,Ex24,11,3260,6,2024-02-27 19:53:49.422016530,0,56,0
795,Ex24,11,2836,5,2024-02-27 19:53:50.442034991,0,48,0
796,Ex24,0,24,0,2024-02-27 19:53:51.455689193,0,34,0
797,Ex24,1,6687,13,2024-02-27 19:53:52.481437235,0,329,0
798,Ex24,6,4886,9,2024-02-27 19:53:53.501899441,0,39,0
799,Ex24,0,5555,11,2024-02-27 19:53:54.524261950,0,28,0
800,Ex24,0,36,0,2024-02-27 19:53:55.743807823,0,56,0
801,Ex24,0,1065,2,2024-02-27 19:53:56.778895713,0,58,0
802,Ex24,0,3116,6,2024-02-27 19:53:57.829670839,0,58,0
803,Ex24,0,2836,5,2024-02-27 19:53:58.871518263,0,23,0
804,Ex24,0,257,0,2024-02-27 19:53:59.909659762,0,35,0
805,Ex24,1,4667,9,2024-02-27 19:54:00.921615935,0,48,0
806,Ex24,0,5108,10,2024-02-27 19:54:01.937838427,0,28,0
807,Ex24,2,7764,15,2024-02-27 19:54:02.976277752,0,41,0
808,Ex24,0,22,0,2024-02-27 19:54:04.028107589,0,35,0
809,Ex24,0,1334,2,2024-02-27 19:54:05.087141270,0,25,0
810,Ex24,1,8579,17,2024-02-27 19:54:06.075570353,0,27,0
811,Ex24,0,40,0,2024-02-27 19:54:07.092460033,0,33,0
812,Ex24,1,6277,12,2024-02-27 19:54:08.134655827,0,25,0
813,Ex24,1,5784,11,2024-02-27 19:54:09.155816053,0,27,0
814,Ex24,1,207,0,2024-02-27 19:54:10.220626806,0,36,0
815,Ex24,0,21,0,2024-02-27 19:54:11.194168120,0,25,0
816,Ex24,0,26,0,2024-02-27 19:54:12.215456559,0,37,0
817,Ex24,0,24,0,2024-02-27 19:54:13.246772292,0,25,0
818,Ex24,0,37,0,2024-02-27 19:54:14.291495659,0,107,0
819,Ex24,0,24,0,2024-02-27 19:54:15.393355214,0,245,0
820,Ex24,0,1176,2,2024-02-27 19:54:16.417608430,0,37,0
821,Ex24,0,5773,11,2024-02-27 19:54:17.445967236,0,28,0
822,Ex24,1,5561,11,2024-02-27 19:54:18.488916487,0,28,0
823,Ex24,7,5006,9,2024-02-27 19:54:19.523993291,0,33,0
824,Ex24,0,6170,12,2024-02-27 19:54:20.547768491,0,50,0
825,Ex24,1,5989,11,2024-02-27 19:54:21.578218112,0,45,0
826,Ex24,1,3003,5,2024-02-27 19:54:22.579060385,0,58,0
827,Ex24,0,38,0,2024-02-27 19:54:23.594734736,0,54,0
828,Ex24,4,5185,10,2024-02-27 19:54:24.666147706,0,39,0
829,Ex24,0,7743,15,2024-02-27 19:54:25.680544084,0,34,0
830,Ex24,1,7737,15,2024-02-27 19:54:26.744493152,0,40,0
831,Ex24,2,7998,15,2024-02-27 19:54:27.803128924,0,43,0
832,Ex24,0,42,0,2024-02-27 19:54:28.813772682,0,43,0
833,Ex24,0,23,0,2024-02-27 19:54:29.849422826,0,35,0
834,Ex24,0,5621,11,2024-02-27 19:54:30.903357272,0,324,0
835,Ex24,0,2558,5,2024-02-27 19:54:31.906901243,0,37,0
836,Ex24,0,3754,7,2024-02-27 19:54:32.914894084,0,34,0
837,Ex24,0,27,0,2024-02-27 19:54:33.972008752,0,37,0
838,Ex24,1,6117,12,2024-02-27 19:54:34.978045049,0,58,0
839,Ex24,0,7007,13,2024-02-27 19:54:35.985878408,0,41,0
840,Ex24,0,5744,11,2024-02-27 19:54:37.021326387,0,25,0
841,Ex24,0,24,0,2024-02-27 19:54:38.033780983,0,23,0
842,Ex24,0,1275,2,2024-02-27 19:54:39.077737254,0,24,0
843,Ex24,0,4829,9,2024-02-27 19:54:40.183420510,0,40,0
844,Ex24,0,4098,8,2024-02-27 19:54:41.304928890,0,92,0
845,Ex24,2,6734,13,2024-02-27 19:54:42.356558822,0,38,0
846,Ex24,2,7280,14,2024-02-27 19:54:43.390544111,0,28,0
847,Ex24,1,154,0,2024-02-27 19:54:44.459304782,0,35,0
848,Ex24,0,1777,3,2024-02-27 19:54:45.480802614,0,34,0
849,Ex24,0,3193,6,2024-02-27 19:54:46.576890022,0,22,0
850,Ex24,0,22,0,2024-02-27 19:54:47.585936606,0,23,0
851,Ex24,2,6906,13,2024-02-27 19:54:48.649906553,0,42,0
852,Ex24,0,1995,3,2024-02-27 19:54:49.677727565,0,26,0
853,Ex24,0,25,0,2024-02-27 19:54:50.705517304,0,22,0
854,Ex24,0,31,0,2024-02-27 19:54:51.744900588,0,50,0
855,Ex24,1,4158,8,2024-02-27 19:54:52.791687593,0,62,0
856,Ex24,0,24,0,2024-02-27 19:54:53.816751820,0,37,0
857,Ex24,0,7081,14,2024-02-27 19:54:54.832946563,0,27,0
858,Ex24,0,1792,3,2024-02-27 19:54:55.846946655,0,35,0
859,Ex24,0,7380,14,2024-02-27 19:54:56.881458820,0,40,0
860,Ex24,2,5598,11,2024-02-27 19:54:57.904054240,0,42,0
861,Ex24,0,5192,10,2024-02-27 19:54:58.916257680,0,36,0
862,Ex24,2,9637,19,2024-02-27 19:54:59.955410974,0,41,0
863,Ex24,0,2045,4,2024-02-27 19:55:00.979856027,0,40,0
864,Ex24,0,2769,5,2024-02-27 19:55:02.019049597,0,34,0
865,Ex24,7,7517,14,2024-02-27 19:55:03.051169052,0,36,0
866,Ex24,0,24,0,2024-02-27 19:55:04.089790004,0,23,0
867,Ex24,0,459,0,2024-02-27 19:55:05.374127051,0,54,0
868,Ex24,0,23,0,2024-02-27 19:55:06.758835684,0,27,0
869,Ex24,0,97,0,2024-02-27 19:55:07.648705182,0,23,0
870,Ex24,1,8128,16,2024-02-27 19:55:08.751540924,0,40,0
871,Ex24,0,25,0,2024-02-27 19:55:09.768714511,0,23,0
872,Ex24,46,30985,61,2024-02-27 19:55:10.840151173,0,69,0
873,Ex24,0,217,0,2024-02-27 19:55:11.881060324,0,35,0
874,Ex24,0,3217,6,2024-02-27 19:55:12.947557730,0,68,0
875,Ex24,1,4221,8,2024-02-27 19:55:13.954582141,0,27,0
876,Ex24,2,7378,14,2024-02-27 19:55:15.337524599,0,27,0
