ID,SrcIP,DstIP,SrcPort,DstPort,IPVersion,Protocol,PS,IPI,FlowSizeBytes,FlowSizePackets,FS,FS(PKT),NumFrames,IFI,Direction
2,200.18.102.102,35.190.80.1,59175,443,IP,UDP,1009.6666666666666,0.0179310588235294,18174,18,2271.75,2.25,8,0.0435468571428571,Uplink
3,200.18.102.102,35.190.80.1,59912,443,IP,TCP,103.23776223776224,9.720668633802818,14763,143,103.23776223776224,1.0,143,9.720668633802818,Uplink
4,35.190.80.1,200.18.102.102,443,59912,IP,TCP,78.32214765100672,9.326566182432432,11670,149,159.86301369863014,2.041095890410959,73,19.171274930555555,Downlink
5,200.18.102.102,20.185.212.106,60333,443,IP,TCP,673.6785714285714,12.212139407407408,18863,28,898.2380952380952,1.3333333333333333,21,14.22707065,Uplink
6,35.190.80.1,200.18.102.102,443,59175,IP,UDP,289.5,0.0234021538461538,4053,14,506.625,1.75,8,0.0434611428571428,Downlink
7,200.18.102.102,34.199.212.30,60523,443,IP,TCP,419.375,6.428826695652174,10065,24,503.25,1.2,20,2.478285210526316,Uplink
8,20.185.212.106,200.18.102.102,443,60333,IP,TCP,128.78947368421052,20.14166688888889,2447,19,271.8888888888889,2.111111111111111,9,35.573685625,Downlink
9,34.199.212.30,200.18.102.102,443,60523,IP,TCP,186.29166666666663,4.65212552173913,4471,24,186.29166666666663,1.0,24,4.65212552173913,Downlink
10,200.18.102.102,142.251.132.46,65413,443,IP,UDP,175.15828220858896,1.7383206449631448,142754,815,208.4,1.1897810218978102,685,2.0687032236842104,Uplink
11,142.251.132.46,200.18.102.102,443,65413,IP,UDP,217.8847320525784,1.4321762550607289,215488,989,239.165371809101,1.097669256381798,901,1.5722112666666666,Downlink
12,200.18.102.102,162.159.130.86,59608,443,IP,TCP,89.61377245508982,4.243945447447448,29931,334,399.08,4.453333333333333,75,18.651815878378375,Uplink
13,162.159.130.86,200.18.102.102,443,59608,IP,TCP,83.47126436781609,2.7125439193857965,43572,522,115.57559681697612,1.3846153846153846,377,3.7586047393617026,Downlink
14,200.18.102.102,142.251.132.10,49575,443,IP,UDP,110.4472049689441,1.7538942736318408,88910,805,264.61309523809524,2.395833333333333,336,4.209346256716418,Uplink
15,142.251.132.10,200.18.102.102,443,49575,IP,UDP,109.42431466030988,1.6827150811455849,91807,839,212.5162037037037,1.942129629629629,432,3.2717290904872387,Downlink
16,200.18.102.102,40.86.187.166,59583,443,IP,TCP,83.5,27.055623058823528,4342,52,83.5,1.0,52,27.055623058823528,Uplink
18,200.18.102.102,104.18.37.228,55984,443,IP,UDP,781.5342465753424,0.3031436251338043,3651328,4672,1325.3459165154266,1.695825771324864,2755,0.5141553641975308,Uplink
19,104.18.37.228,200.18.102.102,443,55984,IP,UDP,433.829441091577,0.371184778215223,1653324,3811,476.4622478386167,1.098270893371758,3470,0.4076719530123955,Downlink
20,3.212.216.8,200.18.102.102,443,60544,IP,TCP,124.16666666666669,59.756097,745,6,149.0,1.2,5,74.65880075,Uplink
21,200.18.102.102,3.212.216.8,60544,443,IP,TCP,67.5,99.54579733333331,270,4,90.0,1.3333333333333333,3,149.318696,Downlink
22,200.18.102.11,200.18.102.127,138,138,IP,UDP,228.0,163.285713625,2052,9,513.0,2.25,4,432.66598066666666,Uplink
23,200.18.102.102,177.54.145.72,59593,443,IP,TCP,54.93377483443709,9.35616242,8295,151,395.0,7.190476190476191,21,61.65598425,Uplink
25,20.185.212.106,200.18.102.102,443,59682,IP,TCP,234.27272727272728,21.416715353846158,15462,66,377.1219512195122,1.6097560975609757,41,34.80080625,Downlink
26,200.18.102.102,20.185.212.106,59682,443,IP,TCP,1044.8961038961038,18.31428625,80457,77,1387.1896551724135,1.3275862068965518,58,24.419048333333333,Uplink
27,200.18.102.102,64.233.190.188,59669,5228,IP,TCP,55.78125,44.02110516129032,1785,32,595.0,10.666666666666666,3,186.6038275,Uplink
28,64.233.190.188,200.18.102.102,5228,59669,IP,TCP,66.18181818181819,42.642482,2184,33,728.0,11.0,3,164.0264075,Downlink
30,200.18.102.102,13.227.126.44,60489,443,IP,TCP,54.66666666666666,29.9843402,328,6,164.0,3.0,2,149.921466,Uplink
32,13.227.126.44,200.18.102.102,443,60489,IP,TCP,68.14285714285714,24.98774733333333,477,7,159.0,2.333333333333333,3,74.9551925,Downlink
33,200.18.102.102,64.233.186.84,62443,443,IP,UDP,300.75,0.0454025714285714,2406,8,300.75,1.0,8,0.0454025714285714,Uplink
34,23.37.8.153,200.18.102.102,443,60463,IP,TCP,72.5,0.000193,145,2,72.5,1.0,2,0.000193,Uplink
36,64.233.186.84,200.18.102.102,443,62443,IP,UDP,410.6666666666667,0.03659675,3696,9,410.6666666666667,1.0,9,0.03659675,Downlink
37,2.18.127.250,200.18.102.102,443,60464,IP,TCP,72.5,0.000415,145,2,72.5,1.0,2,0.000415,Uplink
43,200.18.102.102,142.251.129.195,55433,443,IP,UDP,266.90909090909093,0.0149265,2936,11,326.22222222222223,1.2222222222222223,9,0.018658125,Uplink
45,142.251.129.195,200.18.102.102,443,55433,IP,UDP,375.0769230769231,0.0103949166666666,4876,13,406.3333333333333,1.0833333333333333,12,0.011339909090909,Downlink
46,2.18.127.214,200.18.102.102,443,60461,IP,TCP,72.5,0.00035,145,2,72.5,1.0,2,0.00035,Uplink
49,2.18.127.229,200.18.102.102,443,60462,IP,TCP,72.5,0.001014,145,2,72.5,1.0,2,0.001014,Uplink
54,200.18.102.102,34.225.53.224,60554,443,IP,TCP,175.27272727272728,7.833946,1928,11,275.42857142857144,1.5714285714285714,7,0.13295,Uplink
55,34.225.53.224,200.18.102.102,443,60554,IP,TCP,577.6666666666666,5.509706181818181,6932,12,770.2222222222222,1.3333333333333333,9,7.575846,Downlink
64,200.18.102.102,142.251.129.234,52823,443,IP,UDP,271.6666666666667,0.033591,2445,9,305.625,1.125,8,0.0383897142857142,Uplink
65,142.251.129.234,200.18.102.102,443,52823,IP,UDP,432.9,0.0240007777777777,4329,10,481.0,1.1111111111111112,9,0.027000875,Downlink
67,200.18.102.102,54.77.143.119,59581,80,IP,TCP,156.11764705882354,80.915435625,2654,17,241.27272727272728,1.5454545454545454,11,129.464697,Uplink
68,200.18.102.102,54.194.213.123,60561,80,IP,TCP,323.8333333333333,0.138541,1943,6,485.75,1.5,4,0.230864,Uplink
70,54.194.213.123,200.18.102.102,80,60561,IP,TCP,139.5,0.1384972,837,6,279.0,2.0,3,0.232065,Downlink
71,54.77.143.119,200.18.102.102,80,59581,IP,TCP,74.0,80.900854625,1258,17,179.71428571428572,2.4285714285714284,7,170.7650865,Downlink
73,200.18.102.102,162.159.130.234,60495,443,IP,TCP,67.33333333333333,12.659879636363636,808,12,80.8,1.2,10,15.473176111111112,Uplink
74,162.159.130.234,200.18.102.102,443,60495,IP,TCP,80.78571428571429,10.713258923076925,1131,14,94.25,1.1666666666666667,12,12.658962454545454,Downlink
77,200.18.102.39,200.18.102.102,52973,5000,IP,UDP,982.838952010764,0.0009234368155484,26296839,26756,986.8222380666466,1.00405283698589,26648,0.0009271794948774,Uplink
82,200.18.102.102,142.250.79.202,59182,443,IP,UDP,143.02898550724638,0.0088765882352941,9869,69,411.2083333333333,2.875,24,0.0250290434782608,Uplink
83,142.250.79.202,200.18.102.102,443,59182,IP,UDP,1277.0688073394494,0.0025714746543778,278401,218,34800.125,27.25,8,0.0797157142857142,Downlink
85,200.18.102.102,142.251.129.195,64058,443,IP,UDP,352.6666666666667,0.0319310909090909,4232,12,423.2,1.2,10,0.0390268888888888,Uplink
86,142.251.129.195,200.18.102.102,443,64058,IP,UDP,415.53333333333336,0.0177702857142857,6233,15,479.46153846153845,1.1538461538461535,13,0.020732,Downlink
90,200.18.102.102,35.190.80.1,65249,443,IP,UDP,1010.9444444444443,0.018255294117647,18197,18,2274.625,2.25,8,0.0443342857142857,Uplink
91,200.18.102.102,216.239.34.117,57157,443,IP,UDP,248.5,0.0200060526315789,4970,20,276.1111111111111,1.1111111111111112,18,0.0223597058823529,Uplink
92,216.239.34.117,200.18.102.102,443,57157,IP,UDP,494.875,0.0271978666666666,7918,16,565.5714285714286,1.1428571428571428,14,0.0313821538461538,Downlink
93,35.190.80.1,200.18.102.102,443,65249,IP,UDP,289.5,0.0239396923076923,4053,14,506.625,1.75,8,0.0444594285714285,Downlink
101,200.18.102.102,142.250.219.165,60573,443,IP,TCP,484.1066666666667,4.8701959189189195,36308,75,726.16,1.5,50,7.354663551020408,Uplink
102,200.18.102.102,142.251.132.238,63943,443,IP,UDP,624.3225806451613,0.5637686333333333,19354,31,716.8148148148148,1.148148148148148,27,0.6505022692307691,Uplink
103,142.250.219.165,200.18.102.102,443,60573,IP,TCP,574.1083333333333,3.0282105462184874,68893,120,1043.8333333333333,1.818181818181818,66,5.543954692307692,Downlink
106,142.251.132.238,200.18.102.102,443,63943,IP,UDP,339.8928571428572,0.6241468888888888,9517,28,380.68,1.12,25,0.70216525,Downlink
113,200.18.102.39,200.18.102.102,45726,5000,IP,UDP,975.6258686325458,0.0008207178294105,32291265,33098,978.3749431904256,1.0028177548856234,33005,0.0008230304811537,Uplink
120,200.18.102.102,52.209.50.186,60580,80,IP,TCP,157.6,0.11677375,788,5,262.6666666666667,1.6666666666666667,3,0.2335135,Uplink
121,52.209.50.186,200.18.102.102,80,60580,IP,TCP,112.0,0.1251325,560,5,186.66666666666663,1.6666666666666667,3,0.118663,Downlink
123,200.18.102.102,64.233.186.84,64300,443,IP,UDP,306.375,0.0441945714285714,2451,8,306.375,1.0,8,0.0441945714285714,Uplink
124,64.233.186.84,200.18.102.102,443,64300,IP,UDP,410.55555555555554,0.038426125,3695,9,410.55555555555554,1.0,9,0.038426125,Downlink
125,200.18.102.102,142.251.129.195,53374,443,IP,UDP,267.09090909090907,0.0155183,2938,11,326.44444444444446,1.2222222222222223,9,0.019397875,Uplink
126,142.251.129.195,200.18.102.102,443,53374,IP,UDP,375.2307692307692,0.0098516666666666,4878,13,406.5,1.0833333333333333,12,0.0107472727272727,Downlink
127,52.226.139.180,200.18.102.102,443,59724,IP,TCP,221.96296296296296,49.3585615,5993,27,249.70833333333331,1.125,24,55.79663473913043,Uplink
128,200.18.102.102,52.226.139.180,59724,443,IP,TCP,148.7058823529412,80.193907125,2528,17,229.8181818181818,1.5454545454545454,11,128.3102514,Downlink
129,200.18.102.102,157.240.222.61,60585,5222,IP,TCP,394.9285714285714,0.7336757037037037,11058,28,552.9,1.4,20,1.0347014210526315,Uplink
130,157.240.222.61,200.18.102.102,5222,60585,IP,TCP,144.4848484848485,0.6185503125,4768,33,250.94736842105263,1.736842105263158,19,0.5935539444444444,Downlink
131,200.18.102.102,142.251.129.234,49839,443,IP,UDP,271.44444444444446,0.03453225,2443,9,305.375,1.125,8,0.0394654285714285,Uplink
132,142.251.129.234,200.18.102.102,443,49839,IP,UDP,432.9,0.0271553333333333,4329,10,481.0,1.1111111111111112,9,0.03054975,Downlink
133,200.18.102.102,142.251.129.195,50327,443,IP,UDP,304.0,0.018328375,2736,9,342.0,1.125,8,0.0209467142857142,Uplink
134,142.251.129.195,200.18.102.102,443,50327,IP,UDP,463.1,0.0108388888888888,4631,10,514.5555555555555,1.1111111111111112,9,0.01219375,Downlink
135,200.18.102.102,34.225.53.224,60592,443,IP,TCP,190.625,14.373591857142856,1525,8,305.0,1.6,5,0.158671,Uplink
136,34.225.53.224,200.18.102.102,443,60592,IP,TCP,156.0,8.635212,1248,8,178.28571428571428,1.1428571428571428,7,10.074414,Downlink
137,200.18.102.39,200.18.102.102,56564,5000,IP,UDP,973.2853935903116,0.0009606100313109,32950577,33855,975.966382323322,1.002754576150702,33762,0.0009632561831699,Uplink
138,54.77.143.119,200.18.102.102,80,60202,IP,TCP,61.875,81.29729353333333,990,16,165.0,2.6666666666666665,6,243.8918806,Downlink
139,200.18.102.102,54.77.143.119,60202,80,IP,TCP,59.0,81.30085933333332,944,16,85.81818181818181,1.4545454545454546,11,121.951289,Uplink
140,200.18.102.102,157.240.222.61,60597,5222,IP,TCP,94.25,1.3251375333333333,1508,16,116.0,1.2307692307692308,13,1.64360325,Uplink
141,157.240.222.61,200.18.102.102,5222,60597,IP,TCP,142.95454545454547,0.9459575238095238,3145,22,185.0,1.2941176470588236,17,1.0891291875,Downlink
142,200.18.102.102,142.251.129.195,59603,443,IP,UDP,266.54545454545456,0.0148045,2932,11,325.77777777777777,1.2222222222222223,9,0.018505625,Uplink
143,142.251.129.195,200.18.102.102,443,59603,IP,UDP,375.2307692307692,0.0113668333333333,4878,13,406.5,1.0833333333333333,12,0.0124001818181818,Downlink
146,200.18.102.102,35.190.80.1,57278,443,IP,UDP,956.3888888888888,0.018687,17215,18,1912.7777777777776,2.0,9,0.039709875,Uplink
148,200.18.102.102,172.217.162.99,61485,443,IP,UDP,180.5185185185185,0.1021267307692307,4874,27,211.91304347826087,1.173913043478261,23,0.1206952272727272,Uplink
150,35.190.80.1,200.18.102.102,443,57278,IP,UDP,356.4,0.022383,5346,15,534.6,1.5,10,0.034818,Downlink
151,172.217.162.99,200.18.102.102,443,61485,IP,UDP,237.53846153846155,0.1053054,6176,26,325.05263157894734,1.368421052631579,19,0.1462575,Downlink
152,200.18.102.102,142.251.132.238,51170,443,IP,UDP,544.8415841584158,1.20117615,55029,101,663.0,1.216867469879518,83,1.464848963414634,Uplink
153,142.251.132.238,200.18.102.102,443,51170,IP,UDP,255.48958333333331,1.2638139052631578,24527,96,285.19767441860466,1.1162790697674418,86,1.412497894117647,Downlink
158,200.18.102.102,34.106.86.104,60603,443,IP,TCP,154.53846153846155,0.4731995833333333,2009,13,182.63636363636363,1.181818181818182,11,0.5510107,Uplink
159,34.106.86.104,200.18.102.102,443,60603,IP,TCP,400.06666666666666,0.3936628571428571,6001,15,461.61538461538464,1.1538461538461535,13,0.4592733333333333,Downlink
160,200.18.102.102,142.251.129.195,53243,443,IP,UDP,303.77777777777777,0.018076375,2734,9,341.75,1.125,8,0.0206587142857142,Uplink
161,142.251.129.195,200.18.102.102,443,53243,IP,UDP,463.1,0.0103733333333333,4631,10,514.5555555555555,1.1111111111111112,9,0.01167,Downlink
165,200.18.102.102,142.250.219.163,51153,443,IP,UDP,253.5,0.0263393333333333,2535,10,253.5,1.0,10,0.0263393333333333,Uplink
166,142.250.219.163,200.18.102.102,443,51153,IP,UDP,461.54545454545456,0.0211699,5077,11,507.7,1.1,10,0.0235221111111111,Downlink
176,200.18.102.102,34.32.10.90,60605,443,IP,TCP,154.53846153846155,0.4886245,2009,13,182.63636363636363,1.181818181818182,11,0.5652798,Uplink
177,34.32.10.90,200.18.102.102,443,60605,IP,TCP,379.8125,0.3767806666666666,6077,16,434.07142857142856,1.1428571428571428,14,0.434746923076923,Downlink
182,200.18.102.102,172.253.120.94,49641,443,IP,UDP,504.0833333333333,0.0377495454545454,6049,12,549.9090909090909,1.0909090909090908,11,0.0415245,Uplink
183,172.253.120.94,200.18.102.102,443,49641,IP,UDP,765.9333333333333,0.0297356428571428,11489,15,1148.9,1.5,10,0.0451782222222222,Downlink
187,200.18.102.102,172.217.29.10,56477,443,IP,UDP,229.72727272727272,0.027797,2527,11,252.7,1.1,10,0.0308855555555555,Uplink
189,172.217.29.10,200.18.102.102,443,56477,IP,UDP,413.0,0.0227892,4543,11,504.77777777777777,1.2222222222222223,9,0.027606875,Downlink
190,200.18.102.102,172.217.29.10,60674,443,IP,UDP,480.22222222222223,0.03683725,4322,9,480.22222222222223,1.0,9,0.03683725,Uplink
191,172.217.29.10,200.18.102.102,443,60674,IP,UDP,470.75,0.0256047272727272,5649,12,513.5454545454545,1.0909090909090908,11,0.0281652,Downlink
192,200.18.102.39,200.18.102.102,34992,5000,IP,UDP,976.7440469067848,0.000982390702127,32650600,33428,981.677690920024,1.0050511124473842,33260,0.0009873530172284,Uplink
195,152.199.55.200,200.18.102.102,443,60515,IP,TCP,87.66666666666667,0.0001045,263,3,87.66666666666667,1.0,3,0.0001045,Uplink
200,200.18.102.102,142.250.218.238,51880,443,IP,UDP,445.3076923076923,0.28999928,11578,26,482.4166666666667,1.0833333333333333,24,0.3152166086956521,Uplink
202,142.250.218.238,200.18.102.102,443,51880,IP,UDP,394.44827586206895,0.2576361071428571,11439,29,497.3478260869565,1.2608695652173914,23,0.3279005,Downlink
203,200.18.102.102,142.251.132.238,52642,443,IP,UDP,237.0,0.0157528888888888,2370,10,263.3333333333333,1.1111111111111112,9,0.017722,Uplink
204,142.251.132.238,200.18.102.102,443,52642,IP,UDP,374.9090909090909,0.0111085,4124,11,458.22222222222223,1.2222222222222223,9,0.013885625,Downlink
205,200.18.102.102,142.251.129.234,49513,443,IP,UDP,171.4814814814815,0.5648727307692307,4630,27,178.07692307692307,1.0384615384615383,26,0.58746764,Uplink
206,142.251.129.234,200.18.102.102,443,49513,IP,UDP,208.7037037037037,0.5638206923076923,5635,27,225.4,1.08,25,0.61080575,Downlink
207,200.18.102.102,142.251.129.195,61320,443,IP,UDP,266.8181818181818,0.0147534,2935,11,326.1111111111111,1.2222222222222223,9,0.01844175,Uplink
208,142.251.129.195,200.18.102.102,443,61320,IP,UDP,375.0769230769231,0.0100179166666666,4876,13,406.3333333333333,1.0833333333333333,12,0.0109286363636363,Downlink
209,200.18.102.39,200.18.102.102,47386,5000,IP,UDP,985.157656139921,0.0009724973350487,32162442,32647,987.7596511163662,1.0026411965234483,32561,0.0009750659705159,Uplink
210,200.18.102.102,142.251.129.195,51591,443,IP,UDP,266.90909090909093,0.0151109,2936,11,326.22222222222223,1.2222222222222223,9,0.018888625,Uplink
211,142.251.129.195,200.18.102.102,443,51591,IP,UDP,375.2307692307692,0.0108348333333333,4878,13,406.5,1.0833333333333333,12,0.0118198181818181,Downlink
212,200.18.102.102,162.159.130.234,60627,443,IP,TCP,138.2,8.921998916666666,3455,25,164.52380952380952,1.1904761904761905,21,10.7063987,Uplink
213,162.159.130.234,200.18.102.102,443,60627,IP,TCP,181.42857142857144,7.930727592592592,5080,28,220.8695652173913,1.2173913043478262,23,9.732485590909091,Downlink
214,200.18.102.102,162.159.128.233,51646,443,IP,UDP,471.8888888888889,0.026155625,4247,9,471.8888888888889,1.0,9,0.026155625,Uplink
215,162.159.128.233,200.18.102.102,443,51646,IP,UDP,244.9,0.0187351111111111,2449,10,272.1111111111111,1.1111111111111112,9,0.021077,Downlink
216,200.18.102.102,142.250.219.163,61992,443,IP,UDP,216.78571428571428,0.0269031538461538,3035,14,233.46153846153845,1.0769230769230769,13,0.0291450833333333,Uplink
217,200.18.102.102,35.190.80.1,54921,443,IP,UDP,980.2941176470588,0.0200155625,16665,17,2083.125,2.125,8,0.0457498571428571,Uplink
218,142.250.219.163,200.18.102.102,443,61992,IP,UDP,356.7333333333333,0.023812,5351,15,382.2142857142857,1.0714285714285714,14,0.0256436923076923,Downlink
219,35.190.80.1,200.18.102.102,443,54921,IP,UDP,289.57142857142856,0.0255660769230769,4054,14,450.44444444444446,1.5555555555555556,9,0.041544875,Downlink
224,200.18.102.102,142.250.218.74,53895,443,IP,UDP,428.3636363636364,0.0322968,4712,11,471.2,1.1,10,0.0358853333333333,Uplink
225,142.250.218.74,200.18.102.102,443,53895,IP,UDP,438.38461538461536,0.0269028333333333,5699,13,518.0909090909091,1.181818181818182,11,0.0322834,Downlink
229,200.18.102.102,142.251.129.195,53008,443,IP,UDP,255.3,0.0180906666666666,2553,10,283.6666666666667,1.1111111111111112,9,0.020352,Uplink
231,142.251.129.195,200.18.102.102,443,53008,IP,UDP,426.45454545454544,0.0125728,4691,11,469.1,1.1,10,0.0139697777777777,Downlink
232,200.18.102.102,172.217.162.99,55137,443,IP,UDP,257.5,0.0257082222222222,2575,10,286.1111111111111,1.1111111111111112,9,0.02892175,Uplink
233,172.217.162.99,200.18.102.102,443,55137,IP,UDP,459.54545454545456,0.0204101,5055,11,505.5,1.1,10,0.0226778888888888,Downlink
239,200.18.102.102,142.250.218.10,55705,443,IP,UDP,216.07142857142856,1.001923,3025,14,232.69230769230768,1.0769230769230769,13,1.0854165833333331,Uplink
241,142.250.218.10,200.18.102.102,443,55705,IP,UDP,313.26666666666665,0.9276795714285714,4699,15,335.6428571428572,1.0714285714285714,14,0.9990395384615384,Downlink
242,200.18.102.102,157.240.222.61,60637,5222,IP,TCP,86.75,1.8147567272727272,1041,12,130.125,1.5,8,0.3062422857142857,Uplink
243,157.240.222.61,200.18.102.102,5222,60637,IP,TCP,131.86666666666667,1.4251512142857141,1978,15,164.83333333333334,1.25,12,1.8053434545454543,Downlink
244,200.18.102.39,200.18.102.102,37714,5000,IP,UDP,986.1902747797678,0.0009425266765846,33808575,34282,988.9885914874944,1.0028375018282871,34185,0.0009452011759887,Uplink
245,200.18.102.102,142.251.129.195,59991,443,IP,UDP,266.8181818181818,0.0151222,2935,11,326.1111111111111,1.2222222222222223,9,0.01890275,Uplink
246,142.251.129.195,200.18.102.102,443,59991,IP,UDP,375.0769230769231,0.0107729166666666,4876,13,406.3333333333333,1.0833333333333333,12,0.0117522727272727,Downlink
247,200.18.102.102,142.251.129.195,50376,443,IP,UDP,304.0,0.0182965,2736,9,342.0,1.125,8,0.0209102857142857,Uplink
248,142.251.129.195,200.18.102.102,443,50376,IP,UDP,463.1,0.011006,4631,10,514.5555555555555,1.1111111111111112,9,0.01238175,Downlink
251,200.18.102.102,34.225.53.224,60646,443,IP,TCP,172.25,14.372843428571429,1378,8,275.6,1.6,5,0.15819875,Uplink
252,34.225.53.224,200.18.102.102,443,60646,IP,TCP,156.0,8.636195571428571,1248,8,178.28571428571428,1.1428571428571428,7,10.0755615,Downlink
253,200.18.102.102,157.240.222.61,60648,5222,IP,TCP,87.81818181818181,1.984391,966,11,138.0,1.5714285714285714,7,3.282357,Uplink
254,157.240.222.61,200.18.102.102,5222,60648,IP,TCP,89.46153846153847,1.6525455,1163,13,116.3,1.3,10,0.0915268888888888,Downlink
259,200.18.102.102,108.158.172.93,60651,443,IP,TCP,179.0,17.146312857142856,2685,15,298.3333333333333,1.6666666666666667,9,30.00602725,Uplink
260,108.158.172.93,200.18.102.102,443,60651,IP,TCP,116.93333333333334,17.147196571428573,1754,15,194.88888888888889,1.6666666666666667,9,30.004262875,Downlink
261,200.18.102.39,200.18.102.102,35590,5000,IP,UDP,973.724424344536,0.0009273798403783,32942071,33831,984.0209994921888,1.010574424231562,33477,0.0009371866411757,Uplink
262,200.18.102.102,142.251.129.195,65134,443,IP,UDP,267.0,0.0148324,2937,11,326.3333333333333,1.2222222222222223,9,0.0185405,Uplink
263,142.251.129.195,200.18.102.102,443,65134,IP,UDP,375.2307692307692,0.009775,4878,13,406.5,1.0833333333333333,12,0.0106636363636363,Downlink
267,200.18.102.102,35.190.80.1,59224,443,IP,UDP,1008.2941176470588,0.0191304375,17141,17,2142.625,2.125,8,0.0437267142857142,Uplink
268,35.190.80.1,200.18.102.102,443,59224,IP,UDP,289.57142857142856,0.0233094615384615,4054,14,450.44444444444446,1.5555555555555556,9,0.037877875,Downlink
270,200.18.102.102,142.251.129.195,65347,443,IP,UDP,304.0,0.017962875,2736,9,342.0,1.125,8,0.020529,Uplink
271,142.251.129.195,200.18.102.102,443,65347,IP,UDP,463.1,0.010659,4631,10,514.5555555555555,1.1111111111111112,9,0.011991375,Downlink
275,200.18.102.102,54.194.202.180,60661,80,IP,TCP,149.6,0.14703675,748,5,249.33333333333331,1.6666666666666667,3,0.293992,Uplink
276,54.194.202.180,200.18.102.102,80,60661,IP,TCP,112.0,0.14974675,560,5,186.66666666666663,1.6666666666666667,3,0.178014,Downlink
278,200.18.102.102,142.250.218.10,57926,443,IP,UDP,179.1578947368421,0.7176615,3404,19,189.11111111111111,1.0555555555555556,18,0.7598768823529412,Uplink
279,142.250.218.10,200.18.102.102,443,57926,IP,UDP,271.8888888888889,0.7576454117647058,4894,18,305.875,1.125,16,0.8586648,Downlink
282,200.18.102.102,52.85.213.18,60666,443,IP,TCP,349.4166666666667,9.139486818181817,4193,12,524.125,1.5,8,0.0782605714285714,Uplink
283,52.85.213.18,200.18.102.102,443,60666,IP,TCP,616.5833333333334,9.138568,7399,12,822.1111111111111,1.3333333333333333,9,12.565531,Downlink
284,200.18.102.39,200.18.102.102,48471,5000,IP,UDP,970.1959424310734,0.0008949552614086,33570720,34602,978.9950715931294,1.009069435128751,34291,0.0009030722368037,Uplink
285,200.18.102.102,142.251.129.195,65249,443,IP,UDP,266.90909090909093,0.0148993,2936,11,326.22222222222223,1.2222222222222223,9,0.018624125,Uplink
286,142.251.129.195,200.18.102.102,443,65249,IP,UDP,375.2307692307692,0.0101496666666666,4878,13,406.5,1.0833333333333333,12,0.0110723636363636,Downlink
288,200.18.102.102,142.251.129.195,54952,443,IP,UDP,266.90909090909093,0.0164402,2936,11,326.22222222222223,1.2222222222222223,9,0.02055025,Uplink
289,142.251.129.195,200.18.102.102,443,54952,IP,UDP,388.3571428571428,0.0120803846153846,5437,14,418.2307692307692,1.0769230769230769,13,0.0130870833333333,Downlink
290,200.18.102.39,200.18.102.102,44217,5000,IP,UDP,957.3484019825672,0.0009130972511038,33608673,35106,967.2117244157936,1.0103027512374814,34748,0.0009225049356779,Uplink
291,200.18.102.102,35.190.80.1,59531,443,IP,UDP,952.3529411764706,0.0200081875,16190,17,2023.75,2.125,8,0.045733,Uplink
292,35.190.80.1,200.18.102.102,443,59531,IP,UDP,289.57142857142856,0.0243916923076923,4054,14,450.44444444444446,1.5555555555555556,9,0.0396365,Downlink
296,200.18.102.102,142.251.132.238,55993,443,IP,UDP,648.695652173913,0.4998408636363636,14920,23,785.2631578947369,1.2105263157894737,19,0.6109166111111111,Uplink
298,142.251.132.238,200.18.102.102,443,55993,IP,UDP,363.9090909090909,0.5219530476190476,8006,22,421.3684210526316,1.1578947368421053,19,0.6089452222222222,Downlink
301,200.18.102.102,142.250.218.10,60524,443,IP,UDP,227.15384615384616,1.1058574166666666,2953,13,246.08333333333331,1.0833333333333333,12,1.206389909090909,Downlink
302,142.250.218.10,200.18.102.102,443,60524,IP,UDP,331.1428571428572,1.0185480769230768,4636,14,356.61538461538464,1.0769230769230769,13,1.1034270833333333,Downlink
305,200.18.102.102,3.232.104.21,60692,443,IP,TCP,146.45454545454547,10.0780655,1611,11,230.14285714285717,1.5714285714285714,7,0.133812,Uplink
306,3.232.104.21,200.18.102.102,443,60692,IP,TCP,577.6666666666666,5.509047181818182,6932,12,770.2222222222222,1.3333333333333333,9,7.574939875,Downlink
310,200.18.102.102,142.251.129.195,53220,443,IP,UDP,266.8181818181818,0.0156157,2935,11,326.1111111111111,1.2222222222222223,9,0.019519625,Uplink
312,142.251.129.195,200.18.102.102,443,53220,IP,UDP,375.2307692307692,0.0093839166666666,4878,13,406.5,1.0833333333333333,12,0.010237,Downlink
313,200.18.102.39,200.18.102.102,56041,5000,IP,UDP,962.8431505436544,0.0009457930516265,32676008,33937,969.4131189367192,1.0068235084700508,33707,0.0009522468699934,Uplink
314,200.18.102.102,142.251.129.195,62941,443,IP,UDP,304.0,0.019396,2736,9,342.0,1.125,8,0.0221668571428571,Uplink
315,142.251.129.195,200.18.102.102,443,62941,IP,UDP,463.1,0.0107213333333333,4631,10,514.5555555555555,1.1111111111111112,9,0.0120615,Downlink
316,200.18.102.102,157.240.222.61,60700,5222,IP,TCP,120.36363636363636,0.9442506666666666,2648,22,165.5,1.375,16,0.1386172666666666,Uplink
317,157.240.222.61,200.18.102.102,5222,60700,IP,TCP,157.77777777777777,0.762021923076923,4260,27,284.0,1.8,15,1.4083022857142855,Downlink
318,200.18.102.102,35.190.80.1,63517,443,IP,UDP,1008.1176470588236,0.0193241875,17138,17,2142.25,2.125,8,0.0441695714285714,Uplink
319,35.190.80.1,200.18.102.102,443,63517,IP,UDP,289.57142857142856,0.023661,4054,14,450.44444444444446,1.5555555555555556,9,0.038449125,Downlink
323,200.18.102.102,142.251.129.195,54166,443,IP,UDP,267.0,0.0156881,2937,11,326.3333333333333,1.2222222222222223,9,0.019610125,Uplink
325,200.18.102.102,3.227.136.154,60709,443,IP,TCP,518.5625,0.6983048666666666,8297,16,754.2727272727273,1.4545454545454546,11,0.0479068,Uplink
326,142.251.129.195,200.18.102.102,443,54166,IP,UDP,375.2307692307692,0.0111733333333333,4878,13,406.5,1.0833333333333333,12,0.0121890909090909,Downlink
327,3.227.136.154,200.18.102.102,443,60709,IP,TCP,501.3157894736842,0.5817596111111111,9525,19,680.3571428571429,1.3571428571428572,14,0.7945133076923075,Downlink
328,200.18.102.39,200.18.102.102,51614,5000,IP,UDP,973.2725235578029,0.0009590625736202,33877670,34808,975.8236598784456,1.0026211942276118,34717,0.0009615765353151,Uplink
329,200.18.102.102,142.251.129.195,64471,443,IP,UDP,303.8888888888889,0.018670125,2735,9,341.875,1.125,8,0.0213372857142857,Uplink
330,142.251.129.195,200.18.102.102,443,64471,IP,UDP,463.1,0.0111558888888888,4631,10,514.5555555555555,1.1111111111111112,9,0.012550375,Downlink
335,200.18.102.102,34.120.214.181,61770,443,IP,UDP,586.6666666666666,0.031512,5280,9,660.0,1.125,8,0.0360137142857142,Uplink
336,34.120.214.181,200.18.102.102,443,61770,IP,UDP,445.6666666666667,0.02812875,4011,9,501.375,1.125,8,0.0321471428571428,Downlink
337,200.18.102.102,34.120.214.181,60716,443,IP,TCP,150.0,16.714322111111112,1500,10,250.0,1.6666666666666667,6,30.0842776,Uplink
338,34.120.214.181,200.18.102.102,443,60716,IP,TCP,150.0,18.801784125,1350,9,270.0,1.8,5,11.281927,Downlink
342,200.18.102.102,20.185.212.106,60717,443,IP,TCP,613.4666666666667,11.901247068965516,18404,30,800.1739130434783,1.3043478260869563,23,13.632466909090908,Uplink
344,20.185.212.106,200.18.102.102,443,60717,IP,TCP,395.60869565217394,17.400014636363636,9099,23,699.9230769230769,1.7692307692307692,13,24.99174208333333,Downlink
347,200.18.102.102,142.250.218.10,54720,443,IP,UDP,227.3846153846154,1.1034888333333333,2956,13,246.33333333333331,1.0833333333333333,12,1.203806,Uplink
348,142.250.218.10,200.18.102.102,443,54720,IP,UDP,331.07142857142856,1.016724923076923,4635,14,356.53846153846155,1.0769230769230769,13,1.101452,Downlink
351,200.18.102.102,50.19.150.221,60721,443,IP,TCP,218.23076923076923,8.463823083333333,2837,13,283.7,1.3,10,0.1764814444444444,Uplink
352,50.19.150.221,200.18.102.102,443,60721,IP,TCP,447.11764705882354,3.836553,7601,17,542.9285714285714,1.2142857142857142,14,4.721911384615384,Downlink
355,200.18.102.102,50.17.144.201,60722,443,IP,TCP,226.0,23.313160923076925,3164,14,316.4,1.4,10,33.67456577777778,Uplink
356,50.17.144.201,200.18.102.102,443,60722,IP,TCP,515.7368421052631,16.837429666666665,9799,19,653.2666666666667,1.2666666666666666,15,21.637643214285717,Downlink
357,200.18.102.102,142.251.129.195,51253,443,IP,UDP,266.90909090909093,0.0127005,2936,11,326.22222222222223,1.2222222222222223,9,0.015875625,Uplink
358,142.251.129.195,200.18.102.102,443,51253,IP,UDP,375.2307692307692,0.01035425,4878,13,443.45454545454544,1.181818181818182,11,0.0124251,Downlink
359,200.18.102.102,157.240.222.61,60727,5222,IP,TCP,94.58823529411764,1.2351809375,1608,17,123.6923076923077,1.3076923076923077,13,0.1784389166666666,Uplink
360,157.240.222.61,200.18.102.102,5222,60727,IP,TCP,140.6,1.0392517368421053,2812,20,234.33333333333331,1.6666666666666667,12,1.7860210909090908,Downlink
364,200.18.102.102,162.159.136.234,60729,443,IP,TCP,134.37037037037038,7.7306086153846145,3628,27,164.9090909090909,1.2272727272727273,22,9.571224714285714,Uplink
366,162.159.136.234,200.18.102.102,443,60729,IP,TCP,171.80645161290323,6.6997255,5326,31,204.84615384615384,1.1923076923076923,26,8.03930096,Downlink
367,200.18.102.39,200.18.102.102,49730,5000,IP,UDP,967.8028930965542,0.0009700212872306,32916912,34012,971.258210144286,1.0035702693930542,33891,0.0009734846267335,Uplink
368,200.18.102.102,35.190.80.1,50891,443,IP,UDP,1009.7222222222222,0.0184961764705882,18175,18,2271.875,2.25,8,0.0449192857142857,Uplink
369,35.190.80.1,200.18.102.102,443,50891,IP,UDP,289.5,0.024301,4053,14,506.625,1.75,8,0.0451304285714285,Downlink
370,200.18.102.102,142.251.132.238,57277,443,IP,UDP,591.1875,0.3628985531914893,28377,48,746.7631578947369,1.263157894736842,38,0.4609792432432432,Uplink
371,142.251.132.238,200.18.102.102,443,57277,IP,UDP,285.3617021276596,0.3706558913043478,13412,47,319.3333333333333,1.119047619047619,42,0.4158578292682926,Downlink
375,200.18.102.102,142.250.218.74,51168,443,IP,UDP,427.9090909090909,0.0338951,4707,11,470.7,1.1,10,0.0376612222222222,Uplink
377,142.250.218.74,200.18.102.102,443,51168,IP,UDP,409.07142857142856,0.0259753076923076,5727,14,477.25,1.1666666666666667,12,0.0306980909090909,Downlink
378,200.18.102.102,142.251.129.195,52786,443,IP,UDP,266.72727272727275,0.0150026,2934,11,326.0,1.2222222222222223,9,0.01875325,Uplink
379,142.251.129.195,200.18.102.102,443,52786,IP,UDP,375.0769230769231,0.0105851666666666,4876,13,406.3333333333333,1.0833333333333333,12,0.0115474545454545,Downlink
382,200.18.102.39,200.18.102.102,36784,5000,IP,UDP,972.1775296330576,0.0010351050400095,32561142,33493,975.7901645239592,1.0037160238544758,33369,0.0010389516303044,Uplink
383,200.18.102.102,142.250.218.10,65481,443,IP,UDP,216.64285714285717,0.9911821538461538,3033,14,233.30769230769232,1.0769230769230769,13,1.0737806666666665,Uplink
384,142.250.218.10,200.18.102.102,443,65481,IP,UDP,313.3333333333333,0.9203805714285714,4700,15,335.7142857142857,1.0714285714285714,14,0.9911790769230768,Downlink
387,200.18.102.102,34.225.53.224,60750,443,IP,TCP,149.54545454545453,7.1679013,1645,11,235.0,1.5714285714285714,7,0.1326918333333333,Uplink
388,34.225.53.224,200.18.102.102,443,60750,IP,TCP,577.6666666666666,5.509831181818182,6932,12,770.2222222222222,1.3333333333333333,9,7.576017875,Downlink
390,200.18.102.102,142.251.129.195,63931,443,IP,UDP,707.7272727272727,0.2499301,7785,11,973.125,1.375,8,0.357043,Uplink
391,200.18.102.102,142.251.129.195,53757,443,IP,UDP,660.0,0.2270575454545454,7920,12,880.0,1.3333333333333333,9,0.312204125,Uplink
392,142.251.129.195,200.18.102.102,443,53757,IP,UDP,583.8333333333334,0.0107384,3503,6,700.6,1.2,5,0.007073,Downlink
393,142.251.129.195,200.18.102.102,443,63931,IP,UDP,687.4,0.01943925,3437,5,687.4,1.0,5,0.01943925,Downlink
394,200.18.102.39,200.18.102.102,51808,5000,IP,UDP,965.4210636515912,0.0009926218778977,32275957,33432,971.2897080950949,1.006078844417695,33230,0.0009986560534472,Uplink
399,200.18.102.102,204.79.197.239,60762,443,IP,TCP,204.84615384615384,7.50938325,2663,13,266.3,1.3,10,5.009980888888888,Uplink
400,204.79.197.239,200.18.102.102,443,60762,IP,TCP,439.6842105263158,6.8835575,8354,19,696.1666666666666,1.5833333333333333,12,0.0063981818181818,Downlink
401,200.18.102.102,35.190.80.1,51520,443,IP,UDP,953.0,0.0186608125,16201,17,2025.125,2.125,8,0.0426532857142857,Uplink
402,35.190.80.1,200.18.102.102,443,51520,IP,UDP,289.57142857142856,0.0224593076923076,4054,14,450.44444444444446,1.5555555555555556,9,0.036496375,Downlink
406,200.18.102.102,142.251.129.195,50458,443,IP,UDP,255.5,0.0130241111111111,2555,10,283.8888888888889,1.1111111111111112,9,0.014652125,Uplink
408,142.251.129.195,200.18.102.102,443,50458,IP,UDP,435.45454545454544,0.0113536,4790,11,532.2222222222222,1.2222222222222223,9,0.014192,Downlink
409,200.18.102.102,142.251.129.195,61598,443,IP,UDP,380.3636363636364,0.0120533,4184,11,418.4,1.1,10,0.0133925555555555,Uplink
410,200.18.102.102,142.251.129.195,56663,443,IP,UDP,400.2142857142857,0.0153986153846153,5603,14,466.9166666666667,1.1666666666666667,12,0.0181983636363636,Uplink
411,142.251.129.195,200.18.102.102,443,61598,IP,UDP,538.6363636363636,0.0087639,5925,11,592.5,1.1,10,0.0097376666666666,Downlink
412,142.251.129.195,200.18.102.102,443,56663,IP,UDP,422.1333333333333,0.0124145,6332,15,527.6666666666666,1.25,12,0.0158002727272727,Downlink
413,200.18.102.39,200.18.102.102,42271,5000,IP,UDP,966.0622807271884,0.0009483147181628,33318522,34489,970.3670200372786,1.0044559645852749,34336,0.000952540498034,Uplink
417,200.18.102.102,142.251.128.138,52621,443,IP,UDP,227.15384615384616,1.066930333333333,2953,13,246.08333333333331,1.0833333333333333,12,1.163924,Uplink
419,142.251.128.138,200.18.102.102,443,52621,IP,UDP,331.1428571428572,0.9823010769230768,4636,14,356.61538461538464,1.0769230769230769,13,1.0641595,Downlink
420,200.18.102.102,34.225.53.224,60782,443,IP,TCP,169.25,14.374076,1354,8,270.8,1.6,5,0.16038125,Uplink
421,200.18.102.102,142.251.129.195,60241,443,IP,UDP,266.72727272727275,0.0146914,2934,11,326.0,1.2222222222222223,9,0.01836425,Uplink
422,142.251.129.195,200.18.102.102,443,60241,IP,UDP,375.2307692307692,0.0099926666666666,4878,13,406.5,1.0833333333333333,12,0.0109010909090909,Downlink
423,34.225.53.224,200.18.102.102,443,60782,IP,TCP,156.0,8.635811285714285,1248,8,178.28571428571428,1.1428571428571428,7,10.075113166666666,Downlink
428,200.18.102.102,108.139.182.85,60784,443,IP,TCP,175.1875,16.018015133333332,2803,16,280.3,1.6,10,26.671173444444445,Uplink
431,108.139.182.85,200.18.102.102,443,60784,IP,TCP,361.04545454545456,11.440837285714284,7943,22,722.0909090909091,2.0,11,24.0036563,Downlink
433,200.18.102.102,172.217.162.99,53900,443,IP,UDP,367.5,0.0203467777777777,3675,10,367.5,1.0,10,0.0203467777777777,Uplink
434,172.217.162.99,200.18.102.102,443,53900,IP,UDP,547.3,0.0173207777777777,5473,10,608.1111111111111,1.1111111111111112,9,0.019485875,Downlink
438,200.18.102.102,20.75.60.91,60786,443,IP,TCP,248.46666666666667,4.3762763571428565,3727,15,372.7,1.5,10,0.1310813333333333,Uplink
439,20.75.60.91,200.18.102.102,443,60786,IP,TCP,627.75,0.1064241818181818,7533,12,837.0,1.3333333333333333,9,0.14633325,Downlink
443,200.18.102.102,142.250.219.46,63652,443,IP,UDP,780.5625,0.0162074,12489,16,1387.6666666666667,1.7777777777777777,9,0.030388875,Uplink
445,142.250.219.46,200.18.102.102,443,63652,IP,UDP,308.4375,0.0138792666666666,4935,16,448.6363636363636,1.4545454545454546,11,0.0208189,Downlink
446,200.18.102.102,20.75.60.91,60788,443,IP,TCP,98.4,15.08964625,492,5,164.0,1.6666666666666667,3,0.132224,Uplink
449,200.18.102.102,23.101.168.44,60789,443,IP,TCP,95.6,15.07118625,478,5,159.33333333333334,1.6666666666666667,3,0.1528225,Uplink
450,20.75.60.91,200.18.102.102,443,60788,IP,TCP,1090.3333333333333,0.0274864,6542,6,2180.6666666666665,2.0,3,0.068716,Downlink
451,23.101.168.44,200.18.102.102,443,60789,IP,TCP,1090.3333333333333,0.0319066,6542,6,2180.6666666666665,2.0,3,0.0797665,Downlink
452,200.18.102.39,200.18.102.102,51583,5000,IP,UDP,948.5700274951104,0.0008973793865865,33464602,35279,952.3221969265794,1.003955606146841,35140,0.0009009291670223,Uplink
453,200.18.102.102,35.190.80.1,54461,443,IP,UDP,1007.8235294117648,0.01892525,17133,17,2141.625,2.125,8,0.0432577142857142,Uplink
454,35.190.80.1,200.18.102.102,443,54461,IP,UDP,289.57142857142856,0.0236442307692307,4054,14,450.44444444444446,1.5555555555555556,9,0.038421875,Downlink
455,200.18.102.102,142.251.132.238,59527,443,IP,UDP,616.05,0.4347590512820512,24642,40,746.7272727272727,1.2121212121212122,33,0.52986259375,Uplink
456,142.251.132.238,200.18.102.102,443,59527,IP,UDP,321.6666666666667,0.4836618285714285,11580,36,340.5882352941176,1.0588235294117647,34,0.5129746666666666,Downlink
457,200.18.102.102,142.251.129.195,59061,443,IP,UDP,236.69230769230768,0.06948,3077,13,256.4166666666667,1.0833333333333333,12,0.0757963636363636,Uplink
458,142.251.129.195,200.18.102.102,443,59061,IP,UDP,356.92857142857144,0.0617665384615384,4997,14,384.38461538461536,1.0769230769230769,13,0.06691375,Downlink
461,0.0.0.0,255.255.255.255,68,67,IP,UDP,357.0,0.000703,714,2,357.0,1.0,2,0.000703,Uplink
463,200.18.102.102,200.18.102.1,63660,53,IP,UDP,76.5,746.524554,153,2,76.5,1.0,2,746.524554,Uplink
465,200.18.102.1,200.18.102.102,53,63660,IP,UDP,223.5,746.527174,447,2,223.5,1.0,2,746.527174,Downlink
466,200.18.102.102,64.233.186.84,57320,443,IP,UDP,518.6666666666666,0.0300782727272727,6224,12,565.8181818181819,1.0909090909090908,11,0.0330861,Uplink
468,64.233.186.84,200.18.102.102,443,57320,IP,UDP,339.2857142857143,0.0271304615384615,4750,14,395.8333333333333,1.1666666666666667,12,0.0320632727272727,Downlink
470,200.18.102.102,142.251.128.138,65110,443,IP,UDP,207.0,0.8749429285714285,3105,15,221.78571428571428,1.0714285714285714,14,0.9422462307692308,Uplink
471,142.251.128.138,200.18.102.102,443,65110,IP,UDP,313.53333333333336,0.8728743571428571,4703,15,361.7692307692308,1.1538461538461535,13,1.0183534166666666,Downlink
472,200.18.102.39,200.18.102.102,47187,5000,IP,UDP,977.2683535386152,0.0009704808313274,33292601,34067,980.2609015693548,1.0030621558755115,33963,0.0009734526824097,Uplink
473,200.18.102.102,142.251.129.195,62906,443,IP,UDP,280.8,0.0134738888888888,2808,10,312.0,1.1111111111111112,9,0.015158125,Uplink
474,142.251.129.195,200.18.102.102,443,62906,IP,UDP,435.8181818181818,0.0129075,4794,11,532.6666666666666,1.2222222222222223,9,0.016134375,Downlink
475,200.18.102.102,142.251.129.195,60308,443,IP,UDP,236.7692307692308,0.0901339166666666,3078,13,256.5,1.0833333333333333,12,0.098327909090909,Uplink
476,142.251.129.195,200.18.102.102,443,60308,IP,UDP,356.92857142857144,0.081058,4997,14,384.38461538461536,1.0769230769230769,13,0.0878128333333333,Downlink
480,200.18.102.102,54.76.137.128,60815,80,IP,TCP,159.2,0.11725175,796,5,265.3333333333333,1.6666666666666667,3,0.234456,Uplink
482,54.76.137.128,200.18.102.102,80,60815,IP,TCP,112.0,0.12014425,560,5,186.66666666666663,1.6666666666666667,3,0.1195715,Downlink
483,200.18.102.102,54.76.137.128,60817,80,IP,TCP,162.4,0.11728475,812,5,270.6666666666667,1.6666666666666667,3,0.234455,Uplink
484,54.76.137.128,200.18.102.102,80,60817,IP,TCP,112.0,0.11472975,560,5,186.66666666666663,1.6666666666666667,3,0.115551,Downlink
485,200.18.102.102,162.159.136.234,60819,443,IP,TCP,129.24137931034485,6.539909714285714,3748,29,170.36363636363637,1.318181818181818,22,8.719879619047619,Uplink
486,162.159.136.234,200.18.102.102,443,60819,IP,TCP,166.67741935483872,6.103962533333333,5167,31,215.29166666666663,1.2916666666666667,24,7.961245043478259,Downlink
491,200.18.102.102,162.159.136.232,50917,443,IP,UDP,432.8,0.0208874444444444,4328,10,541.0,1.25,8,0.003454,Uplink
492,162.159.136.232,200.18.102.102,443,50917,IP,UDP,361.9,0.0168532222222222,3619,10,452.375,1.25,8,0.0216684285714285,Downlink
493,200.18.102.102,35.190.80.1,58750,443,IP,UDP,1008.1764705882352,0.0187434375,17139,17,2142.375,2.125,8,0.0428421428571428,Uplink
494,35.190.80.1,200.18.102.102,443,58750,IP,UDP,289.57142857142856,0.022072923076923,4054,14,450.44444444444446,1.5555555555555556,9,0.0358685,Downlink
498,200.18.102.102,142.250.218.10,50466,443,IP,UDP,272.2173913043478,0.0436315,6261,23,272.2173913043478,1.0,23,0.0436315,Uplink
499,142.250.218.10,200.18.102.102,443,50466,IP,UDP,407.76,0.0400482083333333,10194,25,485.4285714285714,1.1904761904761905,21,0.04805785,Downlink
501,200.18.102.39,200.18.102.102,57056,5000,IP,UDP,971.5404703591136,0.0009894877242681,32924535,33889,976.0334094210416,1.0046245516260042,33733,0.000994063796988,Uplink
506,200.18.102.102,142.251.129.195,55177,443,IP,UDP,303.77777777777777,0.017424375,2734,9,341.75,1.125,8,0.0199135714285714,Uplink
507,142.251.129.195,200.18.102.102,443,55177,IP,UDP,463.1,0.0085223333333333,4631,10,514.5555555555555,1.1111111111111112,9,0.009587625,Downlink
508,200.18.102.102,142.251.129.195,63238,443,IP,UDP,236.69230769230768,0.0917239166666666,3077,13,256.4166666666667,1.0833333333333333,12,0.1000624545454545,Uplink
509,142.251.129.195,200.18.102.102,443,63238,IP,UDP,356.92857142857144,0.0821916923076923,4997,14,384.38461538461536,1.0769230769230769,13,0.089041,Downlink
513,200.18.102.102,142.251.132.238,62640,443,IP,UDP,917.0526315789474,0.0050525675675675,34848,38,1936.0,2.111111111111111,18,0.0109967647058823,Uplink
514,142.251.132.238,200.18.102.102,443,62640,IP,UDP,293.7037037037037,0.0059620769230769,7930,27,495.625,1.6875,16,0.0103342666666666,Downlink
517,200.18.102.102,142.251.128.138,64225,443,IP,UDP,227.30769230769232,1.0476394166666665,2955,13,246.25,1.0833333333333333,12,1.1428793636363637,Uplink
518,142.251.128.138,200.18.102.102,443,64225,IP,UDP,331.1428571428572,0.9658456153846152,4636,14,356.61538461538464,1.0769230769230769,13,1.04633275,Downlink
519,200.18.102.39,200.18.102.102,49104,5000,IP,UDP,977.0011873311764,0.0009925081928283,32914193,33689,979.9390556151006,1.0030070263189237,33588,0.0009954927799446,Uplink
520,200.18.102.102,142.251.129.195,63793,443,IP,UDP,236.84615384615384,0.0903935833333333,3079,13,256.5833333333333,1.0833333333333333,12,0.0986111818181818,Uplink
521,142.251.129.195,200.18.102.102,443,63793,IP,UDP,356.92857142857144,0.0830324615384615,4997,14,384.38461538461536,1.0769230769230769,13,0.0899518333333333,Downlink
522,200.18.102.102,35.190.80.1,63019,443,IP,UDP,1008.6470588235294,0.0194376875,17147,17,2143.375,2.125,8,0.044429,Uplink
523,35.190.80.1,200.18.102.102,443,63019,IP,UDP,289.57142857142856,0.0238176153846153,4054,14,450.44444444444446,1.5555555555555556,9,0.038703625,Downlink
524,200.18.102.102,142.251.132.238,60344,443,IP,UDP,503.75,0.7361835333333333,8060,16,537.3333333333334,1.0666666666666669,15,0.7887680714285714,Uplink
525,142.251.132.238,200.18.102.102,443,60344,IP,UDP,360.3529411764706,0.688661875,6126,17,382.875,1.0625,16,0.7345726666666667,Downlink
529,200.18.102.102,142.251.129.195,54185,443,IP,UDP,237.0,0.0905789166666666,3081,13,256.75,1.0833333333333333,12,0.0988133636363636,Uplink
531,142.251.129.195,200.18.102.102,443,54185,IP,UDP,356.92857142857144,0.082423923076923,4997,14,384.38461538461536,1.0769230769230769,13,0.0892925833333333,Downlink
534,200.18.102.39,200.18.102.102,33002,5000,IP,UDP,978.4424537895557,0.0009956475637842,32713245,33434,981.0834033109404,1.0026991362763915,33344,0.0009983350328404,Uplink
535,200.18.102.102,142.251.128.138,61423,443,IP,UDP,206.7333333333333,0.8396732142857142,3101,15,221.5,1.0714285714285714,14,0.9042634615384616,Uplink
536,142.251.128.138,200.18.102.102,443,61423,IP,UDP,313.53333333333336,0.8375767857142857,4703,15,361.7692307692308,1.1538461538461535,13,0.9771729166666666,Downlink
537,200.18.102.102,142.251.129.195,55262,443,IP,UDP,303.77777777777777,0.018341875,2734,9,341.75,1.125,8,0.0209621428571428,Uplink
538,142.251.129.195,200.18.102.102,443,55262,IP,UDP,463.1,0.0107521111111111,4631,10,514.5555555555555,1.1111111111111112,9,0.012096125,Downlink
539,200.18.102.102,142.251.129.195,60162,443,IP,UDP,236.84615384615384,0.0902536666666666,3079,13,256.5833333333333,1.0833333333333333,12,0.0984585454545454,Uplink
540,142.251.129.195,200.18.102.102,443,60162,IP,UDP,356.92857142857144,0.0809740769230769,4997,14,384.38461538461536,1.0769230769230769,13,0.0877219166666666,Downlink
541,200.18.102.39,200.18.102.102,44435,5000,IP,UDP,983.346935751541,0.000941683223187,33182059,33744,986.5629719926266,1.0032705000891955,33634,0.0009447630898224,Uplink
542,200.18.102.102,157.240.222.61,60865,5222,IP,TCP,99.10714285714286,0.7367244814814814,2775,28,132.14285714285714,1.3333333333333333,21,0.98225105,Uplink
543,157.240.222.61,200.18.102.102,5222,60865,IP,TCP,311.10526315789474,0.5370451081081081,11822,38,394.06666666666666,1.2666666666666666,30,0.564818448275862,Downlink
544,200.18.102.102,35.190.80.1,57482,443,IP,UDP,930.3888888888888,0.0193110588235294,16747,18,1860.7777777777776,2.0,9,0.041036,Uplink
545,35.190.80.1,200.18.102.102,443,57482,IP,UDP,274.53333333333336,0.0234657857142857,4118,15,411.8,1.5,10,0.0365023333333333,Downlink
546,200.18.102.102,142.251.132.238,51350,443,IP,UDP,626.6666666666666,0.4417231842105263,24440,39,763.75,1.21875,32,0.541467129032258,Uplink
547,142.251.132.238,200.18.102.102,443,51350,IP,UDP,284.64864864864865,0.4654890555555555,10532,37,309.7647058823529,1.088235294117647,34,0.5078062424242424,Downlink
548,200.18.102.102,142.251.129.195,64841,443,IP,UDP,303.6666666666667,0.017833625,2733,9,341.625,1.125,8,0.0203812857142857,Uplink
549,142.251.129.195,200.18.102.102,443,64841,IP,UDP,463.1,0.009837,4631,10,514.5555555555555,1.1111111111111112,9,0.011066625,Downlink
550,200.18.102.102,142.251.129.195,64026,443,IP,UDP,236.69230769230768,0.0864330833333333,3077,13,256.4166666666667,1.0833333333333333,12,0.0942906363636363,Uplink
551,142.251.129.195,200.18.102.102,443,64026,IP,UDP,356.92857142857144,0.0776676153846153,4997,14,384.38461538461536,1.0769230769230769,13,0.0841399166666666,Downlink
552,200.18.102.39,200.18.102.102,46698,5000,IP,UDP,993.164646688396,0.0009934886392405,31384996,31601,997.3622727850516,1.0042265158256003,31468,0.000997687768138,Uplink
555,200.18.102.102,3.232.104.21,60882,443,IP,TCP,150.1,7.704125222222222,1501,10,214.42857142857144,1.4285714285714286,7,0.1264093333333333,Uplink
556,3.232.104.21,200.18.102.102,443,60882,IP,TCP,577.6666666666666,5.50753709090909,6932,12,770.2222222222222,1.3333333333333333,9,7.5728635,Downlink
557,200.18.102.102,142.251.128.138,63796,443,IP,UDP,198.5,0.7399355333333333,3176,16,211.7333333333333,1.0666666666666669,15,0.7927880714285714,Uplink
558,142.251.128.138,200.18.102.102,443,63796,IP,UDP,297.875,0.7379658666666666,4766,16,340.42857142857144,1.1428571428571428,14,0.8514990769230769,Downlink
559,200.18.102.102,142.251.129.195,65051,443,IP,UDP,236.7692307692308,0.0930774166666666,3078,13,256.5,1.0833333333333333,12,0.101539,Uplink
560,142.251.129.195,200.18.102.102,443,65051,IP,UDP,356.92857142857144,0.0837606153846153,4997,14,384.38461538461536,1.0769230769230769,13,0.0907406666666666,Downlink
561,200.18.102.39,200.18.102.102,50838,5000,IP,UDP,992.0530952020584,0.0009890601198764,32772474,33035,995.0350376487734,1.0030058294874908,32936,0.0009920331562167,Uplink
562,200.18.102.102,35.190.80.1,57453,443,IP,UDP,926.8,0.016781,18536,20,1853.6,2.0,10,0.0354265555555555,Uplink
563,35.190.80.1,200.18.102.102,443,57453,IP,UDP,289.57142857142856,0.0250268461538461,4054,14,450.44444444444446,1.5555555555555556,9,0.040668625,Downlink
567,200.18.102.102,142.251.132.238,57984,443,IP,UDP,506.7894736842105,0.6164111111111111,9629,19,566.4117647058823,1.1176470588235294,17,0.6934625,Uplink
568,200.18.102.102,142.250.218.238,53197,443,IP,UDP,449.77777777777777,0.0375598823529411,8096,18,506.0,1.125,16,0.0425616,Uplink
570,142.251.132.238,200.18.102.102,443,57984,IP,UDP,358.25,0.5809257894736842,7165,20,398.05555555555554,1.1111111111111112,18,0.64927,Downlink
571,142.250.218.238,200.18.102.102,443,53197,IP,UDP,420.4761904761905,0.0318272,8830,21,588.6666666666666,1.4,15,0.0454674285714285,Downlink
575,200.18.102.102,142.251.129.195,61050,443,IP,UDP,275.0,0.01792625,2475,9,309.375,1.125,8,0.0204871428571428,Uplink
577,142.251.129.195,200.18.102.102,443,61050,IP,UDP,462.7,0.0101837777777777,4627,10,514.1111111111111,1.1111111111111112,9,0.01145675,Downlink
582,200.18.102.102,162.159.135.234,60898,443,IP,TCP,118.11764705882354,7.065366484848485,4016,34,182.54545454545453,1.5454545454545454,22,11.102711285714284,Uplink
583,162.159.135.234,200.18.102.102,443,60898,IP,TCP,150.30555555555554,6.6615182285714285,5411,36,186.5862068965517,1.2413793103448276,29,8.326629535714284,Downlink
584,200.18.102.102,162.159.136.232,65105,443,IP,UDP,472.3333333333333,0.023976125,4251,9,531.375,1.125,8,0.0091144285714285,Uplink
585,162.159.136.232,200.18.102.102,443,65105,IP,UDP,289.625,0.0216847142857142,2317,8,331.0,1.1428571428571428,7,0.0252988333333333,Downlink
588,200.18.102.102,142.251.129.195,61238,443,IP,UDP,236.92307692307693,0.0902855833333333,3080,13,256.6666666666667,1.0833333333333333,12,0.0984933636363636,Uplink
589,142.251.129.195,200.18.102.102,443,61238,IP,UDP,356.92857142857144,0.0796034615384615,4997,14,384.38461538461536,1.0769230769230769,13,0.0862370833333333,Downlink
593,200.18.102.102,142.251.129.42,63997,443,IP,UDP,227.3846153846154,1.5411449166666666,2956,13,246.33333333333331,1.0833333333333333,12,1.681249,Uplink
595,142.251.129.42,200.18.102.102,443,63997,IP,UDP,331.1428571428572,1.4203666923076923,4636,14,356.61538461538464,1.0769230769230769,13,1.5387305833333331,Downlink
596,200.18.102.39,200.18.102.102,54135,5000,IP,UDP,986.2174128917316,0.0009662482037502,33767098,34239,988.2667408101148,1.002077967689066,34168,0.0009682560950624,Uplink
597,200.18.102.102,3.232.104.21,60913,443,IP,TCP,169.25,14.370242142857142,1354,8,270.8,1.6,5,0.155124,Uplink
598,3.232.104.21,200.18.102.102,443,60913,IP,TCP,156.0,8.634162285714284,1248,8,178.28571428571428,1.1428571428571428,7,10.073189333333332,Downlink
599,200.18.102.102,142.251.129.195,54529,443,IP,UDP,303.8888888888889,0.019254125,2735,9,341.875,1.125,8,0.0220047142857142,Uplink
600,142.251.129.195,200.18.102.102,443,54529,IP,UDP,463.1,0.0112448888888888,4631,10,514.5555555555555,1.1111111111111112,9,0.0126505,Downlink
604,200.18.102.102,172.217.162.99,57368,443,IP,UDP,1102.2325581395348,0.0088797619047619,47396,43,4739.6,4.3,10,0.0414388888888888,Uplink
606,172.217.162.99,200.18.102.102,443,57368,IP,UDP,199.3793103448276,0.0121799642857142,5782,29,481.8333333333333,2.4166666666666665,12,0.0310035454545454,Downlink
607,200.18.102.102,142.251.129.195,53853,443,IP,UDP,236.69230769230768,0.09069925,3077,13,256.4166666666667,1.0833333333333333,12,0.0989446363636363,Uplink
608,142.251.129.195,200.18.102.102,443,53853,IP,UDP,356.85714285714283,0.0828746923076923,4996,14,384.3076923076923,1.0769230769230769,13,0.0897809166666666,Downlink
613,200.18.102.102,52.85.213.42,60915,443,IP,TCP,175.1875,16.002275066666666,2803,16,280.3,1.6,10,26.67042933333333,Uplink
614,52.85.213.42,200.18.102.102,443,60915,IP,TCP,108.72222222222224,14.119615647058824,1957,18,177.9090909090909,1.6363636363636365,11,24.0023713,Downlink
615,200.18.102.102,35.190.80.1,63611,443,IP,UDP,952.5882352941176,0.0188645625,16194,17,2024.25,2.125,8,0.043119,Uplink
616,35.190.80.1,200.18.102.102,443,63611,IP,UDP,289.57142857142856,0.023143923076923,4054,14,450.44444444444446,1.5555555555555556,9,0.037608875,Downlink
617,200.18.102.39,200.18.102.102,55798,5000,IP,UDP,976.9563063859896,0.0009988452693339,33136404,33918,980.048031705658,1.003164650557511,33811,0.0010020063590653,Uplink
620,200.18.102.102,52.168.112.67,60924,443,IP,TCP,491.0,0.0771592272727272,11293,23,594.3684210526316,1.2105263157894737,19,0.0869896666666666,Uplink
621,52.168.112.67,200.18.102.102,443,60924,IP,TCP,361.7647058823529,0.0979176875,6150,17,439.2857142857143,1.2142857142857142,14,0.1205140769230769,Downlink
622,200.18.102.102,142.251.129.195,58477,443,IP,UDP,303.8888888888889,0.018694375,2735,9,341.875,1.125,8,0.021365,Uplink
623,142.251.129.195,200.18.102.102,443,58477,IP,UDP,463.1,0.0137076666666666,4631,10,514.5555555555555,1.1111111111111112,9,0.015421125,Downlink
624,200.18.102.102,142.251.129.195,56250,443,IP,UDP,236.69230769230768,0.09297175,3077,13,256.4166666666667,1.0833333333333333,12,0.1014237272727272,Uplink
625,142.251.129.195,200.18.102.102,443,56250,IP,UDP,356.92857142857144,0.083765,4997,14,384.38461538461536,1.0769230769230769,13,0.0907454166666666,Downlink
628,200.18.102.102,44.215.31.249,60932,443,IP,TCP,263.09090909090907,10.0769481,2894,11,413.4285714285714,1.5714285714285714,7,0.1246896666666666,Uplink
629,44.215.31.249,200.18.102.102,443,60932,IP,TCP,662.2666666666667,0.7575602857142857,9934,15,903.0909090909092,1.3636363636363635,11,1.0605844,Downlink
632,200.18.102.102,52.204.195.165,60933,443,IP,TCP,463.4736842105263,5.605109888888888,8806,19,1100.75,2.375,8,0.1030935714285714,Uplink
633,52.204.195.165,200.18.102.102,443,60933,IP,TCP,961.16,0.4410267083333333,24029,25,2184.454545454545,2.272727272727273,11,1.0584641,Downlink
634,200.18.102.102,142.251.129.42,55665,443,IP,UDP,206.86666666666667,1.2841481428571428,3103,15,221.64285714285717,1.0714285714285714,14,1.3829287692307692,Uplink
635,142.251.129.42,200.18.102.102,443,55665,IP,UDP,313.53333333333336,1.2828669285714285,4703,15,361.7692307692308,1.1538461538461535,13,1.4966780833333333,Downlink
636,200.18.102.39,200.18.102.102,53717,5000,IP,UDP,986.5053476727994,0.0010206502133206,33297515,33753,989.5837791250594,1.003120542082739,33648,0.0010238352899218,Uplink
637,200.18.102.102,142.251.129.195,63328,443,IP,UDP,301.6,0.0742675714285714,4524,15,348.0,1.1538461538461535,13,0.0866455,Uplink
638,142.251.129.195,200.18.102.102,443,63328,IP,UDP,419.6666666666667,0.0724482142857142,6295,15,449.6428571428572,1.0714285714285714,14,0.0780211538461538,Downlink
639,200.18.102.102,35.190.80.1,60823,443,IP,UDP,1008.7058823529412,0.0188920625,17148,17,2143.5,2.125,8,0.0431818571428571,Uplink
640,35.190.80.1,200.18.102.102,443,60823,IP,UDP,289.57142857142856,0.0232145384615384,4054,14,450.44444444444446,1.5555555555555556,9,0.037723625,Downlink
644,200.18.102.102,142.251.132.238,61198,443,IP,UDP,550.5666666666667,0.3817656551724137,16517,30,635.2692307692307,1.1538461538461535,26,0.44284816,Uplink
646,142.251.132.238,200.18.102.102,443,61198,IP,UDP,309.06666666666666,0.3804815517241379,9272,30,319.7241379310345,1.0344827586206895,29,0.3940701785714285,Downlink
651,200.18.102.102,52.49.153.17,60950,443,IP,TCP,513.5,7.625515142857142,11297,22,664.5294117647059,1.2941176470588236,17,7.1804015,Uplink
652,200.18.102.102,52.49.153.17,60951,443,IP,TCP,447.1739130434783,7.278888863636364,10285,23,541.3157894736842,1.2105263157894737,19,6.382565055555556,Uplink
653,200.18.102.102,52.49.153.17,60952,443,IP,TCP,512.7727272727273,7.624771428571427,11281,22,663.5882352941177,1.2941176470588236,17,7.1803624375,Uplink
654,200.18.102.102,52.49.153.17,60953,443,IP,TCP,534.0952380952381,8.0067452,11216,21,701.0,1.3125,16,7.6590376,Uplink
655,200.18.102.102,52.49.153.17,60954,443,IP,TCP,490.0,7.278848227272726,11270,23,593.1578947368421,1.2105263157894737,19,6.382516444444445,Uplink
656,200.18.102.102,52.49.153.17,60955,443,IP,TCP,423.4814814814815,6.159015,11434,27,672.5882352941177,1.588235294117647,17,7.180314,Uplink
657,52.49.153.17,200.18.102.102,443,60953,IP,TCP,439.9,8.428037157894735,8798,20,586.5333333333333,1.3333333333333333,15,4.975082642857143,Downlink
658,52.49.153.17,200.18.102.102,443,60955,IP,TCP,1051.574074074074,3.021823471698113,56785,54,2581.1363636363635,2.4545454545454546,22,3.316523047619048,Downlink
659,52.49.153.17,200.18.102.102,443,60952,IP,TCP,402.8333333333333,6.961717782608696,9668,24,483.4,1.2,20,3.665606421052632,Downlink
660,52.49.153.17,200.18.102.102,443,60954,IP,TCP,490.3333333333333,8.0078091,10297,21,643.5625,1.3125,16,4.643101466666667,Downlink
661,52.49.153.17,200.18.102.102,443,60951,IP,TCP,489.6,6.673273083333333,12240,25,612.0,1.25,20,3.6655920526315784,Downlink
662,52.49.153.17,200.18.102.102,443,60950,IP,TCP,463.4782608695652,7.279942727272727,10660,23,561.0526315789474,1.2105263157894737,19,3.869155,Downlink
665,200.18.102.39,200.18.102.102,42077,5000,IP,UDP,957.1059799214316,0.001007624083343,32890947,34365,961.892349535006,1.005000877346903,34194,0.001012663235165,Uplink
669,200.18.102.102,142.251.129.195,57677,443,IP,UDP,236.92307692307693,0.0929349166666666,3080,13,256.6666666666667,1.0833333333333333,12,0.1013835454545454,Uplink
671,142.251.129.195,200.18.102.102,443,57677,IP,UDP,356.92857142857144,0.0834746923076923,4997,14,384.38461538461536,1.0769230769230769,13,0.0904309166666666,Downlink
674,200.18.102.102,3.232.104.21,60965,443,IP,TCP,169.5,14.373587857142857,1356,8,271.2,1.6,5,0.15809225,Uplink
675,3.232.104.21,200.18.102.102,443,60965,IP,TCP,156.0,8.634035428571428,1248,8,178.28571428571428,1.1428571428571428,7,10.073041333333332,Downlink
676,200.18.102.102,142.251.129.42,61867,443,IP,UDP,227.30769230769232,1.4426539166666665,2955,13,246.25,1.0833333333333333,12,1.5738042727272727,Uplink
677,142.251.129.42,200.18.102.102,443,61867,IP,UDP,331.1428571428572,1.3292663076923077,4636,14,356.61538461538464,1.0769230769230769,13,1.4400385,Downlink
678,200.18.102.102,54.194.213.123,60972,80,IP,TCP,199.66666666666663,0.1392634,1198,6,299.5,1.5,4,0.2320746666666666,Uplink
681,54.194.213.123,200.18.102.102,80,60972,IP,TCP,121.5,0.141305,729,6,243.0,2.0,3,0.233337,Downlink
683,200.18.102.102,142.251.129.195,62932,443,IP,UDP,303.22222222222223,0.018133625,2729,9,341.125,1.125,8,0.0207241428571428,Uplink
684,142.251.129.195,200.18.102.102,443,62932,IP,UDP,463.1,0.0104266666666666,4631,10,514.5555555555555,1.1111111111111112,9,0.01173,Downlink
687,200.18.102.39,200.18.102.102,39461,5000,IP,UDP,960.8237113402062,0.0010447051461954,33551964,34920,964.9410140634436,1.0042851801788848,34771,0.0010491820247339,Uplink
688,200.18.102.102,142.251.129.195,63260,443,IP,UDP,236.7692307692308,0.09076775,3078,13,256.5,1.0833333333333333,12,0.0990193636363636,Uplink
689,142.251.129.195,200.18.102.102,443,63260,IP,UDP,356.92857142857144,0.0819114615384615,4997,14,384.38461538461536,1.0769230769230769,13,0.0887374166666666,Downlink
691,200.18.102.102,35.190.80.1,52429,443,IP,UDP,1008.529411764706,0.0189093125,17145,17,2143.125,2.125,8,0.0432212857142857,Uplink
692,35.190.80.1,200.18.102.102,443,52429,IP,UDP,289.57142857142856,0.0232286923076923,4054,14,450.44444444444446,1.5555555555555556,9,0.037746625,Downlink
693,200.18.102.102,157.240.222.61,60984,5222,IP,TCP,124.71875,0.6412359032258064,3991,32,181.4090909090909,1.4545454545454546,22,0.9396924285714284,Uplink
694,157.240.222.61,200.18.102.102,5222,60984,IP,TCP,139.075,0.5095043076923076,5563,40,292.7894736842105,2.1052631578947367,19,0.2008864444444444,Downlink
695,200.18.102.102,142.251.129.195,53159,443,IP,UDP,303.6666666666667,0.01914075,2733,9,341.625,1.125,8,0.0218751428571428,Uplink
696,142.251.129.195,200.18.102.102,443,53159,IP,UDP,463.1,0.0113248888888888,4631,10,514.5555555555555,1.1111111111111112,9,0.0127405,Downlink
701,200.18.102.102,3.20.69.150,60988,443,IP,TCP,228.4,12.273895444444443,2284,10,253.77777777777777,1.1111111111111112,9,13.808132375,Uplink
702,3.20.69.150,200.18.102.102,443,60988,IP,TCP,566.2142857142857,8.497649384615384,7927,14,792.7,1.4,10,7.2559673333333325,Downlink
703,200.18.102.102,142.251.129.42,49203,443,IP,UDP,204.58823529411765,0.8021141875,3478,17,217.375,1.0625,16,0.8555884666666665,Uplink
704,142.251.129.42,200.18.102.102,443,49203,IP,UDP,275.6111111111111,0.753724,4961,18,291.8235294117647,1.0588235294117647,17,0.80083175,Downlink
705,200.18.102.102,142.251.129.195,64285,443,IP,UDP,237.23076923076923,0.090396,3084,13,257.0,1.0833333333333333,12,0.0986138181818181,Uplink
706,142.251.129.195,200.18.102.102,443,64285,IP,UDP,337.4,0.0774644285714285,5061,15,361.5,1.0714285714285714,14,0.0834232307692307,Downlink
707,200.18.102.39,200.18.102.102,52544,5000,IP,UDP,961.6165186654022,0.0009136007299689,33461370,34797,968.1829229478312,1.0068285061196145,34561,0.0009198394386574,Uplink
711,200.18.102.102,172.217.162.99,64667,443,IP,UDP,298.625,0.0350472857142857,2389,8,298.625,1.0,8,0.0350472857142857,Uplink
713,172.217.162.99,200.18.102.102,443,64667,IP,UDP,499.0,0.0248296666666666,4990,10,554.4444444444445,1.1111111111111112,9,0.027933375,Downlink
714,200.18.102.102,157.240.222.61,61000,5222,IP,TCP,94.6470588235294,1.2413713125,1609,17,114.92857142857144,1.2142857142857142,14,1.5162211538461539,Uplink
715,157.240.222.61,200.18.102.102,5222,61000,IP,TCP,138.57142857142858,0.9927228,2910,21,223.84615384615384,1.6153846153846154,13,0.2583931666666666,Downlink
716,200.18.102.102,142.251.129.195,52467,443,IP,UDP,237.0,0.0921414166666666,3081,13,256.75,1.0833333333333333,12,0.100517909090909,Uplink
717,142.251.129.195,200.18.102.102,443,52467,IP,UDP,356.92857142857144,0.0829921538461538,4997,14,384.38461538461536,1.0769230769230769,13,0.0899081666666666,Downlink
720,200.18.102.102,23.96.180.189,61008,443,IP,TCP,225.52941176470588,3.7865084375,3834,17,383.4,1.7,10,0.0576283333333333,Uplink
723,200.18.102.102,20.190.173.146,61009,443,IP,TCP,526.375,0.0201861333333333,8422,16,842.2,1.6,10,0.0336435555555555,Uplink
724,20.190.173.146,200.18.102.102,443,61009,IP,TCP,1061.2272727272727,0.0144528095238095,23347,22,2918.375,2.75,8,0.0433584285714285,Downlink
725,23.96.180.189,200.18.102.102,443,61008,IP,TCP,627.75,0.0497235454545454,7533,12,837.0,1.3333333333333333,9,0.068369875,Downlink
726,200.18.102.102,162.159.135.234,61010,443,IP,TCP,126.57142857142856,5.628554888888889,3544,28,208.4705882352941,1.6470588235294117,17,7.2716754375,Uplink
727,162.159.135.234,200.18.102.102,443,61010,IP,TCP,183.8275862068965,5.42761325,5331,29,213.24,1.16,25,6.331784625,Downlink
728,200.18.102.39,200.18.102.102,50468,5000,IP,UDP,969.9430110658124,0.0009643308774279,33307843,34340,974.6545034236556,1.0048574940012875,34174,0.0009690152459544,Uplink
732,200.18.102.102,162.159.128.233,62084,443,IP,UDP,471.8888888888889,0.025505375,4247,9,471.8888888888889,1.0,9,0.025505375,Uplink
734,162.159.128.233,200.18.102.102,443,62084,IP,UDP,264.44444444444446,0.01844075,2380,9,297.5,1.125,8,0.0210751428571428,Downlink
735,200.18.102.102,35.190.80.1,53404,443,IP,UDP,1024.2777777777778,0.0200028823529411,18437,18,2304.625,2.25,8,0.0485784285714285,Uplink
736,35.190.80.1,200.18.102.102,443,53404,IP,UDP,356.4,0.0218098571428571,5346,15,594.0,1.6666666666666667,9,0.03816725,Downlink
737,200.18.102.102,142.251.132.238,54817,443,IP,UDP,592.2173913043479,0.5046108636363636,13621,23,681.05,1.15,20,0.5842862631578947,Uplink
738,142.251.132.238,200.18.102.102,443,54817,IP,UDP,316.8636363636364,0.5279791428571428,6971,22,348.55,1.1,20,0.5835558947368421,Downlink
741,200.18.102.102,142.251.129.42,52397,443,IP,UDP,198.75,0.7988506,3180,16,212.0,1.0666666666666669,15,0.8559113571428572,Uplink
742,142.251.129.42,200.18.102.102,443,52397,IP,UDP,297.75,0.7969966666666666,4764,16,317.6,1.0666666666666669,15,0.853925,Downlink
743,200.18.102.102,142.251.129.195,60181,443,IP,UDP,225.28571428571428,0.0592130769230769,3154,14,242.6153846153846,1.0769230769230769,13,0.0641475,Uplink
744,142.251.129.195,200.18.102.102,443,60181,IP,UDP,333.8666666666667,0.0528852857142857,5008,15,357.7142857142857,1.0714285714285714,14,0.0569533846153846,Downlink
745,200.18.102.39,200.18.102.102,49273,5000,IP,UDP,977.60883399381,0.0009883860283482,33796915,34571,980.3595463247664,1.0028137146835296,34474,0.0009911671453021,Uplink
746,200.18.102.102,142.251.129.195,59772,443,IP,UDP,303.8888888888889,0.018372125,2735,9,341.875,1.125,8,0.0209967142857142,Uplink
747,142.251.129.195,200.18.102.102,443,59772,IP,UDP,463.1,0.0100882222222222,4631,10,514.5555555555555,1.1111111111111112,9,0.01134925,Downlink
754,200.18.102.102,142.251.129.195,65371,443,IP,UDP,225.42857142857144,0.081960923076923,3156,14,242.7692307692308,1.0769230769230769,13,0.088791,Uplink
755,142.251.129.195,200.18.102.102,443,65371,IP,UDP,337.4,0.0751640714285714,5061,15,361.5,1.0714285714285714,14,0.080945923076923,Downlink
759,200.18.102.102,54.72.244.172,61034,80,IP,TCP,160.8,0.1154945,804,5,268.0,1.6666666666666667,3,0.2309005,Uplink
760,54.72.244.172,200.18.102.102,80,61034,IP,TCP,112.0,0.1130675,560,5,186.66666666666663,1.6666666666666667,3,0.1138145,Downlink
762,200.18.102.102,35.190.80.1,62403,443,IP,UDP,1008.8235294117648,0.0192530625,17150,17,2143.75,2.125,8,0.044007,Uplink
763,35.190.80.1,200.18.102.102,443,62403,IP,UDP,289.57142857142856,0.0242357692307692,4054,14,450.44444444444446,1.5555555555555556,9,0.039383125,Downlink
764,200.18.102.102,142.251.132.238,55592,443,IP,UDP,631.4516129032259,0.5653900333333333,19575,31,725.0,1.148148148148148,27,0.6523731153846153,Uplink
765,200.18.102.102,157.240.222.61,61036,5222,IP,TCP,92.55555555555556,1.161958294117647,1666,18,119.0,1.2857142857142858,14,1.5077284615384616,Uplink
766,157.240.222.61,200.18.102.102,5222,61036,IP,TCP,162.38095238095238,0.986343,3410,21,262.3076923076923,1.6153846153846154,13,1.0414595,Downlink
767,142.251.132.238,200.18.102.102,443,55592,IP,UDP,303.4642857142857,0.6274411851851851,8497,28,326.8076923076923,1.0769230769230769,26,0.67763648,Downlink
771,200.18.102.102,142.251.129.195,64534,443,IP,UDP,275.3333333333333,0.01749225,2478,9,309.75,1.125,8,0.0199911428571428,Uplink
773,142.251.129.195,200.18.102.102,443,64534,IP,UDP,462.7,0.0080303333333333,4627,10,514.1111111111111,1.1111111111111112,9,0.009034125,Downlink
774,200.18.102.39,200.18.102.102,41777,5000,IP,UDP,971.018813228421,0.0010098161218754,32826262,33806,974.304345245162,1.003383592544224,33692,0.0010132330295924,Uplink
775,200.18.102.102,142.251.129.195,63968,443,IP,UDP,332.375,0.020303,2659,8,379.8571428571428,1.1428571428571428,7,0.0236868333333333,Uplink
776,142.251.129.195,200.18.102.102,443,63968,IP,UDP,463.1,0.0096224444444444,4631,10,514.5555555555555,1.1111111111111112,9,0.01082525,Downlink
777,200.18.102.102,157.240.222.61,61044,5222,IP,TCP,91.2,2.237465222222222,912,10,130.28571428571428,1.4285714285714286,7,3.3314793333333332,Uplink
778,157.240.222.61,200.18.102.102,5222,61044,IP,TCP,89.46153846153847,1.6773943333333332,1163,13,116.3,1.3,10,0.2058732222222222,Downlink
782,200.18.102.102,142.250.218.202,63586,443,IP,UDP,198.6875,0.6964677333333333,3179,16,211.9333333333333,1.0666666666666669,15,0.7462154285714285,Uplink
784,142.250.218.202,200.18.102.102,443,63586,IP,UDP,297.75,0.6942856,4764,16,317.6,1.0666666666666669,15,0.7438774285714285,Downlink
785,200.18.102.102,142.251.129.195,51349,443,IP,UDP,236.92307692307693,0.0945083333333333,3080,13,256.6666666666667,1.0833333333333333,12,0.1031,Uplink
786,142.251.129.195,200.18.102.102,443,51349,IP,UDP,356.92857142857144,0.0853293076923076,4997,14,384.38461538461536,1.0769230769230769,13,0.0924400833333333,Downlink
789,200.18.102.102,3.232.104.21,61053,443,IP,TCP,172.25,14.368338714285715,1378,8,275.6,1.6,5,0.15206225,Uplink
790,3.232.104.21,200.18.102.102,443,61053,IP,TCP,156.0,8.632477,1248,8,178.28571428571428,1.1428571428571428,7,10.071223166666666,Downlink
791,200.18.102.39,200.18.102.102,39510,5000,IP,UDP,974.3552803516276,0.001022290101274,32808491,33672,976.9374683619689,1.002650150373701,33583,0.0010249994044428,Uplink
795,200.18.102.102,52.85.213.57,61057,443,IP,TCP,181.13333333333333,17.146078714285714,2717,15,271.7,1.5,10,26.671678,Uplink
797,52.85.213.57,200.18.102.102,443,61057,IP,TCP,108.77777777777776,14.119287235294117,1958,18,178.0,1.6363636363636365,11,24.0020523,Downlink
798,200.18.102.102,142.251.129.195,62894,443,IP,UDP,236.6153846153846,0.0914193333333333,3076,13,256.3333333333333,1.0833333333333333,12,0.0997301818181818,Uplink
799,142.251.129.195,200.18.102.102,443,62894,IP,UDP,356.92857142857144,0.0822542307692307,4997,14,384.38461538461536,1.0769230769230769,13,0.08910875,Downlink
800,200.18.102.102,35.190.80.1,49859,443,IP,UDP,982.7777777777778,0.0177957058823529,17690,18,2211.25,2.25,8,0.0432181428571428,Uplink
801,35.190.80.1,200.18.102.102,443,49859,IP,UDP,289.5,0.0232848461538461,4053,14,506.625,1.75,8,0.0432432857142857,Downlink
802,200.18.102.102,142.251.132.238,50340,443,IP,UDP,529.6666666666666,0.4251718846153846,14301,27,572.04,1.08,25,0.460602875,Uplink
803,142.251.132.238,200.18.102.102,443,50340,IP,UDP,313.34615384615387,0.4411942,8147,26,325.88,1.04,25,0.4595772916666666,Downlink
806,200.18.102.39,200.18.102.102,60231,5000,IP,UDP,957.8510501374832,0.0009897188532982,32745096,34186,961.507399577167,1.0038172421893352,34056,0.0009934969607987,Uplink
810,200.18.102.102,64.233.186.84,60769,443,IP,UDP,518.8333333333334,0.029912909090909,6226,12,566.0,1.0909090909090908,11,0.0329042,Uplink
812,64.233.186.84,200.18.102.102,443,60769,IP,UDP,354.57142857142856,0.0253388461538461,4964,14,413.6666666666667,1.1666666666666667,12,0.029945909090909,Downlink
813,200.18.102.102,142.250.218.202,50595,443,IP,UDP,227.15384615384616,1.0298755833333333,2953,13,246.08333333333331,1.0833333333333333,12,1.1235006363636364,Uplink
814,142.250.218.202,200.18.102.102,443,50595,IP,UDP,331.07142857142856,0.9484276923076924,4635,14,356.53846153846155,1.0769230769230769,13,1.0274633333333332,Downlink
815,200.18.102.102,142.251.129.195,50301,443,IP,UDP,236.7692307692308,0.0916921666666666,3078,13,256.5,1.0833333333333333,12,0.1000278181818181,Uplink
816,142.251.129.195,200.18.102.102,443,50301,IP,UDP,356.92857142857144,0.0813473846153846,4997,14,384.38461538461536,1.0769230769230769,13,0.0881263333333333,Downlink
821,200.18.102.102,162.159.133.234,61076,443,IP,TCP,109.39473684210526,5.272161378378377,4157,38,197.95238095238096,1.809523809523809,21,9.75349855,Uplink
822,162.159.133.234,200.18.102.102,443,61076,IP,TCP,197.8780487804878,4.876938925,8113,41,225.36111111111111,1.1388888888888888,36,5.5731742,Downlink
823,200.18.102.102,142.251.129.195,64564,443,IP,UDP,303.77777777777777,0.018603375,2734,9,341.75,1.125,8,0.021261,Uplink
824,142.251.129.195,200.18.102.102,443,64564,IP,UDP,463.1,0.0095241111111111,4631,10,514.5555555555555,1.1111111111111112,9,0.010714625,Downlink
825,200.18.102.39,200.18.102.102,33393,5000,IP,UDP,966.096493786827,0.0009874333595869,33119720,34282,969.603606768546,1.003630189121143,34158,0.0009910180343707,Uplink
826,200.18.102.102,142.251.129.195,50415,443,IP,UDP,236.84615384615384,0.0926628333333333,3079,13,256.5833333333333,1.0833333333333333,12,0.1010867272727272,Uplink
827,142.251.129.195,200.18.102.102,443,50415,IP,UDP,356.92857142857144,0.0832497692307692,4997,14,384.38461538461536,1.0769230769230769,13,0.09018725,Downlink
828,200.18.102.102,35.190.80.1,60822,443,IP,UDP,1008.1764705882352,0.0191238125,17139,17,2142.375,2.125,8,0.0437115714285714,Uplink
829,35.190.80.1,200.18.102.102,443,60822,IP,UDP,289.57142857142856,0.0236144615384615,4054,14,450.44444444444446,1.5555555555555556,9,0.0383735,Downlink
833,200.18.102.102,142.251.129.195,63952,443,IP,UDP,332.625,0.0190177142857142,2661,8,380.1428571428572,1.1428571428571428,7,0.0221873333333333,Uplink
835,142.251.129.195,200.18.102.102,443,63952,IP,UDP,463.1,0.0092874444444444,4631,10,514.5555555555555,1.1111111111111112,9,0.010448375,Downlink
836,200.18.102.102,142.250.218.202,62652,443,IP,UDP,175.54166666666666,0.4810426086956521,4213,24,183.17391304347825,1.0434782608695652,23,0.5029081818181818,Uplink
837,142.250.218.202,200.18.102.102,443,62652,IP,UDP,224.95833333333331,0.4809753913043478,5399,24,245.4090909090909,1.0909090909090908,22,0.5267825714285714,Downlink
838,200.18.102.102,142.251.129.195,57146,443,IP,UDP,215.2,0.0762662142857142,3228,15,230.57142857142856,1.0714285714285714,14,0.0821328461538461,Uplink
839,142.251.129.195,200.18.102.102,443,57146,IP,UDP,320.3125,0.0704907333333333,5125,16,341.6666666666667,1.0666666666666669,15,0.0755257857142857,Downlink
840,200.18.102.39,200.18.102.102,51066,5000,IP,UDP,956.833938450899,0.0009511616286776,33205965,34704,960.0151782358552,1.0033247564254533,34589,0.0009543241008442,Uplink
841,200.18.102.102,54.72.244.172,61112,80,IP,TCP,157.6,0.1168905,788,5,262.6666666666667,1.6666666666666667,3,0.2337345,Uplink
842,54.72.244.172,200.18.102.102,80,61112,IP,TCP,112.0,0.125321,560,5,186.66666666666663,1.6666666666666667,3,0.1187755,Downlink
843,200.18.102.102,35.190.80.1,54576,443,IP,UDP,974.7894736842104,0.0186861666666666,18521,19,2057.8888888888887,2.111111111111111,9,0.042043875,Uplink
844,35.190.80.1,200.18.102.102,443,54576,IP,UDP,274.53333333333336,0.0245309285714285,4118,15,411.8,1.5,10,0.0381592222222222,Downlink
845,200.18.102.102,142.251.129.195,50756,443,IP,UDP,250.16666666666663,0.093205,3002,12,272.90909090909093,1.0909090909090908,11,0.1025255,Uplink
846,142.251.129.195,200.18.102.102,443,50756,IP,UDP,356.92857142857144,0.077368923076923,4997,14,384.38461538461536,1.0769230769230769,13,0.0838163333333333,Downlink
850,200.18.102.102,142.251.132.238,50217,443,IP,UDP,627.9642857142857,0.4080532592592592,17583,28,799.2272727272727,1.2727272727272727,22,0.5246399047619047,Uplink
852,142.251.132.238,200.18.102.102,443,50217,IP,UDP,360.0,0.3926076428571428,10440,29,401.5384615384616,1.1153846153846154,26,0.43972056,Downlink
853,200.18.102.39,200.18.102.102,39893,5000,IP,UDP,956.3496923898082,0.0009345199179683,34043180,35597,964.0410047291366,1.0080423640019256,35313,0.000942035880154,Uplink
856,200.18.102.102,142.250.218.202,50960,443,IP,UDP,216.2142857142857,0.8562596153846153,3027,14,232.84615384615384,1.0769230769230769,13,0.9276145833333332,Uplink
857,142.250.218.202,200.18.102.102,443,50960,IP,UDP,313.53333333333336,0.7926424285714285,4703,15,361.7692307692308,1.1538461538461535,13,0.9247495,Downlink
858,200.18.102.102,142.251.129.195,62581,443,IP,UDP,236.92307692307693,0.0915106666666666,3080,13,256.6666666666667,1.0833333333333333,12,0.0998298181818181,Uplink
859,142.251.129.195,200.18.102.102,443,62581,IP,UDP,356.92857142857144,0.0823670769230769,4997,14,384.38461538461536,1.0769230769230769,13,0.089231,Downlink
860,200.18.102.39,200.18.102.102,51113,5000,IP,UDP,971.9563664050604,0.0009907692330219,33190366,34148,974.7537738619676,1.00287812041116,34050,0.0009936208699227,Uplink
861,200.18.102.102,142.251.129.195,60841,443,IP,UDP,303.6666666666667,0.017475625,2733,9,341.625,1.125,8,0.0199721428571428,Uplink
862,142.251.129.195,200.18.102.102,443,60841,IP,UDP,463.1,0.0098407777777777,4631,10,514.5555555555555,1.1111111111111112,9,0.011070875,Downlink
863,200.18.102.102,20.190.173.146,61132,443,IP,TCP,584.4285714285714,0.0232347692307692,8182,14,818.2,1.4,10,0.0335613333333333,Uplink
864,20.190.173.146,200.18.102.102,443,61132,IP,TCP,1093.45,0.0160442105263157,21869,20,2733.625,2.5,8,0.0435485714285714,Downlink
865,200.18.102.102,20.190.173.146,61133,443,IP,TCP,551.0666666666667,0.0197340714285714,8266,15,826.6,1.5,10,0.0291197777777777,Uplink
866,20.190.173.146,200.18.102.102,443,61133,IP,TCP,1119.571428571429,0.0131588,23511,21,2612.333333333333,2.333333333333333,9,0.032897,Downlink
869,200.18.102.102,20.190.173.25,61135,443,IP,TCP,238.2,6.706055222222222,2382,10,340.2857142857143,1.4285714285714286,7,0.0566023333333333,Uplink
870,20.190.173.25,200.18.102.102,443,61135,IP,TCP,601.3333333333334,7.54275575,5412,9,676.5,1.125,8,8.620292285714285,Downlink
873,200.18.102.102,13.107.3.128,61136,443,IP,TCP,221.9333333333333,6.448955357142856,3329,15,302.6363636363636,1.3636363636363635,11,4.527263,Uplink
874,13.107.3.128,200.18.102.102,443,61136,IP,TCP,556.5882352941177,5.6412995625,9462,17,946.2,1.7,10,5.027620333333333,Downlink
878,200.18.102.102,142.250.219.46,62433,443,IP,UDP,402.3571428571428,1.3865973846153845,5633,14,402.3571428571428,1.0,14,1.3865973846153845,Uplink
880,142.250.219.46,200.18.102.102,443,62433,IP,UDP,336.1666666666667,1.0602454117647058,6051,18,355.94117647058823,1.0588235294117647,17,1.12651075,Downlink
885,200.18.102.102,13.107.42.16,61137,443,IP,TCP,203.04545454545453,4.30043119047619,4467,22,372.25,1.8333333333333333,12,4.116571363636364,Uplink
886,13.107.42.16,200.18.102.102,443,61137,IP,TCP,1220.619718309859,1.2901747714285714,86664,71,4126.857142857143,3.380952380952381,21,2.2642647,Downlink
888,200.18.102.102,20.22.159.147,61138,443,IP,TCP,303.2,0.0840802222222222,3032,10,433.1428571428572,1.4285714285714286,7,0.1095781666666666,Uplink
890,200.18.102.102,52.113.194.133,61139,443,IP,TCP,274.4375,6.015532333333333,4391,16,337.7692307692308,1.2307692307692308,13,3.7684579166666663,Uplink
891,52.113.194.133,200.18.102.102,443,61139,IP,TCP,487.55555555555554,5.307777,8776,18,675.0769230769231,1.3846153846153846,13,3.7684245833333327,Downlink
892,20.22.159.147,200.18.102.102,443,61138,IP,TCP,626.0909090909091,0.0748543,6887,11,983.8571428571428,1.5714285714285714,7,0.1021618333333333,Downlink
895,200.18.102.102,13.107.246.34,61141,443,IP,TCP,253.6875,6.003119666666667,4059,16,312.2307692307692,1.2307692307692308,13,7.5038815,Uplink
896,13.107.246.34,200.18.102.102,443,61141,IP,TCP,465.3888888888889,5.297303823529412,8377,18,523.5625,1.125,16,6.003611,Downlink
897,200.18.102.102,35.190.80.1,58451,443,IP,UDP,956.5555555555557,0.0179714705882352,17218,18,1913.111111111111,2.0,9,0.038189375,Uplink
898,35.190.80.1,200.18.102.102,443,58451,IP,UDP,274.53333333333336,0.0209270714285714,4118,15,411.8,1.5,10,0.0325532222222222,Downlink
899,200.18.102.102,142.251.129.195,54895,443,IP,UDP,225.5,0.081988923076923,3157,14,242.84615384615384,1.0769230769230769,13,0.0888213333333333,Uplink
900,142.251.129.195,200.18.102.102,443,54895,IP,UDP,337.4,0.0755331428571428,5061,15,361.5,1.0714285714285714,14,0.0813433846153846,Downlink
903,200.18.102.102,52.182.143.211,61149,443,IP,TCP,487.1739130434783,3.142074818181818,11205,23,659.1176470588235,1.3529411764705883,17,4.320352875,Uplink
904,52.182.143.211,200.18.102.102,443,61149,IP,TCP,447.22222222222223,4.066199764705882,8050,18,619.2307692307693,1.3846153846153846,13,5.760449666666666,Downlink
905,200.18.102.102,34.89.30.59,61152,80,IP,TCP,179.0,0.09843,537,3,268.5,1.5,2,0.19686,Uplink
907,200.18.102.102,142.251.129.195,57510,443,IP,UDP,303.8888888888889,0.016830125,2735,9,341.875,1.125,8,0.0192344285714285,Uplink
908,142.251.129.195,200.18.102.102,443,57510,IP,UDP,463.1,0.0078721111111111,4631,10,514.5555555555555,1.1111111111111112,9,0.008856125,Downlink
909,200.18.102.102,34.94.213.23,61156,80,IP,TCP,133.8,0.796696,669,5,334.5,2.5,2,3.186784,Uplink
911,200.18.102.102,142.250.218.202,58694,443,IP,UDP,206.86666666666667,0.7594792857142857,3103,15,221.64285714285717,1.0714285714285714,14,0.8179007692307692,Uplink
912,142.250.218.202,200.18.102.102,443,58694,IP,UDP,313.4,0.757557,4701,15,335.7857142857143,1.0714285714285714,14,0.8158306153846153,Downlink
913,200.18.102.102,142.251.129.195,63778,443,IP,UDP,237.0,0.0910578333333333,3081,13,256.75,1.0833333333333333,12,0.0993358181818181,Uplink
914,142.251.129.195,200.18.102.102,443,63778,IP,UDP,356.92857142857144,0.0814358461538461,4997,14,384.38461538461536,1.0769230769230769,13,0.0882221666666666,Downlink
915,200.18.102.102,162.159.133.234,61169,443,IP,TCP,208.6153846153846,3.0985395,2712,13,226.0,1.0833333333333333,12,3.380224909090909,Uplink
916,162.159.133.234,200.18.102.102,443,61169,IP,TCP,196.23076923076923,3.0938864166666664,2551,13,283.44444444444446,1.4444444444444444,9,4.640829625,Downlink
917,200.18.102.102,157.240.222.61,61170,5222,IP,TCP,120.15384615384616,1.6639725,1562,13,195.25,1.625,8,0.1912551428571428,Uplink
918,157.240.222.61,200.18.102.102,5222,61170,IP,TCP,87.73333333333333,1.4257173571428572,1316,15,109.66666666666669,1.25,12,1.8068980909090908,Downlink
923,200.18.102.102,162.159.138.232,62012,443,IP,UDP,471.8888888888889,0.022882625,4247,9,471.8888888888889,1.0,9,0.022882625,Uplink
924,162.159.138.232,200.18.102.102,443,62012,IP,UDP,244.8,0.0163843333333333,2448,10,272.0,1.1111111111111112,9,0.018432375,Downlink
925,200.18.102.102,35.190.80.1,52163,443,IP,UDP,1008.3529411764706,0.018644625,17142,17,2142.75,2.125,8,0.0426162857142857,Uplink
926,35.190.80.1,200.18.102.102,443,52163,IP,UDP,289.57142857142856,0.0218900769230769,4054,14,450.44444444444446,1.5555555555555556,9,0.035571375,Downlink
930,200.18.102.102,142.251.132.238,54791,443,IP,UDP,579.7096774193549,0.3733953666666666,17971,31,691.1923076923077,1.1923076923076923,26,0.44807444,Uplink
931,200.18.102.102,142.250.218.238,54297,443,IP,UDP,449.8888888888889,0.0350200588235294,8098,18,506.125,1.125,16,0.0396894,Uplink
933,142.251.132.238,200.18.102.102,443,54791,IP,UDP,337.07142857142856,0.4135177777777777,9438,28,377.52,1.12,25,0.4652075,Downlink
934,142.250.218.238,200.18.102.102,443,54297,IP,UDP,443.7894736842105,0.0324042222222222,8432,19,602.2857142857143,1.3571428571428572,14,0.0448673846153846,Downlink
938,200.18.102.102,142.251.129.195,51029,443,IP,UDP,274.55555555555554,0.017610625,2471,9,308.875,1.125,8,0.0201264285714285,Uplink
940,142.251.129.195,200.18.102.102,443,51029,IP,UDP,462.7,0.0088502222222222,4627,10,514.1111111111111,1.1111111111111112,9,0.0099565,Downlink
941,200.18.102.102,142.251.129.195,58910,443,IP,UDP,236.46153846153845,0.0907895,3074,13,256.1666666666667,1.0833333333333333,12,0.0990430909090909,Uplink
942,142.251.129.195,200.18.102.102,443,58910,IP,UDP,356.92857142857144,0.0808535384615384,4997,14,384.38461538461536,1.0769230769230769,13,0.0875913333333333,Downlink
948,200.18.102.102,20.185.212.106,61186,443,IP,TCP,300.5,0.0684137777777777,3005,10,375.625,1.25,8,0.0879605714285714,Uplink
953,200.18.102.102,23.10.53.152,61190,443,IP,TCP,135.14285714285714,0.089841,946,7,157.66666666666666,1.1666666666666667,6,0.1078092,Uplink
954,200.18.102.102,23.10.53.152,61188,443,IP,TCP,133.57142857142858,0.0898336666666666,935,7,155.83333333333334,1.1666666666666667,6,0.1078004,Uplink
955,200.18.102.102,23.10.53.152,61189,443,IP,TCP,135.14285714285714,0.0898238333333333,946,7,157.66666666666666,1.1666666666666667,6,0.1077886,Uplink
956,200.18.102.102,23.10.53.152,61187,443,IP,TCP,135.14285714285714,0.0897888333333333,946,7,157.66666666666666,1.1666666666666667,6,0.1077466,Uplink
958,200.18.102.102,184.85.133.92,61191,80,IP,TCP,110.25,0.080338,441,4,147.0,1.3333333333333333,3,0.120507,Uplink
959,20.185.212.106,200.18.102.102,443,61186,IP,TCP,921.3,0.0539606666666666,9213,10,1316.142857142857,1.4285714285714286,7,0.080941,Downlink
960,23.10.53.152,200.18.102.102,443,61189,IP,TCP,526.8888888888889,0.045620875,4742,9,677.4285714285714,1.2857142857142858,7,0.0608278333333333,Downlink
961,23.10.53.152,200.18.102.102,443,61190,IP,TCP,526.7777777777778,0.046580625,4741,9,677.2857142857143,1.2857142857142858,7,0.0621075,Downlink
962,184.85.133.92,200.18.102.102,80,61191,IP,TCP,820.1666666666666,0.0244578,4921,6,1640.3333333333333,2.0,3,0.0611445,Downlink
963,23.10.53.152,200.18.102.102,443,61187,IP,TCP,526.8888888888889,0.045620875,4742,9,677.4285714285714,1.2857142857142858,7,0.0608278333333333,Downlink
964,23.10.53.152,200.18.102.102,443,61188,IP,TCP,525.6666666666666,0.045620875,4731,9,675.8571428571429,1.2857142857142858,7,0.0608278333333333,Downlink
967,200.18.102.102,2.16.197.84,61192,443,IP,TCP,128.85714285714286,0.0142038333333333,902,7,150.33333333333334,1.1666666666666667,6,0.0170446,Uplink
968,200.18.102.102,2.16.197.84,61193,443,IP,TCP,128.85714285714286,0.0175293333333333,902,7,150.33333333333334,1.1666666666666667,6,0.0210352,Uplink
969,200.18.102.102,2.16.197.84,61194,443,IP,TCP,127.28571428571428,0.0223,891,7,148.5,1.1666666666666667,6,0.02676,Uplink
970,200.18.102.102,2.16.197.84,61195,443,IP,TCP,128.85714285714286,0.0189216666666666,902,7,150.33333333333334,1.1666666666666667,6,0.022706,Uplink
971,2.16.197.84,200.18.102.102,443,61192,IP,TCP,688.0,0.0075566666666666,6880,10,860.0,1.25,8,0.0097157142857142,Downlink
972,2.16.197.84,200.18.102.102,443,61194,IP,TCP,730.6,0.0129615555555555,7306,10,913.25,1.25,8,0.0166648571428571,Downlink
973,2.16.197.84,200.18.102.102,443,61193,IP,TCP,718.7272727272727,0.0087984,7906,11,988.25,1.375,8,0.0125691428571428,Downlink
974,2.16.197.84,200.18.102.102,443,61195,IP,TCP,664.2,0.0111947777777777,6642,10,830.25,1.25,8,0.0143932857142857,Downlink
977,200.18.102.102,204.79.197.203,61196,443,IP,TCP,195.6888888888889,0.0293307727272727,8806,45,800.5454545454545,4.090909090909091,11,0.028284,Uplink
978,204.79.197.203,200.18.102.102,443,61196,IP,TCP,1016.4,0.0216717796610169,60984,60,1742.4,1.7142857142857142,35,0.0376069117647058,Downlink
981,200.18.102.102,20.226.191.209,61198,443,IP,TCP,269.8,0.0112192222222222,2698,10,337.25,1.25,8,0.0140231428571428,Uplink
982,20.226.191.209,200.18.102.102,443,61198,IP,TCP,851.1,0.0116714444444444,8511,10,1215.857142857143,1.4285714285714286,7,0.0175071666666666,Downlink
983,200.18.102.102,204.79.197.203,61199,443,IP,TCP,204.77777777777777,0.0108962352941176,3686,18,368.6,1.8,10,0.0049305555555555,Uplink
984,200.18.102.102,204.79.197.203,61200,443,IP,TCP,120.91666666666669,0.0048060909090909,1451,12,181.375,1.5,8,0.0075524285714285,Uplink
985,200.18.102.102,2.16.197.80,61201,443,IP,TCP,318.1666666666667,0.341661,7636,24,509.06666666666666,1.6,15,0.5612717857142857,Uplink
986,200.18.102.102,2.18.127.214,61202,443,IP,TCP,159.76923076923077,0.23970125,2077,13,230.77777777777777,1.4444444444444444,9,0.346837875,Uplink
987,200.18.102.102,2.18.127.229,61203,443,IP,TCP,133.24561403508773,0.0789444464285714,7595,57,379.75,2.85,20,0.2091895263157894,Uplink
988,200.18.102.102,23.37.8.153,61204,443,IP,TCP,165.15384615384616,0.21211125,2147,13,238.55555555555557,1.4444444444444444,9,0.317528625,Uplink
989,200.18.102.102,2.18.127.250,61205,443,IP,TCP,78.87394957983193,0.0374413305084745,9386,119,853.2727272727273,10.818181818181818,11,0.2889232,Uplink
990,204.79.197.203,200.18.102.102,443,61200,IP,TCP,590.3333333333334,0.0040546363636363,7084,12,885.5,1.5,8,0.0063715714285714,Downlink
991,204.79.197.203,200.18.102.102,443,61199,IP,TCP,815.5,0.0053385757575757,27727,34,1109.08,1.36,25,0.0073405416666666,Downlink
992,2.16.197.80,200.18.102.102,443,61201,IP,TCP,801.7948717948718,0.2063848157894736,31270,39,1302.9166666666667,1.625,24,0.3409836086956521,Downlink
993,23.37.8.153,200.18.102.102,443,61204,IP,TCP,1035.3076923076924,0.1012026,26918,26,2070.6153846153848,2.0,13,0.21083875,Downlink
994,2.18.127.229,200.18.102.102,443,61203,IP,TCP,1082.9156626506024,0.0525460243902439,89882,83,2429.243243243244,2.2432432432432434,37,0.1196881666666666,Downlink
995,2.18.127.250,200.18.102.102,443,61205,IP,TCP,1438.2558139534883,0.0251831286549707,247380,172,20615.0,14.333333333333334,12,0.3914831818181818,Downlink
996,2.18.127.214,200.18.102.102,443,61202,IP,TCP,335.8666666666667,0.1973532142857142,5038,15,503.8,1.5,10,0.2957233333333333,Downlink
999,200.18.102.102,44.207.128.88,61207,443,IP,TCP,343.6363636363636,0.1592865,3780,11,472.5,1.375,8,0.2275521428571428,Uplink
1000,44.207.128.88,200.18.102.102,443,61207,IP,TCP,526.3076923076923,0.11785775,6842,13,760.2222222222222,1.4444444444444444,9,0.176786625,Downlink
1006,200.18.102.102,172.217.162.106,51786,443,IP,UDP,338.25,0.0216646363636363,4059,12,338.25,1.0,12,0.0216646363636363,Uplink
1008,172.217.162.106,200.18.102.102,443,51786,IP,UDP,576.5833333333334,0.0197474545454545,6919,12,629.0,1.0909090909090908,11,0.0217222,Downlink
1009,200.18.102.102,142.251.129.195,61480,443,IP,UDP,382.5263157894737,0.0545364444444444,7268,19,454.25,1.1875,16,0.0654437333333333,Uplink
1010,142.251.129.195,200.18.102.102,443,61480,IP,UDP,456.05555555555554,0.0514679411764705,8209,18,513.0625,1.125,16,0.0583303333333333,Downlink
