ID,SrcIP,DstIP,SrcPort,DstPort,IPVersion,Protocol,PS,IPI,FlowSizeBytes,FlowSizePackets,FS,FS(PKT),NumFrames,IFI
1,142.250.218.170,200.18.102.102,443,64444,IP,UDP,210.42980561555075,3.174248753246753246753246753,97429,463,223.97471264367817,1.064367816091954,435,3.379038995391705069124423963
2,200.18.102.102,142.250.218.170,64444,443,IP,UDP,163.53379953379954,3.426412018691588785046728972,70156,429,206.34117647058824,1.261764705882353,340,4.325971516224188790560471976
3,200.18.102.102,142.251.129.195,49265,443,IP,UDP,99.57386363636364,4.769199931623931623931623932,35050,352,99.57386363636364,1.0,352,4.769199931623931623931623932
4,142.251.129.195,200.18.102.102,443,49265,IP,UDP,100.14971751412429,4.716931107648725212464589235,35453,354,100.71875,1.0056818181818181,352,4.743808207977207977207977208
5,200.18.102.39,200.18.102.102,60283,5000,IP,UDP,1239.4803201155848,0.0003436317951959544879898862200,109809280,88593,2241.280156753888,1.8082418255296566,48994,0.0006213750535790827261037291042
6,20.88.154.174,200.18.102.102,443,61770,IP,TCP,69.19148936170212,11.85803565714285714285714286,9756,141,70.69565217391305,1.0217391304347827,138,12.11770067153284671532846715
7,200.18.102.102,20.88.154.174,61770,443,IP,TCP,82.0,23.38020236619718309859154930,5904,72,5904.0,72.0,1,0
8,200.18.102.102,3.20.69.150,54012,443,IP,TCP,54.666666666666664,32.508191,164,3,54.666666666666664,1.0,3,32.508191
9,3.20.69.150,200.18.102.102,443,54012,IP,TCP,67.75,21.674259,271,4,90.33333333333333,1.3333333333333333,3,9.927632
10,200.18.102.102,142.251.132.238,55059,443,IP,UDP,582.0,0.4785977826086956521739130435,13968,24,634.9090909090909,1.0909090909090908,22,0.5241785238095238095238095238
11,162.159.130.86,200.18.102.102,443,61871,IP,TCP,69.01219512195122,4.084436535452322738386308068,28295,410,104.79629629629629,1.5185185185185186,270,6.210163947955390334572490706
12,200.18.102.102,162.159.130.86,61871,443,IP,TCP,88.74452554744525,6.119135681318681318681318681,24316,274,4863.2,54.8,5,182.609744
13,142.251.132.238,200.18.102.102,443,55059,IP,UDP,358.30434782608694,0.4986200909090909090909090909,8241,23,374.59090909090907,1.0454545454545454,22,0.5223639047619047619047619048
14,200.18.102.102,162.159.133.86,61841,443,IP,TCP,79.39097744360902,12.61440237121212121212121212,10559,133,95.99090909090908,1.209090909090909,110,15.276157
15,162.159.133.86,200.18.102.102,443,61841,IP,TCP,108.77011494252874,9.624789092485549132947976879,18926,174,173.63302752293578,1.5963302752293578,109,15.41748623148148148148148148
16,200.18.102.102,142.251.132.46,63387,443,IP,UDP,173.43957968476357,1.894771943859649122807017544,99034,571,202.52351738241308,1.1676891615541922,489,2.213155754098360655737704918
17,142.251.132.46,200.18.102.102,443,63387,IP,UDP,200.75,1.477445856361149110807113543,146949,732,235.49519230769232,1.1730769230769231,624,1.733558995184590690208667737
18,200.18.102.102,20.185.212.106,53743,443,IP,TCP,638.9705882352941,13.07019363636363636363636364,21725,34,869.0,1.36,25,16.090992375
19,20.185.212.106,200.18.102.102,443,53743,IP,TCP,134.04545454545453,22.19375261904761904761904762,2949,22,268.09090909090907,2.0,11,38.6181985
20,200.18.102.102,177.54.145.72,61907,443,IP,TCP,54.908496732026144,10.94601005921052631578947368,8401,153,289.6896551724138,5.275862068965517,29,59.42119746428571428571428571
21,177.54.145.72,200.18.102.102,443,61907,IP,TCP,65.44736842105263,11.01847527152317880794701987,9948,152,9948.0,152.0,1,0
22,200.18.102.102,200.18.102.1,62612,53,IP,UDP,88.0,0,88,1,88.0,1.0,1,0
23,200.18.102.102,200.133.233.83,62612,53,IP,UDP,88.0,0,88,1,88.0,1.0,1,0
24,200.133.233.83,200.18.102.102,53,62612,IP,UDP,152.0,0,152,1,152.0,1.0,1,0
25,200.18.102.102,13.33.123.122,54038,443,IP,TCP,418.0,11.17301833333333333333333333,4180,10,696.6666666666666,1.6666666666666667,6,0.1141594
26,200.18.102.1,200.18.102.102,53,62612,IP,UDP,152.0,0,152,1,152.0,1.0,1,0
27,13.33.123.122,200.18.102.102,443,54038,IP,TCP,220.875,14.36250657142857142857142857,1767,8,252.42857142857142,1.1428571428571428,7,16.75625766666666666666666667
28,200.18.102.102,2.18.127.238,50698,443,IP,TCP,54.0,3.155298333333333333333333333,378,7,378.0,7.0,1,0
29,200.18.102.102,2.18.127.238,50705,443,IP,TCP,54.0,3.1552875,378,7,378.0,7.0,1,0
30,200.18.102.102,2.18.127.238,50701,443,IP,TCP,54.0,3.157724833333333333333333333,378,7,378.0,7.0,1,0
31,200.18.102.102,2.18.127.238,50702,443,IP,TCP,54.0,3.157689,378,7,378.0,7.0,1,0
32,200.18.102.102,2.18.127.238,50704,443,IP,TCP,54.0,3.1550585,378,7,378.0,7.0,1,0
33,200.18.102.102,2.18.127.238,50700,443,IP,TCP,54.0,3.157496833333333333333333333,378,7,378.0,7.0,1,0
34,200.18.102.102,2.18.127.238,50703,443,IP,TCP,54.0,3.157461666666666666666666667,378,7,378.0,7.0,1,0
35,200.18.102.102,64.233.190.188,52714,5228,IP,TCP,55.75,49.83759716129032258064516129,1784,32,446.0,8.0,4,139.3894606666666666666666667
36,64.233.190.188,200.18.102.102,5228,52714,IP,TCP,66.25,49.83725922580645161290322581,2120,32,706.6666666666666,10.666666666666666,3,209.080263
37,3.226.223.43,200.18.102.102,443,54009,IP,TCP,72.5,0.000158,145,2,72.5,1.0,2,0.000158
38,200.18.102.102,3.226.223.43,54009,443,IP,TCP,54.0,40.033510,108,2,108.0,2.0,1,0
39,200.18.102.102,20.185.212.106,61803,443,IP,TCP,1075.5342465753424,22.97166777777777777777777778,78514,73,1453.962962962963,1.3518518518518519,54,31.20679396226415094339622642
40,20.185.212.106,200.18.102.102,443,61803,IP,TCP,202.98305084745763,28.51665646551724137931034483,11976,59,307.0769230769231,1.5128205128205128,39,43.52542302631578947368421053
41,200.18.102.102,142.251.132.238,53775,443,IP,UDP,332.6363636363636,0.0147933,3659,11,365.9,1.1,10,0.016437
42,142.251.132.238,200.18.102.102,443,53775,IP,UDP,374.90909090909093,0.0137684,4124,11,458.22222222222223,1.2222222222222223,9,0.0172105
43,200.18.102.102,18.64.207.17,53999,443,IP,TCP,54.666666666666664,29.9395792,328,6,164.0,3.0,2,149.697676
44,18.64.207.17,200.18.102.102,443,53999,IP,TCP,68.14285714285714,24.94988366666666666666666667,477,7,159.0,2.3333333333333335,3,74.786697
45,200.18.102.102,162.159.130.234,53934,443,IP,TCP,60.2,2.1622185,301,5,75.25,1.25,4,2.882724666666666666666666667
46,162.159.130.234,200.18.102.102,443,53934,IP,TCP,67.33333333333333,1.728186,404,6,101.0,1.5,4,2.876741666666666666666666667
47,200.18.102.102,23.196.225.19,54018,80,IP,TCP,54.0,0.016564,108,2,108.0,2.0,1,0
48,23.196.225.19,200.18.102.102,80,54018,IP,TCP,60.0,0,60,1,60.0,1.0,1,0
49,23.37.8.153,200.18.102.102,443,53989,IP,TCP,72.5,0.000000,145,2,72.5,1.0,2,0.000000
50,200.18.102.102,23.37.8.153,53989,443,IP,TCP,54.0,107.6841687142857142857142857,432,8,432.0,8.0,1,0
51,2.18.127.229,200.18.102.102,443,53986,IP,TCP,72.5,0.000000,145,2,72.5,1.0,2,0.000000
52,200.18.102.102,2.18.127.229,53986,443,IP,TCP,54.0,107.6614694285714285714285714,432,8,432.0,8.0,1,0
53,2.16.197.80,200.18.102.102,443,53992,IP,TCP,72.5,0.000000,145,2,72.5,1.0,2,0.000000
54,200.18.102.102,2.16.197.80,53992,443,IP,TCP,54.0,107.6576025714285714285714286,432,8,432.0,8.0,1,0
55,2.18.127.250,200.18.102.102,443,53990,IP,TCP,72.5,0.000000,145,2,72.5,1.0,2,0.000000
56,200.18.102.102,2.18.127.250,53990,443,IP,TCP,54.0,107.5909404285714285714285714,432,8,432.0,8.0,1,0
57,200.18.102.39,200.18.102.102,42052,5000,IP,UDP,1238.1268303260633,0.0004569386099064140607167313399,108485911,87621,2213.094879640963,1.787454100367197,49020,0.0008167641322752402129786409351
58,200.18.102.102,162.159.130.234,54050,443,IP,TCP,130.5,7.115722296296296296296296296,3654,28,182.7,1.4,20,10.11181215789473684210526316
59,162.159.130.234,200.18.102.102,443,54050,IP,TCP,163.65625,6.197764193548387096774193548,5237,32,201.42307692307693,1.2307692307692308,26,7.68447708
60,200.18.102.102,142.250.218.170,49544,443,IP,UDP,302.57142857142856,0.7719262307692307692307692308,4236,14,325.84615384615387,1.0769230769230769,13,0.8362534166666666666666666667
61,142.250.218.170,200.18.102.102,443,49544,IP,UDP,331.14285714285717,0.7698753846153846153846153846,4636,14,356.61538461538464,1.0769230769230769,13,0.8340316666666666666666666667
62,54.77.143.119,200.18.102.102,80,64332,IP,TCP,79.5,89.8150566,1272,16,181.71428571428572,2.2857142857142856,7,154.4897831666666666666666667
63,200.18.102.102,54.77.143.119,64332,80,IP,TCP,97.11764705882354,84.1871835,1651,17,165.1,1.7,10,149.666104
64,200.18.102.102,200.18.102.1,59207,53,IP,UDP,75.0,0,75,1,75.0,1.0,1,0
65,200.18.102.102,200.18.102.1,59363,53,IP,UDP,75.0,0,75,1,75.0,1.0,1,0
66,200.18.102.1,200.18.102.102,53,59207,IP,UDP,91.0,0,91,1,91.0,1.0,1,0
67,200.18.102.102,142.251.129.195,58558,443,IP,UDP,274.77777777777777,0.017877375,2473,9,309.125,1.125,8,0.02043128571428571428571428571
68,200.18.102.1,200.18.102.102,53,59363,IP,UDP,135.0,0,135,1,135.0,1.0,1,0
69,142.251.129.195,200.18.102.102,443,58558,IP,UDP,462.7,0.01036911111111111111111111111,4627,10,514.1111111111111,1.1111111111111112,9,0.01166525
70,200.18.102.102,40.86.187.166,61714,443,IP,TCP,83.5,35.56330553333333333333333333,3841,46,89.32558139534883,1.069767441860465,43,38.10354164285714285714285714
71,40.86.187.166,200.18.102.102,443,61714,IP,TCP,102.0,70.23477772727272727272727273,2346,23,2346.0,23.0,1,0
72,200.18.102.102,200.18.102.1,53702,53,IP,UDP,96.0,0,96,1,96.0,1.0,1,0
73,200.18.102.1,200.18.102.102,53,53702,IP,UDP,192.0,0,192,1,192.0,1.0,1,0
74,200.18.102.102,54.160.41.208,54064,443,IP,TCP,143.63636363636363,6.1735253,1580,11,225.71428571428572,1.5714285714285714,7,0.1360448333333333333333333333
75,54.160.41.208,200.18.102.102,443,54064,IP,TCP,577.6666666666666,5.512081636363636363636363636,6932,12,770.2222222222222,1.3333333333333333,9,7.57911225
76,200.18.102.39,200.18.102.102,33149,5000,IP,UDP,1238.68975927726,0.0004811615548236585700562645808,108317226,87445,2210.645863096453,1.7846646801910282,48998,0.0008587197379431393758801559279
77,200.18.102.102,200.18.102.1,57830,53,IP,UDP,75.0,0,75,1,75.0,1.0,1,0
78,200.18.102.102,200.18.102.1,64986,53,IP,UDP,75.0,0,75,1,75.0,1.0,1,0
79,200.18.102.1,200.18.102.102,53,57830,IP,UDP,91.0,0,91,1,91.0,1.0,1,0
80,200.18.102.1,200.18.102.102,53,64986,IP,UDP,135.0,0,135,1,135.0,1.0,1,0
81,200.18.102.102,142.251.129.195,55071,443,IP,UDP,253.91666666666666,2.280575545454545454545454545,3047,12,277.0,1.0909090909090908,11,2.5086331
82,142.251.129.195,200.18.102.102,443,55071,IP,UDP,356.2142857142857,1.927622692307692307692307692,4987,14,383.61538461538464,1.0769230769230769,13,2.088257916666666666666666667
83,200.18.102.102,142.250.218.170,53274,443,IP,UDP,216.07142857142858,0.7815205384615384615384615385,3025,14,232.69230769230768,1.0769230769230769,13,0.84664725
84,142.250.218.170,200.18.102.102,443,53274,IP,UDP,313.26666666666665,0.7231600714285714285714285714,4699,15,335.64285714285717,1.0714285714285714,14,0.7787877692307692307692307692
85,200.18.102.102,239.255.255.250,51452,1900,IP,UDP,216.0,1.009121,864,4,864.0,4.0,1,0
86,200.18.102.102,239.255.255.250,51455,1900,IP,UDP,218.0,1.010400666666666666666666667,872,4,872.0,4.0,1,0
87,54.77.52.141,200.18.102.102,80,64350,IP,TCP,74.55555555555556,87.05364494117647058823529412,1342,18,167.75,2.25,8,211.4159948571428571428571429
88,200.18.102.102,54.77.52.141,64350,80,IP,TCP,70.05555555555556,87.05643488235294117647058824,1261,18,126.1,1.8,10,156.7566281111111111111111111
89,200.18.102.39,200.18.102.102,54353,5000,IP,UDP,1237.315756640882,0.0004788512901945216355696705042,109089181,88166,2226.08266503418,1.799122538516478,49005,0.0008615199575544853481348461350
90,200.18.102.102,200.18.102.1,57249,53,IP,UDP,75.0,0,75,1,75.0,1.0,1,0
91,200.18.102.102,200.18.102.1,49405,53,IP,UDP,75.0,0,75,1,75.0,1.0,1,0
92,200.18.102.1,200.18.102.102,53,57249,IP,UDP,91.0,0,91,1,91.0,1.0,1,0
93,200.18.102.102,142.251.132.238,50919,443,IP,UDP,503.875,0.7380625333333333333333333333,8062,16,537.4666666666667,1.0666666666666667,15,0.7907812857142857142857142857
94,142.251.132.238,200.18.102.102,443,50919,IP,UDP,357.11764705882354,0.689016,6071,17,379.4375,1.0625,16,0.7349504
95,200.18.102.1,200.18.102.102,53,49405,IP,UDP,125.0,0,125,1,125.0,1.0,1,0
96,200.18.102.102,54.160.41.208,54089,443,IP,TCP,169.25,14.37143171428571428571428571,1354,8,270.8,1.6,5,0.158943
97,54.160.41.208,200.18.102.102,443,54089,IP,TCP,156.0,8.635538428571428571428571429,1248,8,178.28571428571428,1.1428571428571428,7,10.07479483333333333333333333
98,200.18.102.102,239.192.152.143,6771,6771,IP,UDP,161.0,300.00240825,805,5,805.0,5.0,1,0
99,200.18.102.39,200.18.102.102,33885,5000,IP,UDP,1237.6446780551905,0.0004814669538588111616427085952,108312474,87515,2209.1962552011096,1.7850004079301625,49028,0.0008594264180961511004140575601
100,200.18.102.102,200.18.102.1,61598,53,IP,UDP,91.0,0,91,1,91.0,1.0,1,0
101,200.18.102.102,200.18.102.1,59533,53,IP,UDP,91.0,0,91,1,91.0,1.0,1,0
102,200.18.102.1,200.18.102.102,53,61598,IP,UDP,107.0,0,107,1,107.0,1.0,1,0
103,200.18.102.102,142.250.219.10,58099,443,IP,UDP,184.45454545454547,0.5165404285714285714285714286,4058,22,193.23809523809524,1.0476190476190477,21,0.54236745
104,200.18.102.1,200.18.102.102,53,59533,IP,UDP,151.0,0,151,1,151.0,1.0,1,0
105,142.250.219.10,200.18.102.102,443,58099,IP,UDP,231.65217391304347,0.4911532272727272727272727273,5328,23,242.1818181818182,1.0454545454545454,22,0.5145414761904761904761904762
106,200.18.102.102,142.251.132.238,52735,443,IP,UDP,622.1176470588235,0.5162130606060606060606060606,21152,34,783.4074074074074,1.2592592592592593,27,0.6551935
107,142.251.132.238,200.18.102.102,443,52735,IP,UDP,307.8666666666667,0.5864170689655172413793103448,9236,30,342.0740740740741,1.1111111111111112,27,0.6540805769230769230769230769
108,200.18.102.102,200.18.102.1,50723,53,IP,UDP,89.0,0,89,1,89.0,1.0,1,0
109,200.18.102.102,200.18.102.1,60419,53,IP,UDP,89.0,0,89,1,89.0,1.0,1,0
110,200.18.102.1,200.18.102.102,53,50723,IP,UDP,105.0,0,105,1,105.0,1.0,1,0
111,200.18.102.102,172.217.162.99,58065,443,IP,UDP,1096.076923076923,0.007695078947368421052631578947,42747,39,4749.666666666667,4.333333333333333,9,0.036551625
112,200.18.102.1,200.18.102.102,53,60419,IP,UDP,149.0,0,149,1,149.0,1.0,1,0
113,172.217.162.99,200.18.102.102,443,58065,IP,UDP,211.5185185185185,0.01034807692307692307692307692,5711,27,519.1818181818181,2.4545454545454546,11,0.026905
114,200.18.102.102,200.18.102.1,58983,53,IP,UDP,75.0,0,75,1,75.0,1.0,1,0
115,200.18.102.102,200.18.102.1,61100,53,IP,UDP,75.0,0,75,1,75.0,1.0,1,0
116,200.18.102.1,200.18.102.102,53,58983,IP,UDP,91.0,0,91,1,91.0,1.0,1,0
117,200.18.102.102,142.251.129.195,65287,443,IP,UDP,239.92307692307693,2.090911166666666666666666667,3119,13,259.9166666666667,1.0833333333333333,12,2.280994
118,142.251.129.195,200.18.102.102,443,65287,IP,UDP,356.2142857142857,1.925736461538461538461538462,4987,14,383.61538461538464,1.0769230769230769,13,2.0862145
119,200.18.102.1,200.18.102.102,53,61100,IP,UDP,135.0,0,135,1,135.0,1.0,1,0
120,200.18.102.39,200.18.102.102,54739,5000,IP,UDP,1240.1445336697113,0.0004889288079470198675496688742,110111193,88789,2246.387845033356,1.811391966052594,49017,0.0008856498082258854251672923127
121,200.18.102.102,52.226.139.185,64366,443,IP,TCP,67.375,192.1039034285714285714285714,539,8,134.75,2.0,4,203.1022306666666666666666667
122,52.226.139.185,200.18.102.102,443,64366,IP,TCP,88.71428571428571,224.121121,621,7,207.0,2.3333333333333335,3,304.6530275
123,200.18.102.102,142.250.219.10,65238,443,IP,UDP,219.84,0.409874375,5496,25,229.0,1.0416666666666667,24,0.427695
124,142.250.219.10,200.18.102.102,443,65238,IP,UDP,224.66666666666666,0.4266599130434782608695652174,5392,24,234.43478260869566,1.0434782608695652,23,0.4460535454545454545454545455
125,200.18.102.102,239.255.255.250,52174,1900,IP,UDP,216.0,1.005785,864,4,864.0,4.0,1,0
126,200.18.102.102,200.18.102.1,54140,53,IP,UDP,89.0,0,89,1,89.0,1.0,1,0
127,200.18.102.102,200.18.102.1,50816,53,IP,UDP,89.0,0,89,1,89.0,1.0,1,0
128,200.18.102.1,200.18.102.102,53,54140,IP,UDP,169.0,0,169,1,169.0,1.0,1,0
129,200.18.102.1,200.18.102.102,53,50816,IP,UDP,135.0,0,135,1,135.0,1.0,1,0
130,200.18.102.102,162.159.136.234,54129,443,IP,TCP,141.95833333333334,9.526072,3407,24,154.86363636363637,1.0909090909090908,22,10.43331695238095238095238095
131,162.159.136.234,200.18.102.102,443,54129,IP,TCP,165.8846153846154,8.76398408,4313,26,215.65,1.3,20,11.53065068421052631578947368
132,200.18.102.102,200.18.102.1,52402,53,IP,UDP,90.0,0,90,1,90.0,1.0,1,0
133,200.18.102.102,200.18.102.1,63273,53,IP,UDP,90.0,0,90,1,90.0,1.0,1,0
134,200.18.102.1,200.18.102.102,53,52402,IP,UDP,197.0,0,197,1,197.0,1.0,1,0
135,200.18.102.102,52.85.213.57,54130,443,IP,TCP,169.1875,16.0064994,2707,16,270.7,1.6,10,26.67748011111111111111111111
136,52.85.213.57,200.18.102.102,443,54130,IP,TCP,111.625,16.0068194,1786,16,198.44444444444446,1.7777777777777777,9,30.0103785
137,200.18.102.1,200.18.102.102,53,63273,IP,UDP,216.0,0,216,1,216.0,1.0,1,0
138,200.18.102.102,239.255.255.250,63276,1900,IP,UDP,218.0,1.007376333333333333333333333,872,4,872.0,4.0,1,0
139,200.18.102.102,200.18.102.1,61823,53,IP,UDP,81.0,0,81,1,81.0,1.0,1,0
140,200.18.102.102,200.18.102.1,62973,53,IP,UDP,81.0,0,81,1,81.0,1.0,1,0
141,200.18.102.1,200.18.102.102,53,61823,IP,UDP,97.0,0,97,1,97.0,1.0,1,0
142,200.18.102.102,34.120.214.181,58861,443,IP,UDP,650.5,0.03410742857142857142857142857,5204,8,743.4285714285714,1.1428571428571428,7,0.039792
143,200.18.102.1,200.18.102.102,53,62973,IP,UDP,166.0,0,166,1,166.0,1.0,1,0
144,34.120.214.181,200.18.102.102,443,58861,IP,UDP,493.5,0.033797,3948,8,564.0,1.1428571428571428,7,0.03942983333333333333333333333
145,200.18.102.102,34.120.214.181,54132,443,IP,TCP,125.61538461538461,24.86385533333333333333333333,1633,13,272.1666666666667,2.1666666666666665,6,59.6689702
146,34.120.214.181,200.18.102.102,443,54132,IP,TCP,129.0,27.12272745454545454545454545,1548,12,309.6,2.4,5,11.282250
147,200.18.102.102,200.18.102.1,62737,53,IP,UDP,71.0,0,71,1,71.0,1.0,1,0
148,200.18.102.102,200.18.102.1,60463,53,IP,UDP,71.0,0,71,1,71.0,1.0,1,0
149,200.18.102.1,200.18.102.102,53,60463,IP,UDP,120.0,0,120,1,120.0,1.0,1,0
150,200.18.102.1,200.18.102.102,53,62737,IP,UDP,151.0,0,151,1,151.0,1.0,1,0
151,200.18.102.102,162.159.137.232,62215,443,IP,UDP,432.1,0.02473855555555555555555555556,4321,10,540.125,1.25,8,0.005181285714285714285714285714
152,162.159.137.232,200.18.102.102,443,62215,IP,UDP,264.3333333333333,0.022204125,2379,9,297.375,1.125,8,0.02537614285714285714285714286
153,fe80::7450:3455:1959:52a4,ff02::c,64229,3702,IPv6,UDP,714.0,72.14840076470588235294117647,12852,18,12852.0,18.0,1,0
154,200.18.102.102,239.255.255.250,64228,3702,IP,UDP,694.0,68.07786372222222222222222222,13186,19,13186.0,19.0,1,0
155,200.18.102.102,142.251.132.238,61388,443,IP,UDP,598.2972972972973,0.4738278611111111111111111111,22137,37,670.8181818181819,1.121212121212121,33,0.53305634375
156,142.251.132.238,200.18.102.102,443,61388,IP,UDP,290.0,0.500933,10150,35,317.1875,1.09375,32,0.5494103870967741935483870968
157,200.18.102.102,200.18.102.1,59926,53,IP,UDP,79.0,0,79,1,79.0,1.0,1,0
158,200.18.102.102,200.18.102.1,52209,53,IP,UDP,79.0,0,79,1,79.0,1.0,1,0
159,200.18.102.1,200.18.102.102,53,59926,IP,UDP,95.0,0,95,1,95.0,1.0,1,0
160,200.18.102.102,64.233.186.84,63955,443,IP,UDP,483.84615384615387,0.029002,6290,13,524.1666666666666,1.0833333333333333,12,0.03163854545454545454545454545
161,64.233.186.84,200.18.102.102,443,63955,IP,UDP,345.5,0.02716515384615384615384615385,4837,14,403.0833333333333,1.1666666666666667,12,0.03210427272727272727272727273
162,200.18.102.1,200.18.102.102,53,52209,IP,UDP,129.0,0,129,1,129.0,1.0,1,0
163,200.18.102.39,200.18.102.102,50747,5000,IP,UDP,1235.2197915369902,0.0004793176776822091444092349479,109145256,88361,2233.7908761588997,1.8084157098708582,48861,0.0008668135489152681129758493655
164,200.18.102.102,200.18.102.1,54560,53,IP,UDP,81.0,0,81,1,81.0,1.0,1,0
165,200.18.102.1,200.18.102.102,53,54560,IP,UDP,241.0,0,241,1,241.0,1.0,1,0
166,200.18.102.102,13.107.42.16,62206,443,IP,UDP,1292.0,1.00108775,6460,5,6460.0,5.0,1,0
167,200.18.102.102,13.107.42.16,54150,443,IP,TCP,203.54545454545453,4.312250619047619047619047619,4478,22,373.1666666666667,1.8333333333333333,12,4.139102909090909090909090909
168,13.107.42.16,200.18.102.102,443,54150,IP,TCP,1210.13698630137,1.749979541666666666666666667,88340,73,3840.8695652173915,3.1739130434782608,23,2.069562727272727272727272727
169,200.18.102.102,200.18.102.1,62479,53,IP,UDP,78.0,0,78,1,78.0,1.0,1,0
170,200.18.102.1,200.18.102.102,53,62479,IP,UDP,160.0,0,160,1,160.0,1.0,1,0
171,200.18.102.102,52.113.194.133,54152,443,IP,TCP,256.2142857142857,6.943314923076923076923076923,3587,14,326.09090909090907,1.2727272727272727,11,4.5233206
172,52.113.194.133,200.18.102.102,443,54152,IP,TCP,387.6666666666667,6.4003505,8141,21,581.5,1.5,14,3.479796384615384615384615385
173,200.18.102.102,142.250.219.10,56893,443,IP,UDP,303.0,0.7130574615384615384615384615,4242,14,326.3076923076923,1.0769230769230769,13,0.7724789166666666666666666667
174,142.250.219.10,200.18.102.102,443,56893,IP,UDP,331.14285714285717,0.710170,4636,14,356.61538461538464,1.0769230769230769,13,0.7693508333333333333333333333
175,200.18.102.102,200.18.102.1,57593,53,IP,UDP,91.0,0,91,1,91.0,1.0,1,0
176,200.18.102.1,200.18.102.102,53,57593,IP,UDP,212.0,0,212,1,212.0,1.0,1,0
177,200.18.102.102,20.189.173.9,54159,443,IP,TCP,286.40909090909093,7.383567,6301,22,350.05555555555554,1.2222222222222223,18,6.462422882352941176470588235
178,200.18.102.102,20.189.173.9,54160,443,IP,TCP,163.4,8.769872111111111111111111111,1634,10,204.25,1.25,8,11.27554985714285714285714286
179,20.189.173.9,200.18.102.102,443,54159,IP,TCP,408.95,10.140071,8179,20,629.1538461538462,1.5384615384615385,13,9.15490675
180,20.189.173.9,200.18.102.102,443,54160,IP,TCP,656.0909090909091,7.8929785,7217,11,1031.0,1.5714285714285714,7,7.6228195
181,200.18.102.39,200.18.102.102,44859,5000,IP,UDP,1238.4093375294688,0.0004855336145828633307765194243,109788703,88653,2262.938061670377,1.827294088548108,48516,0.0008872209832010718334535710605
182,200.18.102.102,200.18.102.1,53438,53,IP,UDP,89.0,0,89,1,89.0,1.0,1,0
183,200.18.102.102,200.18.102.1,61064,53,IP,UDP,89.0,0,89,1,89.0,1.0,1,0
184,200.18.102.1,200.18.102.102,53,61064,IP,UDP,149.0,0,149,1,149.0,1.0,1,0
185,200.18.102.1,200.18.102.102,53,53438,IP,UDP,105.0,0,105,1,105.0,1.0,1,0
186,200.18.102.102,142.250.219.42,58523,443,IP,UDP,428.1818181818182,0.0375371,4710,11,471.0,1.1,10,0.04170788888888888888888888889
187,142.250.219.42,200.18.102.102,443,58523,IP,UDP,407.2142857142857,0.02840284615384615384615384615,5701,14,475.0833333333333,1.1666666666666667,12,0.033567
188,200.18.102.102,200.18.102.1,50796,53,IP,UDP,89.0,0,89,1,89.0,1.0,1,0
189,200.18.102.102,64.233.186.84,58144,443,IP,UDP,255.5,0.03290455555555555555555555556,2555,10,255.5,1.0,10,0.03290455555555555555555555556
190,200.18.102.102,200.133.233.83,50796,53,IP,UDP,89.0,0,89,1,89.0,1.0,1,0
191,64.233.186.84,200.18.102.102,443,58144,IP,UDP,376.1,0.03114877777777777777777777778,3761,10,376.1,1.0,10,0.03114877777777777777777777778
192,200.133.233.83,200.18.102.102,53,50796,IP,UDP,229.0,0,229,1,229.0,1.0,1,0
193,200.18.102.102,104.208.16.91,54169,443,IP,TCP,498.0,0.07509336842105263157894736842,9960,20,664.0,1.3333333333333333,15,0.09012635714285714285714285714
194,200.18.102.1,200.18.102.102,53,50796,IP,UDP,229.0,0,229,1,229.0,1.0,1,0
195,104.208.16.91,200.18.102.102,443,54169,IP,TCP,339.44444444444446,0.07448158823529411764705882353,6110,18,509.1666666666667,1.5,12,0.1151079090909090909090909091
196,200.18.102.102,142.251.132.238,60176,443,IP,UDP,484.5,0.01929055555555555555555555556,4845,10,538.3333333333334,1.1111111111111112,9,0.021701875
197,142.251.132.238,200.18.102.102,443,60176,IP,UDP,447.27272727272725,0.0142801,4920,11,492.0,1.1,10,0.01586677777777777777777777778
198,200.18.102.102,200.18.102.1,52763,53,IP,UDP,75.0,0,75,1,75.0,1.0,1,0
199,200.18.102.102,200.18.102.1,53349,53,IP,UDP,75.0,0,75,1,75.0,1.0,1,0
200,200.18.102.1,200.18.102.102,53,52763,IP,UDP,91.0,0,91,1,91.0,1.0,1,0
201,200.18.102.102,142.251.129.195,54174,443,IP,UDP,240.19230769230768,10.68203616,6245,26,260.2083333333333,1.0833333333333333,24,11.61090886956521739130434783
202,200.18.102.1,200.18.102.102,53,53349,IP,UDP,135.0,0,135,1,135.0,1.0,1,0
203,142.251.129.195,200.18.102.102,443,54174,IP,UDP,356.2142857142857,9.889610148148148148148148148,9974,28,383.61538461538464,1.0769230769230769,26,10.68077896
204,200.18.102.39,200.18.102.102,43046,5000,IP,UDP,1239.0530741228756,0.0005008741862360836599555570444,110962159,89554,2299.019144307469,1.8554646223971822,48265,0.0009293632106746229073429471242
205,200.18.102.102,200.18.102.1,5351,5351,IP,UDP,50.666666666666664,0.0000605,152,3,76.0,1.5,2,0.000121
206,200.18.102.102,200.18.102.1,58421,53,IP,UDP,75.0,0,75,1,75.0,1.0,1,0
207,200.18.102.102,200.18.102.1,60689,53,IP,UDP,75.0,0,75,1,75.0,1.0,1,0
208,200.18.102.1,200.18.102.102,53,58421,IP,UDP,91.0,0,91,1,91.0,1.0,1,0
209,200.18.102.102,142.251.129.195,59182,443,IP,UDP,300.25,0.020812,2402,8,343.14285714285717,1.1428571428571428,7,0.02428066666666666666666666667
210,142.251.129.195,200.18.102.102,443,59182,IP,UDP,462.7,0.009759777777777777777777777778,4627,10,514.1111111111111,1.1111111111111112,9,0.01097975
211,200.18.102.1,200.18.102.102,53,60689,IP,UDP,135.0,0,135,1,135.0,1.0,1,0
212,200.18.102.102,142.250.219.10,64365,443,IP,UDP,216.0,0.7131102307692307692307692308,3024,14,216.0,1.0,14,0.7131102307692307692307692308
213,142.250.219.10,200.18.102.102,443,64365,IP,UDP,313.26666666666665,0.6604608571428571428571428571,4699,15,335.64285714285717,1.0714285714285714,14,0.7112655384615384615384615385
214,200.18.102.102,239.255.255.250,64368,1900,IP,UDP,216.0,1.007904,864,4,864.0,4.0,1,0
215,200.18.102.102,239.255.255.250,64371,1900,IP,UDP,218.0,1.008139666666666666666666667,872,4,872.0,4.0,1,0
216,200.18.102.102,142.251.132.238,64787,443,IP,UDP,703.9473684210526,0.2983759729729729729729729730,26750,38,1028.8461538461538,1.4615384615384615,26,0.44159644
217,200.18.102.102,200.18.102.1,52111,53,IP,UDP,79.0,0,79,1,79.0,1.0,1,0
218,200.18.102.102,200.18.102.1,65124,53,IP,UDP,79.0,0,79,1,79.0,1.0,1,0
219,142.251.132.238,200.18.102.102,443,64787,IP,UDP,275.7878787878788,0.3440506875,9101,33,350.03846153846155,1.2692307692307692,26,0.43940332
220,200.18.102.1,200.18.102.102,53,52111,IP,UDP,95.0,0,95,1,95.0,1.0,1,0
221,200.18.102.1,200.18.102.102,53,65124,IP,UDP,129.0,0,129,1,129.0,1.0,1,0
222,200.18.102.102,142.250.218.238,64518,443,IP,UDP,448.55555555555554,0.04114841176470588235294117647,8074,18,504.625,1.125,16,0.04662846666666666666666666667
223,142.250.218.238,200.18.102.102,443,64518,IP,UDP,419.8095238095238,0.0351532,8816,21,587.7333333333333,1.4,15,0.05021885714285714285714285714
224,200.18.102.102,200.18.102.1,62193,53,IP,UDP,79.0,0,79,1,79.0,1.0,1,0
225,200.18.102.102,200.18.102.1,60609,53,IP,UDP,79.0,0,79,1,79.0,1.0,1,0
226,200.18.102.1,200.18.102.102,53,60609,IP,UDP,129.0,0,129,1,129.0,1.0,1,0
227,200.18.102.1,200.18.102.102,53,62193,IP,UDP,95.0,0,95,1,95.0,1.0,1,0
228,200.18.102.102,64.233.186.84,63519,443,IP,UDP,306.5,0.04198714285714285714285714286,2452,8,350.2857142857143,1.1428571428571428,7,0.048985
229,64.233.186.84,200.18.102.102,443,63519,IP,UDP,413.44444444444446,0.03510775,3721,9,413.44444444444446,1.0,9,0.03510775
230,200.18.102.39,200.18.102.102,42217,5000,IP,UDP,1237.5280531822543,0.0005007177744525797571590117308,108343106,87548,2234.2930853148005,1.8054484337299705,48491,0.0009040284388533718292431429161
231,200.18.102.102,200.18.102.1,60901,53,IP,UDP,85.0,0,85,1,85.0,1.0,1,0
232,200.18.102.102,200.133.233.83,60901,53,IP,UDP,85.0,0,85,1,85.0,1.0,1,0
233,200.18.102.1,200.18.102.102,53,60901,IP,UDP,188.0,0,188,1,188.0,1.0,1,0
234,200.18.102.102,200.152.162.189,54201,443,IP,TCP,206.16666666666666,8.271012818181818181818181818,2474,12,274.8888888888889,1.3333333333333333,9,11.372642625
235,200.152.162.189,200.18.102.102,443,54201,IP,TCP,536.4285714285714,6.998452153846153846153846154,7510,14,751.0,1.4,10,10.107549
236,200.133.233.83,200.18.102.102,53,60901,IP,UDP,188.0,0,188,1,188.0,1.0,1,0
237,200.18.102.102,200.18.102.1,58232,53,IP,UDP,85.0,0,85,1,85.0,1.0,1,0
238,200.18.102.1,200.18.102.102,53,58232,IP,UDP,210.0,0,210,1,210.0,1.0,1,0
239,200.18.102.102,20.75.60.91,54202,443,IP,TCP,225.47058823529412,3.8003266875,3833,17,383.3,1.7,10,0.06657133333333333333333333333
240,20.75.60.91,200.18.102.102,443,54202,IP,TCP,627.75,0.05458418181818181818181818182,7533,12,837.0,1.3333333333333333,9,0.07505325
241,200.18.102.102,142.250.219.10,63776,443,IP,UDP,227.46153846153845,0.7240154166666666666666666667,2957,13,227.46153846153845,1.0,13,0.7240154166666666666666666667
242,142.250.219.10,200.18.102.102,443,63776,IP,UDP,331.2857142857143,0.6659706153846153846153846154,4638,14,356.7692307692308,1.0769230769230769,13,0.7214681666666666666666666667
243,200.18.102.39,200.18.102.102,37466,5000,IP,UDP,1239.130685904351,0.0004795919587374004112775449203,110272718,88992,2258.529810547875,1.8226728110599077,48825,0.0008741473046042929706701622153
244,200.18.102.102,200.18.102.1,63055,53,IP,UDP,96.0,0,96,1,96.0,1.0,1,0
245,200.18.102.102,200.133.233.83,63055,53,IP,UDP,96.0,0,96,1,96.0,1.0,1,0
246,200.18.102.1,200.18.102.102,53,63055,IP,UDP,192.0,0,192,1,192.0,1.0,1,0
247,200.18.102.102,3.232.104.21,54220,443,IP,TCP,146.8181818181818,10.0761322,1615,11,230.71428571428572,1.5714285714285714,7,0.1328933333333333333333333333
248,200.133.233.83,200.18.102.102,53,63055,IP,UDP,192.0,0,192,1,192.0,1.0,1,0
249,3.232.104.21,200.18.102.102,443,54220,IP,TCP,577.6666666666666,5.508839727272727272727272727,6932,12,770.2222222222222,1.3333333333333333,9,7.574654625
250,200.18.102.102,142.251.129.195,49913,443,IP,UDP,333.53846153846155,2.091328166666666666666666667,4336,13,361.3333333333333,1.0833333333333333,12,2.281448909090909090909090909
251,142.251.129.195,200.18.102.102,443,49913,IP,UDP,356.2142857142857,1.929282538461538461538461538,4987,14,383.61538461538464,1.0769230769230769,13,2.090056083333333333333333333
252,200.18.102.102,200.18.102.1,54138,53,IP,UDP,79.0,1.099373,158,2,158.0,2.0,1,0
253,200.18.102.102,200.133.233.83,54138,53,IP,UDP,79.0,0,79,1,79.0,1.0,1,0
254,200.133.233.83,200.18.102.102,53,54138,IP,UDP,164.0,0,164,1,164.0,1.0,1,0
255,200.18.102.102,54.194.213.125,54228,80,IP,TCP,159.2,0.1155475,796,5,265.3333333333333,1.6666666666666667,3,0.2309975
256,200.18.102.1,200.18.102.102,53,54138,IP,UDP,164.0,0.000243,328,2,328.0,2.0,1,0
257,54.194.213.125,200.18.102.102,80,54228,IP,TCP,112.0,0.11505025,560,5,186.66666666666666,1.6666666666666667,3,0.115475
258,200.18.102.102,162.159.136.234,54230,443,IP,TCP,126.46666666666667,6.762626275862068965517241379,3794,30,180.66666666666666,1.4285714285714286,21,9.8058015
259,162.159.136.234,200.18.102.102,443,54230,IP,TCP,161.45454545454547,6.12873453125,5328,33,190.28571428571428,1.1785714285714286,28,7.262863481481481481481481481
260,200.18.102.102,239.255.255.250,56614,1900,IP,UDP,216.0,1.009385666666666666666666667,864,4,864.0,4.0,1,0
261,200.18.102.102,239.255.255.250,56617,1900,IP,UDP,218.0,1.008248333333333333333333333,872,4,872.0,4.0,1,0
262,200.18.102.102,200.18.102.1,57910,53,IP,UDP,91.0,0,91,1,91.0,1.0,1,0
263,200.18.102.102,200.18.102.1,58873,53,IP,UDP,91.0,0,91,1,91.0,1.0,1,0
264,200.18.102.1,200.18.102.102,53,57910,IP,UDP,107.0,0,107,1,107.0,1.0,1,0
265,200.18.102.102,172.217.162.138,60458,443,IP,UDP,167.30769230769232,0.32640968,4350,26,174.0,1.04,25,0.3400100833333333333333333333
266,200.18.102.1,200.18.102.102,53,58873,IP,UDP,151.0,0,151,1,151.0,1.0,1,0
267,172.217.162.138,200.18.102.102,443,60458,IP,UDP,213.65384615384616,0.325633,5555,26,231.45833333333334,1.0833333333333333,24,0.3539489130434782608695652174
268,200.18.102.39,200.18.102.102,35134,5000,IP,UDP,1235.4102058045085,0.0004798770977126233529176886658,108291117,87656,2220.809585332841,1.7976293015052704,48762,0.0008626489817682164024527798856
269,200.18.102.102,200.18.102.1,52120,53,IP,UDP,75.0,0,75,1,75.0,1.0,1,0
270,200.18.102.102,200.18.102.1,54147,53,IP,UDP,75.0,0,75,1,75.0,1.0,1,0
271,200.18.102.1,200.18.102.102,53,52120,IP,UDP,91.0,0,91,1,91.0,1.0,1,0
272,200.18.102.102,142.251.132.238,59519,443,IP,UDP,610.4782608695652,0.009506136363636363636363636364,14041,23,702.05,1.15,20,0.01100710526315789473684210526
273,142.251.132.238,200.18.102.102,443,59519,IP,UDP,388.9047619047619,0.00875875,8167,21,429.8421052631579,1.105263157894737,19,0.009731944444444444444444444444
274,200.18.102.1,200.18.102.102,53,54147,IP,UDP,125.0,0,125,1,125.0,1.0,1,0
275,200.18.102.39,200.18.102.102,55561,5000,IP,UDP,1235.1698394153896,0.0004932247408510394593665883970,107837738,87306,2215.6466479012142,1.793799182264593,48671,0.0008847541812204643517567289912
276,200.18.102.102,200.18.102.1,56848,53,IP,UDP,90.0,0,90,1,90.0,1.0,1,0
277,200.18.102.102,200.18.102.1,63887,53,IP,UDP,90.0,0,90,1,90.0,1.0,1,0
278,200.18.102.1,200.18.102.102,53,56848,IP,UDP,197.0,0,197,1,197.0,1.0,1,0
279,200.18.102.102,52.85.213.54,54262,443,IP,TCP,176.86666666666667,17.14780471428571428571428571,2653,15,294.77777777777777,1.6666666666666667,9,30.00864075
280,52.85.213.54,200.18.102.102,443,54262,IP,TCP,111.75,16.00536206666666666666666667,1788,16,198.66666666666666,1.7777777777777777,9,30.00601025
281,200.18.102.1,200.18.102.102,53,63887,IP,UDP,216.0,0,216,1,216.0,1.0,1,0
282,200.18.102.102,200.18.102.127,138,138,IP,UDP,243.0,0,243,1,243.0,1.0,1,0
283,200.18.102.102,172.217.162.138,57052,443,IP,UDP,174.95833333333334,0.2922607391304347826086956522,4199,24,190.86363636363637,1.0909090909090908,22,0.3200950952380952380952380952
284,172.217.162.138,200.18.102.102,443,57052,IP,UDP,219.64,0.2787962083333333333333333333,5491,25,238.7391304347826,1.0869565217391304,23,0.3041413181818181818181818182
285,200.18.102.102,142.251.132.238,52013,443,IP,UDP,635.390243902439,0.425727325,26051,41,766.2058823529412,1.2058823529411764,34,0.5160331212121212121212121212
286,142.251.132.238,200.18.102.102,443,52013,IP,UDP,287.4,0.4362607179487179487179487179,11496,40,310.7027027027027,1.0810810810810811,37,0.4726157777777777777777777778
287,200.18.102.39,200.18.102.102,58674,5000,IP,UDP,1234.4533689141365,0.0004911710074216602528862012095,107783827,87313,2225.9727597529995,1.80320522087524,48421,0.0008856902726146220570012391574
288,200.18.102.102,200.18.102.1,68,67,IP,UDP,348.0,0,348,1,348.0,1.0,1,0
289,200.18.102.1,200.18.102.102,67,68,IP,UDP,342.0,0,342,1,342.0,1.0,1,0
290,200.18.102.102,224.0.0.251,5353,5353,IP,UDP,95.0,0.003559,190,2,95.0,1.0,2,0.003559
291,fe80::7450:3455:1959:52a4,ff02::fb,5353,5353,IPv6,UDP,115.0,0.001389,230,2,115.0,1.0,2,0.001389
292,fe80::7450:3455:1959:52a4,ff02::1:3,49601,5355,IPv6,UDP,90.0,0,90,1,90.0,1.0,1,0
293,200.18.102.102,224.0.0.252,49601,5355,IP,UDP,70.0,0,70,1,70.0,1.0,1,0
294,200.18.102.102,239.255.255.250,51862,1900,IP,UDP,216.0,1.009974,864,4,864.0,4.0,1,0
295,200.18.102.102,239.255.255.250,64788,1900,IP,UDP,218.0,1.007594,872,4,872.0,4.0,1,0
296,200.18.102.102,200.18.102.1,65424,53,IP,UDP,91.0,0,91,1,91.0,1.0,1,0
297,200.18.102.102,200.18.102.1,63001,53,IP,UDP,91.0,0,91,1,91.0,1.0,1,0
298,200.18.102.1,200.18.102.102,53,65424,IP,UDP,107.0,0,107,1,107.0,1.0,1,0
299,200.18.102.102,172.217.162.138,54625,443,IP,UDP,227.0,0.5057299166666666666666666667,2951,13,245.91666666666666,1.0833333333333333,12,0.5517053636363636363636363636
300,172.217.162.138,200.18.102.102,443,54625,IP,UDP,331.14285714285717,0.463749,4636,14,356.61538461538464,1.0769230769230769,13,0.50239475
301,200.18.102.1,200.18.102.102,53,63001,IP,UDP,151.0,0,151,1,151.0,1.0,1,0
302,200.18.102.102,200.18.102.1,64875,53,IP,UDP,75.0,0,75,1,75.0,1.0,1,0
303,200.18.102.102,200.18.102.1,56021,53,IP,UDP,75.0,0,75,1,75.0,1.0,1,0
304,200.18.102.1,200.18.102.102,53,64875,IP,UDP,91.0,0,91,1,91.0,1.0,1,0
305,200.18.102.102,142.251.132.238,58189,443,IP,UDP,479.3529411764706,0.69132725,8149,17,509.3125,1.0625,16,0.7374157333333333333333333333
306,200.18.102.1,200.18.102.102,53,56021,IP,UDP,125.0,0,125,1,125.0,1.0,1,0
307,142.251.132.238,200.18.102.102,443,58189,IP,UDP,341.11764705882354,0.68961175,5799,17,386.6,1.1333333333333333,15,0.7881277142857142857142857143
308,200.18.102.39,200.18.102.102,60170,5000,IP,UDP,1238.3966209152532,0.0004635464264034713010634231885,110166525,88959,2267.5941172838234,1.8310725974106168,48583,0.0008487950887159853443662261743
309,200.18.102.102,200.18.102.1,49734,53,IP,UDP,75.0,0,75,1,75.0,1.0,1,0
310,200.18.102.102,200.18.102.1,55651,53,IP,UDP,75.0,0,75,1,75.0,1.0,1,0
311,200.18.102.1,200.18.102.102,53,49734,IP,UDP,91.0,0,91,1,91.0,1.0,1,0
312,200.18.102.102,142.251.129.195,50815,443,IP,UDP,275.1111111111111,0.017907625,2476,9,309.5,1.125,8,0.02046585714285714285714285714
313,200.18.102.1,200.18.102.102,53,55651,IP,UDP,135.0,0,135,1,135.0,1.0,1,0
314,142.251.129.195,200.18.102.102,443,50815,IP,UDP,462.7,0.01003188888888888888888888889,4627,10,514.1111111111111,1.1111111111111112,9,0.011285875
315,200.18.102.39,200.18.102.102,46423,5000,IP,UDP,1238.0147659090403,0.0004575415379468019851670105392,111007832,89666,2289.0100626855824,1.848935994721214,48496,0.0008459730281472316733683884937
316,200.18.102.102,200.18.102.1,57759,53,IP,UDP,89.0,0,89,1,89.0,1.0,1,0
317,200.18.102.102,200.18.102.1,58220,53,IP,UDP,89.0,0,89,1,89.0,1.0,1,0
318,200.18.102.1,200.18.102.102,53,57759,IP,UDP,169.0,0,169,1,169.0,1.0,1,0
319,200.18.102.1,200.18.102.102,53,58220,IP,UDP,135.0,0,135,1,135.0,1.0,1,0
320,200.18.102.102,162.159.135.234,54309,443,IP,TCP,130.53571428571428,6.890868888888888888888888889,3655,28,158.91304347826087,1.2173913043478262,23,8.456975454545454545454545455
321,162.159.135.234,200.18.102.102,443,54309,IP,TCP,162.83870967741936,6.2023992,5048,31,194.15384615384616,1.1923076923076923,26,7.44169352
322,200.18.102.102,172.217.162.138,49836,443,IP,UDP,198.1875,0.3375650666666666666666666667,3171,16,211.4,1.0666666666666667,15,0.3616768571428571428571428571
323,172.217.162.138,200.18.102.102,443,49836,IP,UDP,313.3333333333333,0.3580955714285714285714285714,4700,15,361.53846153846155,1.1538461538461537,13,0.4169086666666666666666666667
324,200.18.102.102,142.251.132.238,53430,443,IP,UDP,713.4666666666667,0.01682607142857142857142857143,10702,15,891.8333333333334,1.25,12,0.021415
325,142.251.132.238,200.18.102.102,443,53430,IP,UDP,357.5,0.01357169230769230769230769231,5005,14,417.0833333333333,1.1666666666666667,12,0.01603927272727272727272727273
326,200.18.102.102,200.18.102.1,58696,53,IP,UDP,75.0,0,75,1,75.0,1.0,1,0
327,200.18.102.102,200.18.102.1,57804,53,IP,UDP,75.0,0,75,1,75.0,1.0,1,0
328,200.18.102.1,200.18.102.102,53,58696,IP,UDP,91.0,0,91,1,91.0,1.0,1,0
329,200.18.102.102,142.251.129.195,57384,443,IP,UDP,333.38461538461536,2.090656416666666666666666667,4334,13,361.1666666666667,1.0833333333333333,12,2.280716090909090909090909091
330,200.18.102.1,200.18.102.102,53,57804,IP,UDP,135.0,0,135,1,135.0,1.0,1,0
331,142.251.129.195,200.18.102.102,443,57384,IP,UDP,356.2142857142857,1.927755769230769230769230769,4987,14,383.61538461538464,1.0769230769230769,13,2.088402083333333333333333333
332,200.18.102.39,200.18.102.102,59918,5000,IP,UDP,1239.1642773287579,0.0005013230045040468691794507095,109775085,88588,2251.981393345095,1.817338858573011,48746,0.0009110821827879782541799158888
333,200.18.102.102,239.255.255.250,63141,1900,IP,UDP,216.0,1.008645333333333333333333333,864,4,864.0,4.0,1,0
334,200.18.102.102,239.255.255.250,63148,1900,IP,UDP,218.0,1.011469666666666666666666667,872,4,872.0,4.0,1,0
335,200.18.102.102,172.217.162.138,65101,443,IP,UDP,216.07142857142858,0.4559956923076923076923076923,3025,14,232.69230769230768,1.0769230769230769,13,0.4939953333333333333333333333
336,172.217.162.138,200.18.102.102,443,65101,IP,UDP,313.46666666666664,0.4214292142857142857142857143,4702,15,335.85714285714283,1.0714285714285714,14,0.4538468461538461538461538462
337,200.18.102.102,200.18.102.1,52935,53,IP,UDP,75.0,0,75,1,75.0,1.0,1,0
338,200.18.102.102,200.18.102.1,53954,53,IP,UDP,75.0,0,75,1,75.0,1.0,1,0
339,200.18.102.1,200.18.102.102,53,52935,IP,UDP,91.0,0,91,1,91.0,1.0,1,0
340,200.18.102.102,142.251.132.238,57858,443,IP,UDP,531.4166666666666,0.4787393478260869565217391304,12754,24,579.7272727272727,1.0909090909090908,22,0.5243335714285714285714285714
341,142.251.132.238,200.18.102.102,443,57858,IP,UDP,326.72727272727275,0.5217671428571428571428571429,7188,22,342.2857142857143,1.0476190476190477,21,0.5478555
342,200.18.102.1,200.18.102.102,53,53954,IP,UDP,125.0,0,125,1,125.0,1.0,1,0
343,200.18.102.102,200.18.102.1,59422,53,IP,UDP,96.0,0,96,1,96.0,1.0,1,0
344,200.18.102.102,200.133.233.83,59422,53,IP,UDP,96.0,0,96,1,96.0,1.0,1,0
345,200.18.102.1,200.18.102.102,53,59422,IP,UDP,192.0,0,192,1,192.0,1.0,1,0
346,200.18.102.102,3.232.104.21,54345,443,IP,TCP,172.25,14.372569,1378,8,275.6,1.6,5,0.1587905
347,200.133.233.83,200.18.102.102,53,59422,IP,UDP,192.0,0,192,1,192.0,1.0,1,0
348,3.232.104.21,200.18.102.102,443,54345,IP,TCP,156.0,8.636454,1248,8,178.28571428571428,1.1428571428571428,7,10.075863
349,200.18.102.39,200.18.102.102,43989,5000,IP,UDP,1237.8737938932163,0.0004896342010975554446913692231,109176755,88197,2236.999385308882,1.807130416965475,48805,0.0008848409556593721826079829522
350,200.18.102.102,200.18.102.1,57395,53,IP,UDP,102.0,0,102,1,102.0,1.0,1,0
351,200.18.102.102,200.133.233.83,57395,53,IP,UDP,102.0,0,102,1,102.0,1.0,1,0
352,200.133.233.83,200.18.102.102,53,57395,IP,UDP,196.0,0,196,1,196.0,1.0,1,0
353,200.18.102.102,20.185.212.106,54348,443,IP,TCP,630.6666666666666,12.60863874285714285714285714,22704,36,873.2307692307693,1.3846153846153846,26,17.65209424
354,20.185.212.106,200.18.102.102,443,54348,IP,TCP,369.0,19.02724184,9594,26,639.6,1.7333333333333334,15,31.52062621428571428571428571
355,200.18.102.1,200.18.102.102,53,57395,IP,UDP,196.0,0,196,1,196.0,1.0,1,0
356,200.18.102.102,200.18.102.1,56173,53,IP,UDP,71.0,0,71,1,71.0,1.0,1,0
357,200.18.102.1,200.18.102.102,53,56173,IP,UDP,146.0,0,146,1,146.0,1.0,1,0
358,200.18.102.102,204.79.197.203,54360,443,IP,TCP,251.52,2.565289291666666666666666667,6288,25,628.8,2.5,10,0.1492054444444444444444444444
359,204.79.197.203,200.18.102.102,443,54360,IP,TCP,941.2545454545455,0.02490518518518518518518518519,51769,55,1438.0277777777778,1.5277777777777777,36,0.03842514285714285714285714286
360,200.18.102.102,2.18.127.229,53987,443,IP,TCP,54.0,3.158236666666666666666666667,378,7,378.0,7.0,1,0
361,200.18.102.102,2.18.127.229,54363,443,IP,TCP,113.6875,2.602465212765957446808510638,5457,48,259.85714285714283,2.2857142857142856,21,0.1134659
362,2.18.127.229,200.18.102.102,443,54363,IP,TCP,1154.3617021276596,1.313903258064516129032258065,108510,94,3100.285714285714,2.6857142857142855,35,3.593911852941176470588235294
363,200.18.102.102,2.18.127.214,54364,443,IP,TCP,154.78571428571428,9.367473615384615384615384615,2167,14,216.7,1.4,10,0.1975218888888888888888888889
364,2.18.127.214,200.18.102.102,443,54364,IP,TCP,390.42105263157896,6.758462555555555555555555556,7418,19,494.53333333333336,1.2666666666666666,15,8.689451857142857142857142857
365,200.18.102.102,200.18.102.1,54306,53,IP,UDP,92.0,0,92,1,92.0,1.0,1,0
366,200.18.102.1,200.18.102.102,53,54306,IP,UDP,217.0,0,217,1,217.0,1.0,1,0
367,200.18.102.102,200.133.233.83,54306,53,IP,UDP,92.0,0,92,1,92.0,1.0,1,0
368,200.18.102.102,13.69.239.72,54366,443,IP,TCP,293.1818181818182,11.009613,3225,11,403.125,1.375,8,0.1252032857142857142857142857
369,200.133.233.83,200.18.102.102,53,54306,IP,UDP,224.0,0,224,1,224.0,1.0,1,0
370,13.69.239.72,200.18.102.102,443,54366,IP,TCP,731.2,12.21017888888888888888888889,7312,10,1044.5714285714287,1.4285714285714286,7,18.31526833333333333333333333
371,200.18.102.39,200.18.102.102,53424,5000,IP,UDP,1239.105887268908,0.0004896918099067151537054186525,109719109,88547,2245.443566706915,1.8121482512330394,48863,0.0008874022962629446195407474111
372,200.18.102.102,200.18.102.1,61743,53,IP,UDP,91.0,0,91,1,91.0,1.0,1,0
373,200.18.102.102,200.18.102.1,58439,53,IP,UDP,91.0,0,91,1,91.0,1.0,1,0
374,200.18.102.1,200.18.102.102,53,61743,IP,UDP,107.0,0,107,1,107.0,1.0,1,0
375,200.18.102.102,142.250.79.202,61085,443,IP,UDP,227.15384615384616,0.45302725,2953,13,246.08333333333334,1.0833333333333333,12,0.4942115454545454545454545455
376,200.18.102.1,200.18.102.102,53,58439,IP,UDP,151.0,0,151,1,151.0,1.0,1,0
377,142.250.79.202,200.18.102.102,443,61085,IP,UDP,331.14285714285717,0.4166200769230769230769230769,4636,14,356.61538461538464,1.0769230769230769,13,0.4513384166666666666666666667
378,200.18.102.102,200.18.102.1,57198,53,IP,UDP,83.0,0,83,1,83.0,1.0,1,0
379,200.18.102.102,200.133.233.83,57198,53,IP,UDP,83.0,0,83,1,83.0,1.0,1,0
380,200.133.233.83,200.18.102.102,53,57198,IP,UDP,276.0,0,276,1,276.0,1.0,1,0
381,200.18.102.102,52.202.229.196,54375,443,IP,TCP,263.09090909090907,10.0792577,2894,11,413.42857142857144,1.5714285714285714,7,0.1289663333333333333333333333
382,200.18.102.1,200.18.102.102,53,57198,IP,UDP,276.0,0,276,1,276.0,1.0,1,0
383,52.202.229.196,200.18.102.102,443,54375,IP,TCP,662.2666666666667,0.7574377142857142857142857143,9934,15,903.0909090909091,1.3636363636363635,11,1.0604128
384,200.18.102.102,200.18.102.1,63224,53,IP,UDP,79.0,0,79,1,79.0,1.0,1,0
385,200.18.102.102,200.133.233.83,63224,53,IP,UDP,79.0,0,79,1,79.0,1.0,1,0
386,200.18.102.1,200.18.102.102,53,63224,IP,UDP,207.0,0,207,1,207.0,1.0,1,0
387,200.18.102.102,3.223.61.95,54376,443,IP,TCP,540.25,6.7281944,8644,16,1080.5,2.0,8,0.1071887142857142857142857143
388,200.133.233.83,200.18.102.102,53,63224,IP,UDP,207.0,0,207,1,207.0,1.0,1,0
389,3.223.61.95,200.18.102.102,443,54376,IP,TCP,961.16,0.4422534166666666666666666667,24029,25,2184.4545454545455,2.272727272727273,11,1.0614082
390,200.18.102.102,200.18.102.1,56610,53,IP,UDP,87.0,0,87,1,87.0,1.0,1,0
391,200.18.102.102,200.18.102.1,61420,53,IP,UDP,87.0,0,87,1,87.0,1.0,1,0
392,200.18.102.1,200.18.102.102,53,56610,IP,UDP,103.0,0,103,1,103.0,1.0,1,0
393,200.18.102.102,142.250.79.202,58007,443,IP,UDP,243.76923076923077,0.01207716666666666666666666667,3169,13,352.1111111111111,1.4444444444444444,9,0.01811575
394,142.250.79.202,200.18.102.102,443,58007,IP,UDP,942.5,0.006349823529411764705882352941,16965,18,1696.5,1.8,10,0.01199411111111111111111111111
395,200.18.102.102,142.251.129.195,57330,443,IP,UDP,239.76923076923077,2.087761333333333333333333333,3117,13,259.75,1.0833333333333333,12,2.277557818181818181818181818
396,142.251.129.195,200.18.102.102,443,57330,IP,UDP,356.35714285714283,1.923422769230769230769230769,4989,14,383.7692307692308,1.0769230769230769,13,2.083708
397,200.18.102.1,200.18.102.102,53,61420,IP,UDP,147.0,0,147,1,147.0,1.0,1,0
398,200.18.102.39,200.18.102.102,58361,5000,IP,UDP,1238.3695433490852,0.0004852953059386368155712297201,105870689,85492,2220.2094788717627,1.7928489042675895,47685,0.0008700692265749517657914604479
399,200.18.102.102,200.18.102.1,52587,53,IP,UDP,79.0,1.104592,158,2,158.0,2.0,1,0
400,200.18.102.102,200.133.233.83,52587,53,IP,UDP,79.0,0,79,1,79.0,1.0,1,0
401,200.18.102.1,200.18.102.102,53,52587,IP,UDP,164.0,0.000000,328,2,328.0,2.0,1,0
402,200.18.102.102,54.194.213.128,54392,80,IP,TCP,160.8,0.12405225,804,5,268.0,1.6666666666666667,3,0.2480655
403,54.194.213.128,200.18.102.102,80,54392,IP,TCP,112.0,0.123138,560,5,186.66666666666666,1.6666666666666667,3,0.126064
404,200.133.233.83,200.18.102.102,53,52587,IP,UDP,164.0,0,164,1,164.0,1.0,1,0
405,200.18.102.102,239.255.255.250,58386,1900,IP,UDP,216.0,1.007467333333333333333333333,864,4,864.0,4.0,1,0
406,200.18.102.102,200.18.102.1,64900,53,IP,UDP,90.0,0,90,1,90.0,1.0,1,0
407,200.18.102.102,200.18.102.1,50999,53,IP,UDP,90.0,0,90,1,90.0,1.0,1,0
408,200.18.102.1,200.18.102.102,53,64900,IP,UDP,197.0,0,197,1,197.0,1.0,1,0
409,200.18.102.102,18.64.207.108,54394,443,IP,TCP,173.1875,16.03088706666666666666666667,2771,16,277.1,1.6,10,26.71812166666666666666666667
410,200.18.102.1,200.18.102.102,53,50999,IP,UDP,216.0,0,216,1,216.0,1.0,1,0
411,18.64.207.108,200.18.102.102,443,54394,IP,TCP,117.46666666666667,17.17117521428571428571428571,1762,15,220.25,1.875,8,34.324767
412,200.18.102.102,239.255.255.250,51002,1900,IP,UDP,218.0,1.009704666666666666666666667,872,4,872.0,4.0,1,0
413,200.18.102.102,162.159.135.234,54398,443,IP,TCP,130.06896551724137,8.658146392857142857142857143,3772,29,188.6,1.45,20,12.74541615789473684210526316
414,162.159.135.234,200.18.102.102,443,54398,IP,TCP,170.56666666666666,8.359095068965517241379310345,5117,30,213.20833333333334,1.25,24,10.52857665217391304347826087
415,200.18.102.102,142.250.79.202,59419,443,IP,UDP,216.21428571428572,0.4834709230769230769230769231,3027,14,252.25,1.1666666666666667,12,0.5713747272727272727272727273
416,142.250.79.202,200.18.102.102,443,59419,IP,UDP,360.8333333333333,0.5677337272727272727272727273,4330,12,393.6363636363636,1.0909090909090908,11,0.6245071
417,200.18.102.102,142.251.132.238,58956,443,IP,UDP,714.1176470588235,0.3406934,36420,51,1011.6666666666666,1.4166666666666667,36,0.4867048571428571428571428571
418,142.251.132.238,200.18.102.102,443,58956,IP,UDP,268.1190476190476,0.4145743414634146341463414634,11261,42,312.80555555555554,1.1666666666666667,36,0.4856442285714285714285714286
419,200.18.102.102,200.18.102.1,49230,53,IP,UDP,75.0,0,75,1,75.0,1.0,1,0
420,200.18.102.102,200.18.102.1,60360,53,IP,UDP,75.0,0,75,1,75.0,1.0,1,0
421,200.18.102.1,200.18.102.102,53,49230,IP,UDP,155.0,0,155,1,155.0,1.0,1,0
422,200.18.102.102,172.64.150.28,63480,443,IP,UDP,894.1538461538462,0.04918141666666666666666666667,11624,13,1291.5555555555557,1.4444444444444444,9,0.073772125
423,172.64.150.28,200.18.102.102,443,63480,IP,UDP,936.1428571428571,0.09354616666666666666666666667,6553,7,1092.1666666666667,1.1666666666666667,6,0.1122554
424,200.18.102.1,200.18.102.102,53,60360,IP,UDP,196.0,0,196,1,196.0,1.0,1,0
425,200.18.102.102,54.76.137.128,54405,80,IP,TCP,199.5,0.1440834,1197,6,299.25,1.5,4,0.2400536666666666666666666667
426,200.18.102.102,52.209.64.157,56533,53,IP,UDP,492.0,0,492,1,492.0,1.0,1,0
427,200.18.102.102,54.194.213.128,56534,1053,IP,UDP,492.0,0,492,1,492.0,1.0,1,0
428,200.18.102.102,200.18.102.1,60572,53,IP,UDP,84.0,0,84,1,84.0,1.0,1,0
429,200.18.102.102,200.133.233.83,60572,53,IP,UDP,84.0,0,84,1,84.0,1.0,1,0
430,54.76.137.128,200.18.102.102,80,54405,IP,TCP,121.5,0.1448352,729,6,243.0,2.0,3,0.2411995
431,54.194.213.128,200.18.102.102,1053,56534,IP,UDP,181.0,0,181,1,181.0,1.0,1,0
432,200.18.102.1,200.18.102.102,53,60572,IP,UDP,169.0,0,169,1,169.0,1.0,1,0
433,200.18.102.102,54.194.213.128,54406,80,IP,TCP,58.0,0.239979,174,3,174.0,3.0,1,0
434,200.18.102.102,54.194.213.128,60574,53,IP,UDP,174.0,0,174,1,174.0,1.0,1,0
435,200.133.233.83,200.18.102.102,53,60572,IP,UDP,169.0,0,169,1,169.0,1.0,1,0
436,54.194.213.128,200.18.102.102,80,54406,IP,TCP,292.75,0.07676633333333333333333333333,1171,4,390.3333333333333,1.3333333333333333,3,0.000000
437,200.18.102.102,200.18.102.1,54959,53,IP,UDP,79.0,0,79,1,79.0,1.0,1,0
438,200.18.102.102,200.18.102.1,53675,53,IP,UDP,79.0,0,79,1,79.0,1.0,1,0
439,200.18.102.1,200.18.102.102,53,54959,IP,UDP,95.0,0,95,1,95.0,1.0,1,0
440,200.18.102.102,64.233.186.84,62324,443,IP,UDP,484.0,0.03226033333333333333333333333,6292,13,524.3333333333334,1.0833333333333333,12,0.03519309090909090909090909091
441,64.233.186.84,200.18.102.102,443,62324,IP,UDP,342.2857142857143,0.02795853846153846153846153846,4792,14,399.3333333333333,1.1666666666666667,12,0.03304190909090909090909090909
442,200.18.102.1,200.18.102.102,53,53675,IP,UDP,129.0,0,129,1,129.0,1.0,1,0
443,200.18.102.102,52.209.64.157,61010,53,IP,UDP,492.0,0,492,1,492.0,1.0,1,0
444,200.18.102.102,54.194.213.128,61012,53,IP,UDP,174.0,0,174,1,174.0,1.0,1,0
445,200.18.102.102,200.18.102.1,64425,53,IP,UDP,96.0,0,96,1,96.0,1.0,1,0
446,200.18.102.1,200.18.102.102,53,64425,IP,UDP,192.0,0,192,1,192.0,1.0,1,0
447,200.18.102.102,54.160.41.208,54407,443,IP,TCP,153.9,11.198299,1539,10,219.85714285714286,1.4285714285714286,7,0.1349053333333333333333333333
448,54.160.41.208,200.18.102.102,443,54407,IP,TCP,577.6666666666666,5.511726818181818181818181818,6932,12,770.2222222222222,1.3333333333333333,9,7.578624375
449,200.18.102.102,54.194.213.128,64697,53,IP,UDP,492.0,0,492,1,492.0,1.0,1,0
450,200.18.102.102,200.18.102.1,58716,53,IP,UDP,83.0,0,83,1,83.0,1.0,1,0
451,200.18.102.102,200.133.233.83,58716,53,IP,UDP,83.0,0,83,1,83.0,1.0,1,0
452,200.18.102.1,200.18.102.102,53,58716,IP,UDP,168.0,0,168,1,168.0,1.0,1,0
453,200.18.102.102,54.194.213.128,58717,53,IP,UDP,174.0,0,174,1,174.0,1.0,1,0
454,200.133.233.83,200.18.102.102,53,58716,IP,UDP,168.0,0,168,1,168.0,1.0,1,0
455,200.18.102.102,54.194.213.128,50717,53,IP,UDP,492.0,0,492,1,492.0,1.0,1,0
456,200.18.102.102,54.194.213.128,50719,53,IP,UDP,174.0,0,174,1,174.0,1.0,1,0
457,200.18.102.39,200.18.102.102,45097,5000,IP,UDP,1235.762468565378,0.0004865074240746979833469702074,102702983,83109,2214.428577588995,1.7919532547057935,46379,0.0008718068696364655655698822718
458,200.18.102.102,34.120.214.181,54403,443,IP,TCP,55.0,60.02951233333333333333333333,220,4,220.0,4.0,1,0
459,34.120.214.181,200.18.102.102,443,54403,IP,TCP,66.0,60.02900533333333333333333333,264,4,264.0,4.0,1,0
460,200.18.102.102,142.251.132.238,54436,443,IP,UDP,552.6666666666666,0.845137,11606,21,725.375,1.3125,16,1.126849333333333333333333333
461,142.251.132.238,200.18.102.102,443,54436,IP,UDP,275.0,0.8909353157894736842105263158,5500,20,289.4736842105263,1.0526315789473684,19,0.9404317222222222222222222222
462,200.18.102.102,142.250.79.202,56751,443,IP,UDP,198.6875,0.3442098666666666666666666667,3179,16,211.93333333333334,1.0666666666666667,15,0.3687962857142857142857142857
463,142.250.79.202,200.18.102.102,443,56751,IP,UDP,298.125,0.3423481333333333333333333333,4770,16,340.7142857142857,1.1428571428571428,14,0.3950170769230769230769230769
464,200.18.102.39,200.18.102.102,39458,5000,IP,UDP,1235.1324786850555,0.0004952829724409448818897637795,100392803,81281,2199.7634208335157,1.780993908584951,45638,0.0008821044328067138506036768412
465,200.18.102.102,200.18.102.1,55946,53,IP,UDP,75.0,0,75,1,75.0,1.0,1,0
466,200.18.102.102,200.18.102.1,63521,53,IP,UDP,75.0,0,75,1,75.0,1.0,1,0
467,200.18.102.1,200.18.102.102,53,55946,IP,UDP,91.0,0,91,1,91.0,1.0,1,0
468,200.18.102.102,142.251.129.195,64660,443,IP,UDP,240.15384615384616,2.087791666666666666666666667,3122,13,260.1666666666667,1.0833333333333333,12,2.277590909090909090909090909
469,200.18.102.1,200.18.102.102,53,63521,IP,UDP,135.0,0,135,1,135.0,1.0,1,0
470,142.251.129.195,200.18.102.102,443,64660,IP,UDP,356.2142857142857,1.925478,4987,14,383.61538461538464,1.0769230769230769,13,2.0859345
471,200.18.102.102,200.18.102.1,64757,53,IP,UDP,81.0,0,81,1,81.0,1.0,1,0
472,200.18.102.102,200.18.102.1,61179,53,IP,UDP,81.0,0,81,1,81.0,1.0,1,0
473,200.18.102.1,200.18.102.102,53,64757,IP,UDP,97.0,0,97,1,97.0,1.0,1,0
474,200.18.102.102,142.250.218.67,62496,443,IP,UDP,401.0,0.02058563636363636363636363636,4812,12,401.0,1.0,12,0.02058563636363636363636363636
475,142.250.218.67,200.18.102.102,443,62496,IP,UDP,505.0769230769231,0.018417,6566,13,547.1666666666666,1.0833333333333333,12,0.02009127272727272727272727273
476,200.18.102.1,200.18.102.102,53,61179,IP,UDP,141.0,0,141,1,141.0,1.0,1,0
477,200.18.102.102,200.18.102.1,64864,53,IP,UDP,75.0,0,75,1,75.0,1.0,1,0
478,200.18.102.102,200.18.102.1,51875,53,IP,UDP,75.0,0,75,1,75.0,1.0,1,0
479,200.18.102.1,200.18.102.102,53,64864,IP,UDP,91.0,0,91,1,91.0,1.0,1,0
480,200.18.102.102,142.251.129.195,63148,443,IP,UDP,300.625,0.02030671428571428571428571429,2405,8,343.57142857142856,1.1428571428571428,7,0.02369116666666666666666666667
481,200.18.102.1,200.18.102.102,53,51875,IP,UDP,135.0,0,135,1,135.0,1.0,1,0
482,142.251.129.195,200.18.102.102,443,63148,IP,UDP,462.7,0.008413888888888888888888888889,4627,10,514.1111111111111,1.1111111111111112,9,0.009465625
483,200.18.102.102,200.18.102.1,50537,53,IP,UDP,79.0,0,79,1,79.0,1.0,1,0
484,200.18.102.102,200.18.102.1,62051,53,IP,UDP,79.0,0,79,1,79.0,1.0,1,0
485,200.18.102.1,200.18.102.102,53,50537,IP,UDP,119.0,0,119,1,119.0,1.0,1,0
486,200.18.102.102,142.250.219.46,65017,443,IP,UDP,265.77777777777777,0.0268545,2392,9,299.0,1.125,8,0.03069085714285714285714285714
487,200.18.102.1,200.18.102.102,53,62051,IP,UDP,163.0,0,163,1,163.0,1.0,1,0
488,142.250.219.46,200.18.102.102,443,65017,IP,UDP,437.6,0.01806788888888888888888888889,4376,10,486.22222222222223,1.1111111111111112,9,0.020326375
489,200.18.102.102,142.250.219.46,53479,443,IP,UDP,378.6470588235294,0.06334875,6437,17,402.3125,1.0625,16,0.067572
490,142.250.219.46,200.18.102.102,443,53479,IP,UDP,384.3529411764706,0.0602433125,6534,17,435.6,1.1333333333333333,15,0.0688495
491,200.18.102.102,200.18.102.1,62405,53,IP,UDP,75.0,0,75,1,75.0,1.0,1,0
492,200.18.102.102,200.18.102.1,52343,53,IP,UDP,75.0,0,75,1,75.0,1.0,1,0
493,200.18.102.1,200.18.102.102,53,62405,IP,UDP,91.0,0,91,1,91.0,1.0,1,0
494,200.18.102.1,200.18.102.102,53,52343,IP,UDP,125.0,0,125,1,125.0,1.0,1,0
495,200.18.102.102,142.251.129.46,55645,443,IP,UDP,208.0625,0.045562,6658,32,332.9,1.6,20,0.074338
496,142.251.129.46,200.18.102.102,443,55645,IP,UDP,608.0909090909091,0.03148855813953488372093023256,26756,44,637.047619047619,1.0476190476190477,42,0.03302458536585365853658536585
497,200.18.102.102,200.18.102.1,50575,53,IP,UDP,75.0,0,75,1,75.0,1.0,1,0
498,200.18.102.102,200.18.102.1,55460,53,IP,UDP,75.0,0,75,1,75.0,1.0,1,0
499,200.18.102.1,200.18.102.102,53,50575,IP,UDP,91.0,0,91,1,91.0,1.0,1,0
500,200.18.102.102,142.251.132.238,52722,443,IP,UDP,585.7272727272727,0.0174879,6443,11,644.3,1.1,10,0.019431
501,142.251.132.238,200.18.102.102,443,52722,IP,UDP,402.3636363636364,0.0141997,4426,11,442.6,1.1,10,0.01577744444444444444444444444
502,200.18.102.1,200.18.102.102,53,55460,IP,UDP,125.0,0,125,1,125.0,1.0,1,0
503,200.18.102.102,239.255.255.250,62399,1900,IP,UDP,216.0,1.011607,864,4,864.0,4.0,1,0
504,200.18.102.102,239.255.255.250,62402,1900,IP,UDP,218.0,1.010638666666666666666666667,872,4,872.0,4.0,1,0
505,200.18.102.39,200.18.102.102,58567,5000,IP,UDP,1238.0015077740275,0.0006107209334495303703088904566,89497605,72292,2234.312088076693,1.8047733173557021,40056,0.001102225115466233928348520784
506,200.18.102.102,142.250.79.202,53731,443,IP,UDP,162.28125,0.1901365806451612903225806452,5193,32,162.28125,1.0,32,0.1901365806451612903225806452
507,142.250.79.202,200.18.102.102,443,53731,IP,UDP,186.90625,0.1895174516129032258064516129,5981,32,192.93548387096774,1.032258064516129,31,0.1958347
508,200.18.102.102,142.251.132.238,63608,443,IP,UDP,561.5555555555555,0.015410375,5054,9,631.75,1.125,8,0.01761185714285714285714285714
509,142.251.132.238,200.18.102.102,443,63608,IP,UDP,226.77777777777777,0.011669625,2041,9,226.77777777777777,1.0,9,0.011669625
510,200.18.102.39,200.18.102.102,50385,5000,IP,UDP,1241.3649965151399,0.0006844309212564277306238770832,80148731,64565,2277.0819648843685,1.834337178248764,35198,0.001255493309088842799102196210
511,200.18.102.102,142.250.218.74,53822,443,IP,UDP,73.66666666666667,0.0318595,221,3,73.66666666666667,1.0,3,0.0318595
512,200.18.102.102,142.250.218.238,62666,443,IP,UDP,73.0,0.1011635,365,5,121.66666666666667,1.6666666666666667,3,0.202276
513,142.250.218.238,200.18.102.102,443,62666,IP,UDP,508.22222222222223,0.050188375,4574,9,653.4285714285714,1.2857142857142858,7,0.06691783333333333333333333333
514,142.250.218.74,200.18.102.102,443,53822,IP,UDP,337.2,0.01382725,1686,5,337.2,1.0,5,0.01382725
515,200.18.102.102,142.250.79.202,54120,443,IP,UDP,208.43333333333334,0.1416131034482758620689655172,6253,30,215.6206896551724,1.0344827586206897,29,0.1466707142857142857142857143
516,142.250.79.202,200.18.102.102,443,54120,IP,UDP,196.06666666666666,0.1406464137931034482758620690,5882,30,202.82758620689654,1.0344827586206897,29,0.1456695
517,200.18.102.102,200.18.102.1,59477,53,IP,UDP,96.0,0,96,1,96.0,1.0,1,0
518,200.18.102.102,200.133.233.83,59477,53,IP,UDP,96.0,0,96,1,96.0,1.0,1,0
519,200.133.233.83,200.18.102.102,53,59477,IP,UDP,192.0,0,192,1,192.0,1.0,1,0
520,200.18.102.102,52.0.107.164,54481,443,IP,TCP,156.1,11.19665533333333333333333333,1561,10,223.0,1.4285714285714286,7,0.1337053333333333333333333333
521,200.18.102.1,200.18.102.102,53,59477,IP,UDP,192.0,0,192,1,192.0,1.0,1,0
522,52.0.107.164,200.18.102.102,443,54481,IP,TCP,577.6666666666666,5.511232181818181818181818182,6932,12,770.2222222222222,1.3333333333333333,9,7.57794425
523,200.18.102.102,200.18.102.1,64000,53,IP,UDP,75.0,0,75,1,75.0,1.0,1,0
524,200.18.102.102,200.18.102.1,59015,53,IP,UDP,75.0,0,75,1,75.0,1.0,1,0
525,200.18.102.1,200.18.102.102,53,64000,IP,UDP,91.0,0,91,1,91.0,1.0,1,0
526,200.18.102.102,142.251.132.238,62873,443,IP,UDP,541.7647058823529,0.0119490625,9210,17,657.8571428571429,1.2142857142857142,14,0.01470653846153846153846153846
527,142.251.132.238,200.18.102.102,443,62873,IP,UDP,453.3125,0.009984133333333333333333333333,7253,16,483.53333333333336,1.0666666666666667,15,0.01069728571428571428571428571
528,200.18.102.1,200.18.102.102,53,59015,IP,UDP,125.0,0,125,1,125.0,1.0,1,0
529,200.18.102.39,200.18.102.102,50197,5000,IP,UDP,1237.3741378660536,0.0005529076358702479961808085630,98493744,79599,2242.775844794608,1.8125284634301848,43916,0.001002171057725150859615165661
530,200.18.102.102,142.251.129.195,59107,443,IP,UDP,228.64285714285714,1.929871461538461538461538462,3201,14,246.23076923076923,1.0769230769230769,13,2.090694083333333333333333333
531,142.251.129.195,200.18.102.102,443,59107,IP,UDP,343.46666666666664,1.789578071428571428571428571,5152,15,396.3076923076923,1.1538461538461537,13,2.087841083333333333333333333
532,200.18.102.102,239.255.255.250,49762,1900,IP,UDP,216.0,1.004297333333333333333333333,864,4,864.0,4.0,1,0
533,200.18.102.102,239.255.255.250,60437,1900,IP,UDP,218.0,1.007263666666666666666666667,872,4,872.0,4.0,1,0
534,200.18.102.102,200.18.102.1,60562,53,IP,UDP,89.0,0,89,1,89.0,1.0,1,0
535,200.18.102.102,200.18.102.1,52539,53,IP,UDP,89.0,0,89,1,89.0,1.0,1,0
536,200.18.102.1,200.18.102.102,53,60562,IP,UDP,169.0,0,169,1,169.0,1.0,1,0
537,200.18.102.1,200.18.102.102,53,52539,IP,UDP,135.0,0,135,1,135.0,1.0,1,0
538,200.18.102.102,162.159.134.234,54503,443,IP,TCP,162.89473684210526,9.559558833333333333333333333,3095,19,182.05882352941177,1.1176470588235294,17,10.7545036875
539,162.159.134.234,200.18.102.102,443,54503,IP,TCP,201.6315789473684,9.559628111111111111111111111,3831,19,255.4,1.2666666666666666,15,12.29095042857142857142857143
540,200.18.102.102,142.251.132.238,50921,443,IP,UDP,456.0,0.6522652941176470588235294118,8208,18,482.8235294117647,1.0588235294117647,17,0.693031875
541,142.251.132.238,200.18.102.102,443,50921,IP,UDP,361.57894736842104,0.6147005,6870,19,381.6666666666667,1.0555555555555556,18,0.6508593529411764705882352941
542,200.18.102.39,200.18.102.102,45756,5000,IP,UDP,1236.2368332849194,0.0009710394619234894529853414373,55325307,44753,2238.440969412526,1.810689431946917,24716,0.001758282743273315800121383775
543,200.18.102.102,200.18.102.1,56524,53,IP,UDP,91.0,0,91,1,91.0,1.0,1,0
544,200.18.102.102,200.18.102.1,61262,53,IP,UDP,91.0,0,91,1,91.0,1.0,1,0
545,200.18.102.1,200.18.102.102,53,56524,IP,UDP,107.0,0,107,1,107.0,1.0,1,0
546,200.18.102.102,142.251.132.10,62868,443,IP,UDP,206.73333333333332,0.2222522142857142857142857143,3101,15,221.5,1.0714285714285714,14,0.2393485384615384615384615385
547,200.18.102.1,200.18.102.102,53,61262,IP,UDP,151.0,0,151,1,151.0,1.0,1,0
548,142.251.132.10,200.18.102.102,443,62868,IP,UDP,297.6875,0.2070838,4763,16,317.53333333333336,1.0666666666666667,15,0.2218755
549,200.18.102.102,142.251.132.46,49995,443,IP,UDP,111.30474040632055,1.294778391402714932126696833,49308,443,270.9230769230769,2.434065934065934,182,3.139881602209944751381215470
550,142.251.132.46,200.18.102.102,443,49995,IP,UDP,122.1319587628866,1.182368566115702479338842975,59234,485,297.65829145728645,2.437185929648241,199,2.870160696969696969696969697
551,18.64.207.108,200.18.102.102,443,54523,IP,TCP,125.76923076923077,20.01151241666666666666666667,1635,13,148.63636363636363,1.1818181818181819,11,24.0138149
552,200.18.102.102,18.64.207.108,54523,443,IP,TCP,169.8,26.68194233333333333333333333,1698,10,212.25,1.25,8,34.30532557142857142857142857
553,200.18.102.102,200.18.102.1,54984,53,IP,UDP,80.0,0,80,1,80.0,1.0,1,0
554,200.18.102.102,200.18.102.1,64880,53,IP,UDP,80.0,0,80,1,80.0,1.0,1,0
555,200.18.102.1,200.18.102.102,53,64880,IP,UDP,178.0,0,178,1,178.0,1.0,1,0
556,200.18.102.1,200.18.102.102,53,54984,IP,UDP,126.0,0,126,1,126.0,1.0,1,0
557,200.18.102.102,172.217.162.99,58161,443,IP,UDP,254.0,0.02469388888888888888888888889,2540,10,282.22222222222223,1.1111111111111112,9,0.027780625
558,172.217.162.99,200.18.102.102,443,58161,IP,UDP,459.54545454545456,0.0193042,5055,11,505.5,1.1,10,0.02144911111111111111111111111
559,200.18.102.39,200.18.102.102,50310,5000,IP,UDP,1233.7022657960222,0.0007993125771807057590839351869,65937685,53447,2226.872171563661,1.805032083755488,29610,0.001442806579080684926880340437
560,200.18.102.102,142.251.132.10,64622,443,IP,UDP,251.9,0.03019144444444444444444444444,2519,10,279.8888888888889,1.1111111111111112,9,0.033965375
561,142.251.132.10,200.18.102.102,443,64622,IP,UDP,399.27272727272725,0.0230226,4392,11,439.2,1.1,10,0.02558066666666666666666666667
562,200.18.102.102,142.251.129.195,54534,443,IP,UDP,289.3,2.777353444444444444444444444,2893,10,321.44444444444446,1.1111111111111112,9,3.124522625
563,142.251.129.195,200.18.102.102,443,54534,IP,UDP,463.1,0.009359222222222222222222222222,4631,10,514.5555555555555,1.1111111111111112,9,0.010529125
564,200.18.102.39,200.18.102.102,44628,5000,IP,UDP,1237.8350945025245,0.0008058170914824130034911220391,65950616,53279,2246.4274133115337,1.8148034607262076,29358,0.001462422011785945430391388766
565,200.18.102.102,239.255.255.250,64768,1900,IP,UDP,216.0,0,216,1,216.0,1.0,1,0
566,200.18.102.102,239.255.255.250,53571,1900,IP,UDP,218.0,0,218,1,218.0,1.0,1,0
567,200.18.102.102,200.18.102.1,55471,53,IP,UDP,80.0,0,80,1,80.0,1.0,1,0
568,200.18.102.102,200.18.102.1,61197,53,IP,UDP,80.0,0,80,1,80.0,1.0,1,0
569,200.18.102.1,200.18.102.102,53,55471,IP,UDP,117.0,0,117,1,117.0,1.0,1,0
570,200.18.102.102,142.251.132.238,60047,443,IP,UDP,596.5,0.7453269130434782608695652174,14316,24,715.8,1.2,20,0.9022378421052631578947368421
571,142.251.132.238,200.18.102.102,443,60047,IP,UDP,360.05,0.9011914736842105263157894737,7201,20,400.05555555555554,1.1111111111111112,18,1.007214
572,200.18.102.1,200.18.102.102,53,61197,IP,UDP,161.0,0,161,1,161.0,1.0,1,0
573,200.18.102.102,142.251.132.10,55864,443,IP,UDP,117.0,0.0557635,585,5,117.0,1.0,5,0.0557635
574,142.251.132.10,200.18.102.102,443,55864,IP,UDP,74.0,0.0526165,370,5,74.0,1.0,5,0.0526165
575,200.18.102.39,200.18.102.102,41713,5000,IP,UDP,1235.4354847022041,0.0006937993815495619309397010823,71915935,58211,2257.319281835588,1.8271446059198342,31859,0.001267689811036474354950091029
576,200.18.102.39,200.18.102.102,50409,5000,IP,UDP,1234.9302351973217,0.001191735572830959541508256256,43527586,35247,2209.409979188874,1.7890970001522766,19701,0.002132178274111675126903553299
577,200.18.102.102,200.18.102.1,64071,53,IP,UDP,71.0,0,71,1,71.0,1.0,1,0
578,200.18.102.102,200.18.102.1,62554,53,IP,UDP,71.0,0,71,1,71.0,1.0,1,0
579,200.18.102.1,200.18.102.102,53,62554,IP,UDP,120.0,0,120,1,120.0,1.0,1,0
580,200.18.102.1,200.18.102.102,53,64071,IP,UDP,151.0,0,151,1,151.0,1.0,1,0
581,200.18.102.102,162.159.128.233,59819,443,IP,UDP,432.7,0.02127322222222222222222222222,4327,10,540.875,1.25,8,0.003970142857142857142857142857
582,162.159.128.233,200.18.102.102,443,59819,IP,UDP,290.0,0.022199,2320,8,331.42857142857144,1.1428571428571428,7,0.02589883333333333333333333333
583,200.18.102.102,142.251.132.238,63975,443,IP,UDP,690.25,0.01670885714285714285714285714,5522,8,920.3333333333334,1.3333333333333333,6,0.0233924
584,142.251.132.238,200.18.102.102,443,63975,IP,UDP,205.16666666666666,0.0221464,1231,6,246.2,1.2,5,0.027683
585,200.18.102.102,162.159.134.234,54579,443,IP,TCP,61.5,34.7730822,369,6,73.8,1.2,5,43.46635275
586,200.18.102.39,200.18.102.102,58930,5000,IP,UDP,1239.4083600053664,0.0007962495016865992026985587243,64668610,52177,2260.507899888143,1.8238604586129754,28608,0.001452270912713671479008634250
587,200.18.102.102,239.255.255.250,54344,1900,IP,UDP,216.0,1.006942333333333333333333333,864,4,864.0,4.0,1,0
588,200.18.102.102,239.255.255.250,54347,1900,IP,UDP,218.0,1.008243,872,4,872.0,4.0,1,0
589,200.18.102.102,142.251.129.195,57815,443,IP,UDP,92.6,0.02957075,463,5,92.6,1.0,5,0.02957075
590,142.251.129.195,200.18.102.102,443,57815,IP,UDP,84.0,0.02675725,420,5,84.0,1.0,5,0.02675725
591,142.251.132.238,200.18.102.102,443,62120,IP,UDP,264.3333333333333,1.361467375,2379,9,264.3333333333333,1.0,9,1.361467375
592,200.18.102.102,142.251.132.238,62120,443,IP,UDP,336.85714285714283,1.805393833333333333333333333,2358,7,336.85714285714283,1.0,7,1.805393833333333333333333333
593,200.18.102.102,200.18.102.1,62376,53,IP,UDP,96.0,0,96,1,96.0,1.0,1,0
594,200.18.102.1,200.18.102.102,53,62376,IP,UDP,192.0,0,192,1,192.0,1.0,1,0
595,200.18.102.102,3.232.104.21,54605,443,IP,TCP,58.0,50.379780,174,3,174.0,3.0,1,0
596,162.159.134.234,200.18.102.102,443,54579,IP,TCP,100.6,32.9969005,503,5,100.6,1.0,5,32.9969005
597,200.18.102.102,142.251.132.10,61344,443,IP,UDP,127.25,0.06550766666666666666666666667,509,4,127.25,1.0,4,0.06550766666666666666666666667
598,142.251.132.10,200.18.102.102,443,61344,IP,UDP,80.33333333333333,0.0786225,241,3,80.33333333333333,1.0,3,0.0786225
599,200.18.102.39,200.18.102.102,56144,5000,IP,UDP,1235.6431057264624,0.0007811556986525720241197052036,66394811,53733,2233.259704002691,1.8073662966700303,29730,0.001411850280870530458474889838
600,200.18.102.102,200.18.102.1,62786,53,IP,UDP,83.0,0,83,1,83.0,1.0,1,0
601,200.18.102.102,200.18.102.1,63530,53,IP,UDP,83.0,0,83,1,83.0,1.0,1,0
602,200.18.102.102,142.251.132.238,65131,443,IP,UDP,635.2727272727273,0.0170945,6988,11,698.8,1.1,10,0.01899388888888888888888888889
603,142.251.132.238,200.18.102.102,443,65131,IP,UDP,430.54545454545456,0.0107937,4736,11,473.6,1.1,10,0.011993
604,200.18.102.1,200.18.102.102,53,62786,IP,UDP,276.0,0,276,1,276.0,1.0,1,0
605,200.18.102.1,200.18.102.102,53,63530,IP,UDP,238.0,0,238,1,238.0,1.0,1,0
606,200.18.102.102,52.204.195.165,54628,443,IP,TCP,56.0,2.0991158,336,6,336.0,6.0,1,0
607,52.204.195.165,200.18.102.102,443,54628,IP,TCP,364.1111111111111,1.267603,3277,9,409.625,1.125,8,1.426419428571428571428571429
608,200.18.102.39,200.18.102.102,33185,5000,IP,UDP,1235.6582880294354,0.0008631840582106829832975028940,59777441,48377,2215.784750537475,1.7932018681888946,26978,0.001547882566630833673128961708
609,3.232.104.21,200.18.102.102,443,54605,IP,TCP,72.5,0.000000,145,2,72.5,1.0,2,0.000000
610,200.18.102.102,200.18.102.1,65127,53,IP,UDP,91.0,0,91,1,91.0,1.0,1,0
611,200.18.102.102,200.18.102.1,59962,53,IP,UDP,91.0,0,91,1,91.0,1.0,1,0
612,200.18.102.1,200.18.102.102,53,65127,IP,UDP,107.0,0,107,1,107.0,1.0,1,0
613,200.18.102.102,172.217.173.74,59514,443,IP,UDP,195.4,0.2622891052631578947368421053,3908,20,205.68421052631578,1.0526315789473684,19,0.2768607222222222222222222222
614,200.18.102.1,200.18.102.102,53,59962,IP,UDP,151.0,0,151,1,151.0,1.0,1,0
615,172.217.173.74,200.18.102.102,443,59514,IP,UDP,247.8,0.2606188421052631578947368421,4956,20,260.8421052631579,1.0526315789473684,19,0.2750976666666666666666666667
616,200.18.102.102,142.251.129.195,58411,443,IP,UDP,443.6666666666667,3.1194725,3993,9,499.125,1.125,8,3.565111428571428571428571429
617,142.251.129.195,200.18.102.102,443,58411,IP,UDP,463.1,0.01190411111111111111111111111,4631,10,514.5555555555555,1.1111111111111112,9,0.013392125
618,200.18.102.102,239.255.255.250,59668,1900,IP,UDP,216.0,1.007818666666666666666666667,864,4,864.0,4.0,1,0
619,200.18.102.102,200.18.102.1,60147,53,IP,UDP,90.0,0,90,1,90.0,1.0,1,0
620,200.18.102.102,200.18.102.1,63797,53,IP,UDP,90.0,0,90,1,90.0,1.0,1,0
621,200.18.102.1,200.18.102.102,53,60147,IP,UDP,197.0,0,197,1,197.0,1.0,1,0
622,200.18.102.102,18.64.207.52,54647,443,IP,TCP,195.6153846153846,20.036184,2543,13,282.55555555555554,1.4444444444444444,9,30.054273
623,200.18.102.1,200.18.102.102,53,63797,IP,UDP,216.0,0,216,1,216.0,1.0,1,0
624,18.64.207.52,200.18.102.102,443,54647,IP,TCP,111.29411764705883,15.026758375,1892,17,172.0,1.5454545454545454,11,24.0290445
625,200.18.102.102,239.255.255.250,63800,1900,IP,UDP,218.0,1.509312,654,3,654.0,3.0,1,0
626,200.18.102.39,200.18.102.102,47946,5000,IP,UDP,1238.6352585310522,0.0007222474571785079593148561273,65517612,52895,2260.475158708253,1.8249723985647253,28984,0.001318090846358209985163716661
627,200.18.102.102,142.251.132.238,50947,443,IP,UDP,532.6363636363636,0.0173618,5859,11,585.9,1.1,10,0.01929088888888888888888888889
628,142.251.132.238,200.18.102.102,443,50947,IP,UDP,416.5833333333333,0.01340545454545454545454545455,4999,12,454.45454545454544,1.0909090909090908,11,0.014746
629,172.217.173.74,200.18.102.102,443,56355,IP,UDP,76.0,1.483799666666666666666666667,304,4,76.0,1.0,4,1.483799666666666666666666667
630,200.18.102.102,172.217.173.74,62922,443,IP,UDP,108.75661375661376,1.131074191489361702127659574,20555,189,326.26984126984127,3.0,63,3.365894080645161290322580645
631,172.217.173.74,200.18.102.102,443,62922,IP,UDP,106.5721649484536,1.101631502590673575129533679,20675,194,304.04411764705884,2.8529411764705883,68,3.114341582089552238805970149
632,200.18.102.102,172.217.173.74,56355,443,IP,UDP,75.5,0.026596,151,2,75.5,1.0,2,0.026596
633,200.18.102.39,200.18.102.102,59418,5000,IP,UDP,1239.0692567118995,0.001169117803271722965795623539,46659631,37657,2229.424769458646,1.7992737350088395,20929,0.002103607607033639143730886850
634,200.18.102.1,200.18.102.102,53,61602,IP,UDP,171.0,0,171,1,171.0,1.0,1,0
635,200.18.102.102,23.37.9.150,54671,80,IP,TCP,146.25,0.024012,585,4,195.0,1.3333333333333333,3,0.036018
636,200.18.102.102,23.37.9.150,54670,80,IP,TCP,125.25,0.01790566666666666666666666667,501,4,167.0,1.3333333333333333,3,0.0268585
637,23.37.9.150,200.18.102.102,80,54671,IP,TCP,192.0,0.0235165,576,3,288.0,1.5,2,0.047033
638,23.37.9.150,200.18.102.102,80,54670,IP,TCP,199.0,0.014352,597,3,298.5,1.5,2,0.028704
639,200.18.102.102,200.18.102.1,60031,53,IP,UDP,71.0,0,71,1,71.0,1.0,1,0
640,200.18.102.102,200.18.102.1,50910,53,IP,UDP,77.0,0,77,1,77.0,1.0,1,0
641,200.18.102.1,200.18.102.102,53,60031,IP,UDP,146.0,0,146,1,146.0,1.0,1,0
642,200.18.102.102,204.79.197.203,54672,443,IP,TCP,79.96153846153847,0.01320564,2079,26,297.0,3.7142857142857144,7,0.05046833333333333333333333333
643,204.79.197.203,200.18.102.102,443,54672,IP,TCP,1037.8867924528302,0.006162192307692307692307692308,55008,53,1719.0,1.65625,32,0.01033658064516129032258064516
644,200.18.102.102,200.133.233.83,50910,53,IP,UDP,77.0,0,77,1,77.0,1.0,1,0
645,200.133.233.83,200.18.102.102,53,50910,IP,UDP,244.0,0,244,1,244.0,1.0,1,0
646,200.18.102.102,2.22.121.218,54673,443,IP,TCP,120.3,0.07432588888888888888888888889,1203,10,171.85714285714286,1.4285714285714286,7,0.1114888333333333333333333333
647,200.18.102.1,200.18.102.102,53,50910,IP,UDP,244.0,0,244,1,244.0,1.0,1,0
648,2.22.121.218,200.18.102.102,443,54673,IP,TCP,701.1818181818181,0.0554097,7713,11,857.0,1.2222222222222223,9,0.069262125
649,200.133.233.83,200.18.102.102,53,55754,IP,UDP,164.0,0,164,1,164.0,1.0,1,0
650,200.18.102.102,54.194.213.128,54677,80,IP,TCP,164.0,0.1210975,820,5,273.3333333333333,1.6666666666666667,3,0.2412405
651,54.194.213.128,200.18.102.102,80,54677,IP,TCP,112.0,0.12027575,560,5,186.66666666666666,1.6666666666666667,3,0.124253
652,200.18.102.1,200.18.102.102,53,55754,IP,UDP,164.0,0.000000,328,2,328.0,2.0,1,0
653,200.18.102.102,54.194.209.120,55755,53,IP,UDP,444.0,0,444,1,444.0,1.0,1,0
654,200.18.102.102,54.194.213.130,55756,53,IP,UDP,444.0,0,444,1,444.0,1.0,1,0
655,34.120.214.181,200.18.102.102,443,56366,IP,UDP,107.0,0.045474,214,2,107.0,1.0,2,0.045474
656,200.18.102.102,34.120.214.181,56366,443,IP,UDP,77.0,0,77,1,77.0,1.0,1,0
657,200.18.102.102,200.18.102.1,55751,53,IP,UDP,102.0,0,102,1,102.0,1.0,1,0
658,200.18.102.1,200.18.102.102,53,55751,IP,UDP,196.0,0,196,1,196.0,1.0,1,0
659,200.18.102.102,20.185.212.106,54686,443,IP,TCP,60.5,145.161646,121,2,60.5,1.0,2,145.161646
660,200.18.102.102,162.159.130.234,54666,443,IP,TCP,66.57142857142857,22.1593175,466,7,116.5,1.75,4,41.41359333333333333333333333
661,162.159.130.234,200.18.102.102,443,54666,IP,TCP,112.42857142857143,22.149798,787,7,112.42857142857143,1.0,7,22.149798
662,200.18.102.102,172.217.173.74,53587,443,IP,UDP,197.5,0.3229293333333333333333333333,3160,16,243.07692307692307,1.2307692307692308,13,0.3837485
663,172.217.173.74,200.18.102.102,443,53587,IP,UDP,295.4375,0.3232451333333333333333333333,4727,16,337.64285714285717,1.1428571428571428,14,0.3543223076923076923076923077
664,200.18.102.39,200.18.102.102,44275,5000,IP,UDP,1238.1883558852298,0.0008958415968698416580057467751,60760379,49072,2273.96627994012,1.8365269461077844,26720,0.001645265279389198697556046259
665,200.18.102.102,239.255.255.250,50878,1900,IP,UDP,216.0,2.020435,432,2,432.0,2.0,1,0
666,200.18.102.102,239.255.255.250,49699,1900,IP,UDP,218.0,0,218,1,218.0,1.0,1,0
667,200.18.102.102,142.251.132.238,64308,443,IP,UDP,569.1379310344828,0.3960903214285714285714285714,16505,29,634.8076923076923,1.1153846153846154,26,0.44362116
668,142.251.132.238,200.18.102.102,443,64308,IP,UDP,319.4642857142857,0.4101021481481481481481481481,8945,28,331.2962962962963,1.037037037037037,27,0.4258753076923076923076923077
669,200.18.102.39,200.18.102.102,34078,5000,IP,UDP,1239.7299337814788,0.001073828755612411267464318860,49425553,39868,2285.9975486795247,1.8439480135053883,21621,0.001980126318223866790009250694
670,200.18.102.102,172.217.173.74,58610,443,IP,UDP,215.64285714285714,0.4320635384615384615384615385,3019,14,232.23076923076923,1.0769230769230769,13,0.4680688333333333333333333333
671,172.217.173.74,200.18.102.102,443,58610,IP,UDP,313.46666666666664,0.3984216428571428571428571429,4702,15,361.6923076923077,1.1538461538461537,13,0.46482525
672,74.208.90.73,200.18.102.102,80,54721,IP,TCP,188.33333333333334,9.0613018,1130,6,282.5,1.5,4,15.10216966666666666666666667
673,200.18.102.102,74.208.90.73,54721,80,IP,TCP,108.77777777777777,5.663306375,979,9,139.85714285714286,1.2857142857142858,7,1.269520666666666666666666667
674,200.18.102.102,200.18.102.1,56873,53,IP,UDP,93.0,0,93,1,93.0,1.0,1,0
675,200.18.102.1,200.18.102.102,53,56873,IP,UDP,242.0,0,242,1,242.0,1.0,1,0
676,200.18.102.102,52.219.94.162,54722,80,IP,TCP,66.0,0,66,1,66.0,1.0,1,0
677,200.18.102.102,34.120.214.181,54684,443,IP,TCP,55.0,45.029360,110,2,110.0,2.0,1,0
678,34.120.214.181,200.18.102.102,443,54684,IP,TCP,66.0,45.028003,132,2,132.0,2.0,1,0
679,20.185.212.106,200.18.102.102,443,54686,IP,TCP,66.0,54.475874,132,2,132.0,2.0,1,0
680,200.18.102.102,52.219.94.162,54728,80,IP,TCP,74.33333333333333,0.0681536,446,6,148.66666666666666,2.0,3,0.1694215
681,52.219.94.162,200.18.102.102,80,54728,IP,TCP,187.0,0.0669012,1122,6,280.5,1.5,4,0.111502
682,200.18.102.102,35.227.12.84,54735,80,IP,TCP,179.0,0.062240,537,3,268.5,1.5,2,0.124480
683,35.227.12.84,200.18.102.102,80,54735,IP,TCP,63.0,0.001862,126,2,126.0,2.0,1,0
684,200.18.102.39,200.18.102.102,40744,5000,IP,UDP,1237.4870790629575,0.0008003465290360365306832116254,67616294,54640,2240.35963023094,1.810410523176833,30181,0.001448977269715043074884029158
685,200.18.102.102,200.18.102.1,64670,53,IP,UDP,75.0,0,75,1,75.0,1.0,1,0
686,200.18.102.102,200.18.102.1,55355,53,IP,UDP,75.0,0,75,1,75.0,1.0,1,0
687,200.18.102.1,200.18.102.102,53,64670,IP,UDP,91.0,0,91,1,91.0,1.0,1,0
688,200.18.102.102,142.251.132.238,52319,443,IP,UDP,401.22222222222223,0.01404125,3611,9,401.22222222222223,1.0,9,0.01404125
689,200.18.102.1,200.18.102.102,53,55355,IP,UDP,125.0,0,125,1,125.0,1.0,1,0
690,200.18.102.102,200.18.102.1,58463,53,IP,UDP,79.0,0,79,1,79.0,1.0,1,0
691,200.18.102.102,200.18.102.1,62044,53,IP,UDP,79.0,0,79,1,79.0,1.0,1,0
692,200.18.102.102,142.251.132.238,51836,443,IP,UDP,670.7241379310345,0.6082408214285714285714285714,19451,29,845.695652173913,1.2608695652173914,23,0.7741246818181818181818181818
693,142.251.132.238,200.18.102.102,443,52319,IP,UDP,646.0,0.009303,5168,8,738.2857142857143,1.1428571428571428,7,0.0108535
694,142.251.132.238,200.18.102.102,443,51836,IP,UDP,313.92,0.7093438333333333333333333333,7848,25,356.72727272727275,1.1363636363636365,22,0.8106786666666666666666666667
695,200.18.102.1,200.18.102.102,53,58463,IP,UDP,95.0,0,95,1,95.0,1.0,1,0
696,200.18.102.102,200.18.102.1,64723,53,IP,UDP,96.0,0,96,1,96.0,1.0,1,0
697,200.18.102.1,200.18.102.102,53,64723,IP,UDP,192.0,0,192,1,192.0,1.0,1,0
698,200.18.102.102,54.160.41.208,54743,443,IP,TCP,181.625,0.08343357142857142857142857143,1453,8,242.16666666666666,1.3333333333333333,6,0.116807
699,54.160.41.208,200.18.102.102,443,54743,IP,TCP,686.5555555555555,0.055291,6179,9,1029.8333333333333,1.5,6,0.0884656
700,200.18.102.102,172.217.173.74,63157,443,IP,UDP,211.5,0.3740580666666666666666666667,3384,16,225.6,1.0666666666666667,15,0.4007765
701,172.217.173.74,200.18.102.102,443,63157,IP,UDP,290.5625,0.3703816,4649,16,309.93333333333334,1.0666666666666667,15,0.3968374285714285714285714286
702,200.18.102.102,142.251.129.195,54804,443,IP,UDP,380.3636363636364,2.4987004,4184,11,418.4,1.1,10,2.776333777777777777777777778
703,142.251.129.195,200.18.102.102,443,54804,IP,UDP,427.27272727272725,2.4960205,4700,11,470.0,1.1,10,2.773356111111111111111111111
704,200.18.102.102,200.18.102.1,53816,53,IP,UDP,89.0,0,89,1,89.0,1.0,1,0
705,200.18.102.1,200.18.102.102,53,53816,IP,UDP,229.0,0,229,1,229.0,1.0,1,0
706,200.18.102.102,13.89.178.26,54756,443,IP,TCP,336.5,0.085665,4711,14,428.27272727272725,1.2727272727272727,11,0.0689088
707,13.89.178.26,200.18.102.102,443,54756,IP,TCP,439.2307692307692,0.0799065,5710,13,571.0,1.3,10,0.106542
708,200.18.102.102,239.255.255.250,54502,1900,IP,UDP,216.0,1.013534666666666666666666667,864,4,864.0,4.0,1,0
709,200.18.102.102,239.255.255.250,54505,1900,IP,UDP,218.0,1.012752,872,4,872.0,4.0,1,0
710,200.18.102.102,200.18.102.1,52086,53,IP,UDP,75.0,0,75,1,75.0,1.0,1,0
711,200.18.102.102,200.18.102.1,56070,53,IP,UDP,75.0,0,75,1,75.0,1.0,1,0
712,200.18.102.1,200.18.102.102,53,52086,IP,UDP,155.0,0,155,1,155.0,1.0,1,0
713,200.18.102.1,200.18.102.102,53,56070,IP,UDP,196.0,0,196,1,196.0,1.0,1,0
714,200.18.102.102,172.64.150.28,62369,443,IP,UDP,572.3333333333334,0.01736018181818181818181818182,6868,12,858.5,1.5,8,0.005651285714285714285714285714
715,172.64.150.28,200.18.102.102,443,62369,IP,UDP,387.0,0.01948166666666666666666666667,3870,10,430.0,1.1111111111111112,9,0.021916875
